intitule_poste,ville,date_publication,mois,contrat,entreprise,source,secteur,competences,experience,exp_min,exp_max
Agents distributeur,zone rurale,2026-04-10,2026-04-01,Non spécifié,Non spécifié,senjob.com,Non spécifié,"vente, finance, santé",Non spécifié,,
Stagiaire Rayonniste,Dakar,2026-04-09,2026-04-01,Non spécifié,Non spécifié,senjob.com,Non spécifié,vente,Non spécifié,,
Caissière,Dakar,2026-04-09,2026-04-01,Non spécifié,Non spécifié,senjob.com,Non spécifié,,Non spécifié,,
Stagiaire IT,Dakar,2026-04-09,2026-04-01,Non spécifié,Non spécifié,senjob.com,Non spécifié,finance,Non spécifié,,
Managing Director Everllence Senegal,Dakar,2026-04-09,2026-04-01,Non spécifié,Non spécifié,senjob.com,Non spécifié,,Non spécifié,,
Commissioning Engineer,Dakar,2026-04-09,2026-04-01,Non spécifié,Non spécifié,senjob.com,Non spécifié,,Non spécifié,,
HR Admin (H/F),Dakar,2026-04-09,2026-04-01,Non spécifié,Non spécifié,senjob.com,Non spécifié,rh,Non spécifié,,
Conseillers commerciaux confirmés et polyvalents,Dakar,2026-04-09,2026-04-01,Non spécifié,Non spécifié,senjob.com,Non spécifié,"communication, finance",Non spécifié,,
Conseillers en Assurance Santé,Dakar,2026-04-09,2026-04-01,Non spécifié,Non spécifié,senjob.com,Non spécifié,"vente, finance, santé",Non spécifié,,
People Operations Specialist (Chargé RH),Dakar,2026-04-09,2026-04-01,Non spécifié,Non spécifié,senjob.com,Non spécifié,"finance, rh, santé",Non spécifié,,
Coordinateurs de Projet,Dakar,2026-04-09,2026-04-01,Non spécifié,Non spécifié,senjob.com,Non spécifié,"data analyse, rh, santé, gestion de projet",2,2.0,2.0
Spécialiste de l’Aviation Civile,Dakar,2026-04-09,2026-04-01,Non spécifié,Non spécifié,senjob.com,Non spécifié,,Non spécifié,,
Conseillers Client Service Client – Français & Anglais,Dakar,2026-04-09,2026-04-01,Non spécifié,Non spécifié,senjob.com,Non spécifié,,Non spécifié,,
Conseillers Client Télévente,Dakar,2026-04-09,2026-04-01,Non spécifié,Non spécifié,senjob.com,Non spécifié,"vente, santé",Non spécifié,,
Chargé(e) du budget et de la planification des ressources,Dakar,2026-04-09,2026-04-01,Non spécifié,Non spécifié,senjob.com,Non spécifié,gestion de projet,Non spécifié,,
Chauffeur VTC,Dakar,2026-04-09,2026-04-01,Non spécifié,Non spécifié,senjob.com,Non spécifié,"finance, logistique",3,3.0,3.0
Stagiaire comptable,Dakar,2026-04-09,2026-04-01,Non spécifié,Non spécifié,senjob.com,Non spécifié,finance,Non spécifié,,
Responsable des ventes,Dakar,2026-04-09,2026-04-01,Non spécifié,Non spécifié,senjob.com,Non spécifié,"vente, finance",Non spécifié,,
Comptable Confirmé,Dakar,2026-04-09,2026-04-01,Non spécifié,Non spécifié,senjob.com,Non spécifié,finance,4,4.0,4.0
Chauffeurs de pick-up,Dakar,2026-04-09,2026-04-01,Non spécifié,Non spécifié,senjob.com,Non spécifié,finance,4,4.0,4.0
Ferronnier/ Métallier Confirmé,Dakar,2026-04-09,2026-04-01,Non spécifié,Non spécifié,senjob.com,Non spécifié,,5,5.0,5.0
Agent technique Expert en Montage de Chapiteaux,Dakar,2026-04-09,2026-04-01,Non spécifié,Non spécifié,senjob.com,Non spécifié,finance,Non spécifié,,
APPEL D'OFFRE / Fourniture de kits d'hygiène menstruelle,Ziguinchor,2026-03-30,2026-03-01,Non spécifié,Non spécifié,senjob.com,Non spécifié,"gestion de projet, programmation",Non spécifié,,
Développeur Fullstack Java/Vue js,Dakar,2026-04-01,2026-04-01,CDI,Non spécifié,senjob.com,Non spécifié,"vente, communication, programmation",Non spécifié,,
Commercial terrain,Dakar,2026-04-08,2026-04-01,Non spécifié,Non spécifié,senjob.com,Non spécifié,"vente, finance",Non spécifié,,
Closer / Setter (Commercial sur les Réseaux Sociaux),Dakar,2026-04-08,2026-04-01,Non spécifié,Non spécifié,senjob.com,Non spécifié,"vente, communication",Non spécifié,,
Tailleur ou Couturière,Dakar,2026-04-08,2026-04-01,Non spécifié,Non spécifié,senjob.com,Non spécifié,finance,Non spécifié,,
Vidéaste,Dakar,2026-04-08,2026-04-01,Non spécifié,Non spécifié,senjob.com,Non spécifié,"finance, marketing",Non spécifié,,
Créateur de contenu / Vlog / Journalisme,Dakar,2026-04-08,2026-04-01,Non spécifié,Non spécifié,senjob.com,Non spécifié,"gestion de projet, marketing",Non spécifié,,
Stagiaire Analyste Carbone,Dakar,2026-04-08,2026-04-01,Non spécifié,Non spécifié,senjob.com,Non spécifié,finance,Non spécifié,,
Responsable National Multimédia et Contenus Numériques,Dakar,2026-04-08,2026-04-01,Non spécifié,Non spécifié,senjob.com,Non spécifié,communication,Non spécifié,,
Stagiaire Archiviste Financier,Dakar,2026-04-08,2026-04-01,Non spécifié,Non spécifié,senjob.com,Non spécifié,finance,Non spécifié,,
Chargé d’Approvisionnement,Dakar,2026-04-08,2026-04-01,Non spécifié,Non spécifié,senjob.com,Non spécifié,logistique,Non spécifié,,
Country Growth Operations Lead,Dakar,2026-04-08,2026-04-01,Non spécifié,Non spécifié,senjob.com,Non spécifié,,Non spécifié,,
Ingénieur Traitement de l’Eau – Optimisation Énergétique,Dakar,2026-04-08,2026-04-01,Non spécifié,Non spécifié,senjob.com,Non spécifié,data analyse,Non spécifié,,
Coordinateur Hub Innovation – Afrique de l’Ouest,Dakar,2026-04-08,2026-04-01,Non spécifié,Non spécifié,senjob.com,Non spécifié,,Non spécifié,,
Assistant RH,Dakar,2026-04-08,2026-04-01,Non spécifié,Non spécifié,senjob.com,Non spécifié,,Non spécifié,,
Stage En ligne sur la fonction Évaluation,Dakar,2026-04-08,2026-04-01,Non spécifié,Non spécifié,senjob.com,Non spécifié,communication,Non spécifié,,
Assistant(e) Administratif(ve) et Comptable Bilingue,Dakar,2026-04-08,2026-04-01,Non spécifié,Non spécifié,senjob.com,Non spécifié,"finance, communication",Non spécifié,,
Consultant (e) en analyse des politiques éducatives,Dakar,2026-04-08,2026-04-01,Non spécifié,Non spécifié,senjob.com,Non spécifié,"finance, gestion de projet",Non spécifié,,
Superviseur des cultures et des contrats d’achat (H/F),Dakar,2026-04-08,2026-04-01,Non spécifié,Non spécifié,senjob.com,Non spécifié,"vente, finance, gestion de projet",Non spécifié,,
Regional Program Manager,Dakar,2026-04-08,2026-04-01,Non spécifié,Non spécifié,senjob.com,Non spécifié,,Non spécifié,,
Manager Ressources Humaines – SAO (H/F),Dakar,2026-04-08,2026-04-01,Non spécifié,Non spécifié,senjob.com,Non spécifié,,Non spécifié,,
Crédit Manager,Dakar,2026-04-08,2026-04-01,Non spécifié,Non spécifié,senjob.com,Non spécifié,"finance, communication, santé",Non spécifié,,
Superviseur de Caisse,Dakar,2026-04-08,2026-04-01,Non spécifié,Non spécifié,senjob.com,Non spécifié,"vente, finance",Non spécifié,,
Chef de Garage,Dakar,2026-04-08,2026-04-01,Non spécifié,Non spécifié,senjob.com,Non spécifié,finance,7,7.0,7.0
Docteur en pharmacie,Dakar,2026-04-08,2026-04-01,Non spécifié,Non spécifié,senjob.com,Non spécifié,finance,Non spécifié,,
Chef de secteur junior,Dakar,2026-04-08,2026-04-01,Non spécifié,Non spécifié,senjob.com,Non spécifié,"vente, marketing, finance",2,2.0,2.0
Responsable de Compétences (RC),Dakar,2026-04-08,2026-04-01,Non spécifié,Non spécifié,senjob.com,Non spécifié,"vente, communication, rh, gestion de projet",Non spécifié,,
Chargé de communication,Mbour,2026-04-08,2026-04-01,CDD,Non spécifié,senjob.com,Non spécifié,"communication, finance, marketing, gestion de projet",Non spécifié,,
Consultant Support FAI avec expertise N1,Dakar,2026-03-31,2026-03-01,Non spécifié,Non spécifié,senjob.com,Non spécifié,communication,Non spécifié,,
Stage en comptabilité,Dakar,2026-04-07,2026-04-01,Non spécifié,Non spécifié,senjob.com,Non spécifié,finance,Non spécifié,,
Commerciale Terrain,Dakar,2026-04-07,2026-04-01,Non spécifié,Non spécifié,senjob.com,Non spécifié,"vente, communication, finance",Non spécifié,,
Stagiaire Déclarant en Douane,Dakar,2026-04-07,2026-04-01,Non spécifié,Non spécifié,senjob.com,Non spécifié,,Non spécifié,,
Auditeur Confirmé,Dakar,2026-04-07,2026-04-01,Non spécifié,Non spécifié,senjob.com,Non spécifié,finance,2-4,2.0,4.0
Deux (02) Auditeurs Seniors,Dakar,2026-04-07,2026-04-01,Non spécifié,Non spécifié,senjob.com,Non spécifié,finance,3-5,3.0,5.0
Consultant·e pour la conception du Tostan Junior Program,Dakar,2026-04-07,2026-04-01,Non spécifié,Non spécifié,senjob.com,Non spécifié,,Non spécifié,,
Enquêteurs,Dakar,2026-04-07,2026-04-01,Non spécifié,Non spécifié,senjob.com,Non spécifié,"finance, data analyse",Non spécifié,,
Ingénieurs Statisticiens,Dakar,2026-04-07,2026-04-01,Non spécifié,Non spécifié,senjob.com,Non spécifié,"visualisation de données, finance, data analyse",Non spécifié,,
Chauffeur Bilingue,Dakar,2026-04-07,2026-04-01,Non spécifié,Non spécifié,senjob.com,Non spécifié,finance,1-2,1.0,2.0
Business Developer – Merchant Payments,Dakar,2026-04-07,2026-04-01,Non spécifié,Non spécifié,senjob.com,Non spécifié,"finance, vente",Non spécifié,,
Coordinateur de Projet,Dakar,2026-04-07,2026-04-01,Non spécifié,Non spécifié,senjob.com,Non spécifié,"finance, gestion de projet",Non spécifié,,
Graphique Designer Senior,Dakar,2026-04-07,2026-04-01,Non spécifié,Non spécifié,senjob.com,Non spécifié,"communication, marketing, gestion de projet",Non spécifié,,
Responsable des Operations,Thiès,2026-04-07,2026-04-01,Non spécifié,Non spécifié,senjob.com,Non spécifié,"communication, gestion de projet",Non spécifié,,
Spécialiste en Communication,Dakar,2026-04-07,2026-04-01,Non spécifié,Non spécifié,senjob.com,Non spécifié,"communication, gestion de projet",Non spécifié,,
Chief Of Staff,Dakar,2026-04-07,2026-04-01,Non spécifié,Non spécifié,senjob.com,Non spécifié,communication,Non spécifié,,
Traducteurs professionnels,Dakar,2026-04-07,2026-04-01,Non spécifié,Non spécifié,senjob.com,Non spécifié,finance,Non spécifié,,
Responsable Commercial.e & Partenariats (Part-time) – UBB,Dakar,2026-04-07,2026-04-01,Non spécifié,Non spécifié,senjob.com,Non spécifié,"programmation, vente",Non spécifié,,
Nounou et Chef Cuisinière Expérimentées,Dakar,2026-04-07,2026-04-01,Non spécifié,Non spécifié,senjob.com,Non spécifié,,Non spécifié,,
10 Business Developers,Dakar,2026-04-07,2026-04-01,Non spécifié,Non spécifié,senjob.com,Non spécifié,"finance, vente",Non spécifié,,
Chauffeurs Taxi Particuliers,Dakar,2026-04-07,2026-04-01,Non spécifié,Non spécifié,senjob.com,Non spécifié,"finance, logistique",Non spécifié,,
Caissier h/f,Dakar,2026-04-03,2026-04-01,Non spécifié,Non spécifié,senjob.com,Non spécifié,"vente, finance",Non spécifié,,
Chef patissier h/f,Dakar,2026-04-03,2026-04-01,Non spécifié,Non spécifié,senjob.com,Non spécifié,finance,Non spécifié,,
Télétravail - placement auprès d'entreprises internationales,Dakar,2026-03-30,2026-03-01,CDD,Non spécifié,senjob.com,Non spécifié,"vente, marketing, finance, gestion de projet",Non spécifié,,
Consultant Support FAI,Dakar,2026-03-26,2026-03-01,Non spécifié,Non spécifié,senjob.com,Non spécifié,communication,Non spécifié,,
Femme de Ménage Qualifiée,Dakar,2026-04-06,2026-04-01,Non spécifié,Non spécifié,senjob.com,Non spécifié,finance,Non spécifié,,
Gérante Cuisinière,Thiès,2026-04-06,2026-04-01,Non spécifié,Non spécifié,senjob.com,Non spécifié,finance,Non spécifié,,
"Expert BTP, Spécialisé en Génie Maritime/Côtier",Dakar,2026-04-06,2026-04-01,Non spécifié,Non spécifié,senjob.com,Non spécifié,finance,Non spécifié,,
Expert en Modélisation Numérique Appliquée au Milieu Marin Côtier,Dakar,2026-04-06,2026-04-01,Non spécifié,Non spécifié,senjob.com,Non spécifié,gestion de projet,8,8.0,8.0
Business Developer freelance — Apporteur d’affaires,Dakar,2026-04-06,2026-04-01,Non spécifié,Non spécifié,senjob.com,Non spécifié,"vente, gestion de projet, programmation",Non spécifié,,
Gestionnaire Site Web & Réseaux Sociaux,Dakar,2026-04-06,2026-04-01,Non spécifié,Non spécifié,senjob.com,Non spécifié,"communication, marketing",Non spécifié,,
Stagiaire Commerciale,Dakar,2026-04-06,2026-04-01,Non spécifié,Non spécifié,senjob.com,Non spécifié,"finance, vente",Non spécifié,,
Conseillers Commerciaux (Free Télécom),Dakar,2026-04-06,2026-04-01,Non spécifié,Non spécifié,senjob.com,Non spécifié,"vente, finance",Non spécifié,,
Chargé de domaine de formation « Secteurs bancaire et financier »,Dakar,2026-04-06,2026-04-01,Non spécifié,Non spécifié,senjob.com,Non spécifié,finance,Non spécifié,,
Opérateur de maintenance du patrimoine,Dakar,2026-04-06,2026-04-01,Non spécifié,Non spécifié,senjob.com,Non spécifié,communication,2,2.0,2.0
Chargé de la réglementation des systèmes et moyens de paiement,Dakar,2026-04-06,2026-04-01,Non spécifié,Non spécifié,senjob.com,Non spécifié,"communication, finance, gestion de projet",2,2.0,2.0
Gestionnaire des incidents et des demandes d’assistance,Dakar,2026-04-06,2026-04-01,Non spécifié,Non spécifié,senjob.com,Non spécifié,"communication, finance",2,2.0,2.0
Gestionnaire d’opérations financières,Dakar,2026-04-06,2026-04-01,Non spécifié,Non spécifié,senjob.com,Non spécifié,finance,Non spécifié,,
Chargé d’études en organisation,Dakar,2026-04-06,2026-04-01,Non spécifié,Non spécifié,senjob.com,Non spécifié,"gestion de projet, finance",Non spécifié,,
Chargé des projets de communication,Dakar,2026-04-06,2026-04-01,Non spécifié,Non spécifié,senjob.com,Non spécifié,"communication, finance, marketing, gestion de projet",Non spécifié,,
"Senior Malaria Advisor, DOS LEAP Global – Senegal",Dakar,2026-04-04,2026-04-01,Non spécifié,Non spécifié,senjob.com,Non spécifié,,Non spécifié,,
Business Development Director – Senegal,Dakar,2026-04-04,2026-04-01,Non spécifié,Non spécifié,senjob.com,Non spécifié,vente,Non spécifié,,
Directeur Clinique,Dakar,2026-04-04,2026-04-01,Non spécifié,Non spécifié,senjob.com,Non spécifié,"gestion de projet, santé",Non spécifié,,
Responsable Spa,Dakar,2026-04-04,2026-04-01,Non spécifié,Non spécifié,senjob.com,Non spécifié,"finance, vente",Non spécifié,,
GEF Projects Sub-Regional Coordinator,Dakar,2026-04-04,2026-04-01,Non spécifié,Non spécifié,senjob.com,Non spécifié,communication,Non spécifié,,
Ingénieur Projet,Dakar,2026-04-04,2026-04-01,Non spécifié,Non spécifié,senjob.com,Non spécifié,"logistique, gestion de projet",Non spécifié,,
Professeur du Second Degré – Arts Plastiques-Français,Dakar,2026-04-04,2026-04-01,Non spécifié,Non spécifié,senjob.com,Non spécifié,,Non spécifié,,
Coordinateur Pédagogique,Dakar,2026-04-04,2026-04-01,Non spécifié,Non spécifié,senjob.com,Non spécifié,"communication, gestion de projet",Non spécifié,,
Comptable,Dakar,2026-04-04,2026-04-01,Non spécifié,Non spécifié,senjob.com,Non spécifié,finance,2-3,2.0,3.0
Stage subventionné pour jeunes diplômés au sein de la Délégation de l’UE au Sénégal,Dakar,2026-04-04,2026-04-01,Non spécifié,Non spécifié,senjob.com,Non spécifié,"communication, marketing",Non spécifié,,
Chargé(e) de la Relation Client,Dakar,2026-04-03,2026-04-01,Non spécifié,Non spécifié,senjob.com,Non spécifié,"marketing, vente, communication, finance",Non spécifié,,
Chargé(e) de Financement,Dakar,2026-04-03,2026-04-01,Non spécifié,Non spécifié,senjob.com,Non spécifié,"finance, gestion de projet",Non spécifié,,
Technicien Bâtiment H/F,Dakar,2026-04-03,2026-04-01,Non spécifié,Non spécifié,senjob.com,Non spécifié,gestion de projet,3,3.0,3.0
Ingénieur Bâtiment,Dakar,2026-04-03,2026-04-01,Non spécifié,Non spécifié,senjob.com,Non spécifié,"communication, gestion de projet",5,5.0,5.0
Responsable Conformité,Dakar,2026-04-03,2026-04-01,Non spécifié,Non spécifié,senjob.com,Non spécifié,finance,Non spécifié,,
Adjoint/ Adjointe à la sécurité,Dakar,2026-04-03,2026-04-01,Non spécifié,Non spécifié,senjob.com,Non spécifié,,Non spécifié,,
Pricing and Quoting Intern Apprentice West Africa,Dakar,2026-04-03,2026-04-01,Non spécifié,Non spécifié,senjob.com,Non spécifié,"finance, logistique",Non spécifié,,
Manufacturing Team Leader,Dakar,2026-04-03,2026-04-01,Non spécifié,Non spécifié,senjob.com,Non spécifié,,Non spécifié,,
"Stagiaire Suivi, Évaluation et Apprentissage",Dakar,2026-04-03,2026-04-01,Non spécifié,Non spécifié,senjob.com,Non spécifié,"visualisation de données, data analyse",Non spécifié,,
Responsable des Finances et de l’Administration,Dakar,2026-04-03,2026-04-01,Non spécifié,Non spécifié,senjob.com,Non spécifié,"finance, logistique",Non spécifié,,
Développeur Sénior,Dakar,2026-04-03,2026-04-01,Non spécifié,Non spécifié,senjob.com,Non spécifié,"programmation, gestion de projet",Non spécifié,,
Chef(fe) des Services Administratifs (CSA),Dakar,2026-04-03,2026-04-01,Non spécifié,Non spécifié,senjob.com,Non spécifié,finance,7,7.0,7.0
Restaurant Manager,Dakar,2026-04-03,2026-04-01,Non spécifié,Non spécifié,senjob.com,Non spécifié,vente,Non spécifié,,
Téléconseiller en prise de RDV B2B,Dakar,2026-04-03,2026-04-01,Non spécifié,Non spécifié,senjob.com,Non spécifié,finance,3-5,3.0,5.0
Techniciennes de Surface,Dakar,2026-04-03,2026-04-01,Non spécifié,Non spécifié,senjob.com,Non spécifié,finance,Non spécifié,,
Community Manager,Dakar,2026-04-03,2026-04-01,Non spécifié,Non spécifié,senjob.com,Non spécifié,"marketing, communication, logistique",Non spécifié,,
Formation Tech Academy et Recrutement JOJ2026,Dakar,2026-04-03,2026-04-01,Non spécifié,Non spécifié,senjob.com,Non spécifié,finance,Non spécifié,,
Economic Specialist,Dakar,2026-04-02,2026-04-01,Non spécifié,Non spécifié,senjob.com,Non spécifié,,Non spécifié,,
Chauffeur,Dakar,2026-04-02,2026-04-01,Non spécifié,Non spécifié,senjob.com,Non spécifié,finance,Non spécifié,,
Agent de Sécurité,Dakar,2026-04-02,2026-04-01,Non spécifié,Non spécifié,senjob.com,Non spécifié,finance,Non spécifié,,
Acheteur,Dakar,2026-04-02,2026-04-01,Non spécifié,Non spécifié,senjob.com,Non spécifié,logistique,Non spécifié,,
Chargé de Pilotage & Performance,Dakar,2026-04-02,2026-04-01,Non spécifié,Non spécifié,senjob.com,Non spécifié,"finance, data analyse, gestion de projet",Non spécifié,,
Responsable de Zone,Dakar,2026-04-02,2026-04-01,Non spécifié,Non spécifié,senjob.com,Non spécifié,"vente, marketing",5-8,5.0,8.0
Directeur (trice) artistique,Dakar,2026-04-02,2026-04-01,Non spécifié,Non spécifié,senjob.com,Non spécifié,"communication, gestion de projet",Non spécifié,,
Chef de publicité,Dakar,2026-04-02,2026-04-01,Non spécifié,Non spécifié,senjob.com,Non spécifié,"marketing, communication, gestion de projet",Non spécifié,,
Content Manager,Dakar,2026-04-02,2026-04-01,Non spécifié,Non spécifié,senjob.com,Non spécifié,marketing,Non spécifié,,
Pompiste,Dakar,2026-04-02,2026-04-01,Non spécifié,Non spécifié,senjob.com,Non spécifié,finance,Non spécifié,,
Technicien de baie,Thiès,2026-04-02,2026-04-01,Non spécifié,Non spécifié,senjob.com,Non spécifié,finance,Non spécifié,,
Rayonniste,Dakar,2026-04-02,2026-04-01,Non spécifié,Non spécifié,senjob.com,Non spécifié,finance,Non spécifié,,
Caissier,Dakar,2026-04-02,2026-04-01,Non spécifié,Non spécifié,senjob.com,Non spécifié,"vente, finance",Non spécifié,,
Laveur,Thiès,2026-04-02,2026-04-01,Non spécifié,Non spécifié,senjob.com,Non spécifié,finance,Non spécifié,,
Gérant de boutique,Dakar,2026-04-02,2026-04-01,Non spécifié,Non spécifié,senjob.com,Non spécifié,"vente, finance",Non spécifié,,
Gérant de station,Thiès,2026-04-02,2026-04-01,Non spécifié,Non spécifié,senjob.com,Non spécifié,finance,Non spécifié,,
Commis Administratif,Dakar,2026-04-02,2026-04-01,Non spécifié,Non spécifié,senjob.com,Non spécifié,,Non spécifié,,
Public Engagement Assistant,Dakar,2026-04-01,2026-04-01,Non spécifié,Non spécifié,senjob.com,Non spécifié,"marketing, communication",Non spécifié,,
Télévendeurs en conquête mobile/marché français,Dakar,2026-04-01,2026-04-01,Non spécifié,Non spécifié,senjob.com,Non spécifié,"vente, communication, finance, gestion de projet",Non spécifié,,
Responsable Pédagogique,Dakar,2026-04-01,2026-04-01,Non spécifié,Non spécifié,senjob.com,Non spécifié,gestion de projet,Non spécifié,,
Technicien Electromécanicien,Dakar,2026-04-01,2026-04-01,Non spécifié,Non spécifié,senjob.com,Non spécifié,finance,Non spécifié,,
Commercial B2B,Dakar,2026-04-01,2026-04-01,Non spécifié,Non spécifié,senjob.com,Non spécifié,"vente, marketing, communication",3,3.0,3.0
Cuisinière professionnelle,Dakar,2026-04-01,2026-04-01,Non spécifié,Non spécifié,senjob.com,Non spécifié,finance,Non spécifié,,
Assistant.e au primaire bilingue,Dakar,2026-04-01,2026-04-01,Non spécifié,Non spécifié,senjob.com,Non spécifié,finance,Non spécifié,,
Agent Enquêteur,Dakar,2026-04-01,2026-04-01,Non spécifié,Non spécifié,senjob.com,Non spécifié,"communication, data analyse",Non spécifié,,
Commerciaux,Dakar,2026-04-01,2026-04-01,Non spécifié,Non spécifié,senjob.com,Non spécifié,finance,Non spécifié,,
Business Analyst,Dakar,2026-04-01,2026-04-01,Non spécifié,Non spécifié,senjob.com,Non spécifié,,Non spécifié,,
Enseignant Bilingue,Dakar,2026-04-01,2026-04-01,Non spécifié,Non spécifié,senjob.com,Non spécifié,finance,Non spécifié,,
Chargé(e) de Trade Marketing,Dakar,2026-04-01,2026-04-01,Non spécifié,Non spécifié,senjob.com,Non spécifié,"marketing, vente, communication, programmation, data analyse, logistique",Non spécifié,,
Contrôleur de Gestion,Dakar,2026-04-01,2026-04-01,Non spécifié,Non spécifié,senjob.com,Non spécifié,,Non spécifié,,
Chef de la sécurité,Thiès,2026-04-01,2026-04-01,Non spécifié,Non spécifié,senjob.com,Non spécifié,rh,Non spécifié,,
Emerging Leaders Trainee Programme,Dakar,2026-04-01,2026-04-01,Non spécifié,Non spécifié,senjob.com,Non spécifié,,Non spécifié,,
"Assistant(e) administratif(ve), achats et comptabilité",Dakar,2026-04-01,2026-04-01,Non spécifié,Non spécifié,senjob.com,Non spécifié,"gestion de projet, rh, finance",Non spécifié,,
Assistant(e) de Direction,Dakar,2026-04-01,2026-04-01,Non spécifié,Non spécifié,senjob.com,Non spécifié,"logistique, communication",Non spécifié,,
Chargé de Suivi-Évaluation,Dakar,2026-04-01,2026-04-01,Non spécifié,Non spécifié,senjob.com,Non spécifié,"gestion de projet, santé",Non spécifié,,
Chauffeur Livreur Tricycle (Moto 3 roues),Dakar,2026-04-01,2026-04-01,Non spécifié,Non spécifié,senjob.com,Non spécifié,"finance, logistique",Non spécifié,,
Stagiaire en Droit,Dakar,2026-04-01,2026-04-01,Non spécifié,Non spécifié,senjob.com,Non spécifié,communication,Non spécifié,,
Coordinateur.rice régional.e pédagogique Afrique,Dakar,2026-04-01,2026-04-01,Non spécifié,Non spécifié,senjob.com,Non spécifié,"communication, gestion de projet",Non spécifié,,
Responsable Fiscalité et Conformité,Dakar,2026-04-01,2026-04-01,Non spécifié,Non spécifié,senjob.com,Non spécifié,finance,Non spécifié,,
Chauffeur Paferceau/O Wood,Dakar,2026-04-01,2026-04-01,Non spécifié,Non spécifié,senjob.com,Non spécifié,"logistique, gestion de projet",Non spécifié,,
Agent de Support Client H/F,Dakar,2026-03-31,2026-03-01,Non spécifié,Non spécifié,senjob.com,Non spécifié,finance,Non spécifié,,
consultant Expert Socio ou Agroéconomiste,Dakar,2026-03-31,2026-03-01,Non spécifié,Non spécifié,senjob.com,Non spécifié,"communication, data analyse, gestion de projet",5,5.0,5.0
Responsable Atelier Mécanique et Coordination,Dakar,2026-03-31,2026-03-01,Non spécifié,Non spécifié,senjob.com,Non spécifié,gestion de projet,Non spécifié,,
Commercial Sédentaire / Téléprospecteur (H/F),Dakar,2026-03-31,2026-03-01,Non spécifié,Non spécifié,senjob.com,Non spécifié,"vente, programmation",Non spécifié,,
Responsable de Production Extursion,Dakar,2026-03-31,2026-03-01,Non spécifié,Non spécifié,senjob.com,Non spécifié,,5-7,5.0,7.0
Project Manager,Dakar,2026-03-31,2026-03-01,Non spécifié,Non spécifié,senjob.com,Non spécifié,gestion de projet,Non spécifié,,
Aide Gouvernante,Dakar,2026-03-31,2026-03-01,Non spécifié,Non spécifié,senjob.com,Non spécifié,finance,Non spécifié,,
Maitre d’Hotel,Dakar,2026-03-31,2026-03-01,Non spécifié,Non spécifié,senjob.com,Non spécifié,finance,3,3.0,3.0
Agents de nettoyage,Dakar,2026-03-31,2026-03-01,Non spécifié,Non spécifié,senjob.com,Non spécifié,finance,Non spécifié,,
Assistant Caissier et commercial,Dakar,2026-03-31,2026-03-01,Non spécifié,Non spécifié,senjob.com,Non spécifié,vente,Non spécifié,,
Assistante Commerciale résidante à Tambacounda,Tambacounda,2026-03-31,2026-03-01,Non spécifié,Non spécifié,senjob.com,Non spécifié,"vente, finance",Non spécifié,,
Global Assurance Manager,Dakar,2026-03-30,2026-03-01,Non spécifié,Non spécifié,senjob.com,Non spécifié,communication,Non spécifié,,
Superviseur Génie Civil,Dakar,2026-03-30,2026-03-01,Non spécifié,Non spécifié,senjob.com,Non spécifié,"communication, gestion de projet",Non spécifié,,
Assistant de passation de marchés,Dakar,2026-03-30,2026-03-01,Non spécifié,Non spécifié,senjob.com,Non spécifié,"gestion de projet, finance",Non spécifié,,
Référent.e Maladies Non Transmissibles,Dakar,2026-03-30,2026-03-01,Non spécifié,Non spécifié,senjob.com,Non spécifié,"programmation, rh, santé, gestion de projet",Non spécifié,,
Assistant(e) Administratif(ve) et Qualité,Dakar,2026-03-30,2026-03-01,Non spécifié,Non spécifié,senjob.com,Non spécifié,finance,Non spécifié,,
Agent Assurance Qualité / Contrôle Qualité,Dakar,2026-03-30,2026-03-01,Non spécifié,Non spécifié,senjob.com,Non spécifié,"finance, gestion de projet",Non spécifié,,
Expert-Comptable,Dakar,2026-03-30,2026-03-01,Non spécifié,Non spécifié,senjob.com,Non spécifié,"finance, gestion de projet",Non spécifié,,
Regional Infrastructure Advisor,Dakar,2026-03-30,2026-03-01,Non spécifié,Non spécifié,senjob.com,Non spécifié,,Non spécifié,,
Internal Auditor,Dakar,2026-03-30,2026-03-01,Non spécifié,Non spécifié,senjob.com,Non spécifié,,Non spécifié,,
Cash-Based Interventions Officer,Dakar,2026-03-30,2026-03-01,Non spécifié,Non spécifié,senjob.com,Non spécifié,,Non spécifié,,
Livreur,Dakar,2026-03-30,2026-03-01,Non spécifié,Non spécifié,senjob.com,Non spécifié,,Non spécifié,,
Conducteur Travaux CVCD & Plomberie,Dakar,2026-03-30,2026-03-01,Non spécifié,Non spécifié,senjob.com,Non spécifié,finance,7,7.0,7.0
Bilingual HR Operations,Dakar,2026-03-30,2026-03-01,Non spécifié,Non spécifié,senjob.com,Non spécifié,"finance, gestion de projet",Non spécifié,,
Ingénieur Génie Civil Bilingue,Saint-Louis,2026-03-30,2026-03-01,Non spécifié,Non spécifié,senjob.com,Non spécifié,"finance, gestion de projet",Non spécifié,,
Ferrailleurs,Dakar,2026-03-30,2026-03-01,Non spécifié,Non spécifié,senjob.com,Non spécifié,"finance, gestion de projet",Non spécifié,,
Stagiaire Communication & Marketing Digital,Dakar,2026-03-30,2026-03-01,Non spécifié,Non spécifié,senjob.com,Non spécifié,"marketing, vente, communication, programmation",Non spécifié,,
Commercial Terrain (H/F),Dakar,2026-03-30,2026-03-01,Non spécifié,Non spécifié,senjob.com,Non spécifié,"vente, marketing, finance",5-7,5.0,7.0
"Stagiaires Développeurs Frontend, Backend & Web/Mobile (H/F)",Dakar,2026-03-30,2026-03-01,Non spécifié,Non spécifié,senjob.com,Non spécifié,"visualisation de données, programmation, gestion de projet, data analyse",Non spécifié,,
Commercial ERP / Odoo (H/F),Dakar,2026-03-30,2026-03-01,Non spécifié,Non spécifié,senjob.com,Non spécifié,vente,Non spécifié,,
Regional Business Development Director – West and Central Africa,Dakar,2026-03-29,2026-03-01,Non spécifié,Non spécifié,senjob.com,Non spécifié,"finance, vente",Non spécifié,,
Référent.e Maladies Non Transmissibles F/H,Dakar,2026-03-29,2026-03-01,Non spécifié,Non spécifié,senjob.com,Non spécifié,"programmation, rh, santé, gestion de projet",Non spécifié,,
Tailleur Costume sur mesure,Dakar,2026-03-29,2026-03-01,Non spécifié,Non spécifié,senjob.com,Non spécifié,finance,Non spécifié,,
Conducteur Travaux CVCD & plomberie,Dakar,2026-03-29,2026-03-01,Non spécifié,Non spécifié,senjob.com,Non spécifié,finance,7,7.0,7.0
Agent transit,Dakar,2026-03-27,2026-03-01,Non spécifié,Non spécifié,senjob.com,Non spécifié,,Non spécifié,,
"Directeur(rice) Technique pour la santé maternelle, Néonatale et infantile et Nutrition",Dakar,2026-03-27,2026-03-01,Non spécifié,Non spécifié,senjob.com,Non spécifié,"marketing, communication, santé, gestion de projet",Non spécifié,,
M&E Officer,Dakar,2026-03-27,2026-03-01,Non spécifié,Non spécifié,senjob.com,Non spécifié,"gestion de projet, santé",Non spécifié,,
Directeur Exécutif des Vaccins et de Bioproduction (CVO),Dakar,2026-03-27,2026-03-01,Non spécifié,Non spécifié,senjob.com,Non spécifié,data analyse,Non spécifié,,
Responsable régional,Dakar,2026-03-27,2026-03-01,Non spécifié,Non spécifié,senjob.com,Non spécifié,"finance, rh",Non spécifié,,
Regional Business Development Director,Dakar,2026-03-27,2026-03-01,Non spécifié,Non spécifié,senjob.com,Non spécifié,"finance, vente",Non spécifié,,
Chargé de support technique,Dakar,2026-03-27,2026-03-01,Non spécifié,Non spécifié,senjob.com,Non spécifié,"finance, data analyse, gestion de projet",Non spécifié,,
Ui/ux designer,Dakar,2026-03-27,2026-03-01,Non spécifié,Non spécifié,senjob.com,Non spécifié,,Non spécifié,,
Chargé(e) de Support Administratif,Dakar,2026-03-27,2026-03-01,Non spécifié,Non spécifié,senjob.com,Non spécifié,"finance, communication",Non spécifié,,
Assistant des Achats et de la Logistique,Dakar,2026-03-27,2026-03-01,Non spécifié,Non spécifié,senjob.com,Non spécifié,"logistique, santé",Non spécifié,,
Technicien Support Informatique,Dakar,2026-03-27,2026-03-01,Non spécifié,Non spécifié,senjob.com,Non spécifié,santé,Non spécifié,,
Gérante institut de beauté soins et bien être,Dakar,2026-03-27,2026-03-01,Non spécifié,Non spécifié,senjob.com,Non spécifié,"vente, communication, finance, marketing",Non spécifié,,
Qualiticien Terrain,Dakar,2026-03-27,2026-03-01,Non spécifié,Non spécifié,senjob.com,Non spécifié,,Non spécifié,,
Comptable & Assistant(e) administratif(ve),Dakar,2026-03-26,2026-03-01,Non spécifié,Non spécifié,senjob.com,Non spécifié,finance,Non spécifié,,
Responsable Commercial,Dakar,2026-03-26,2026-03-01,Non spécifié,Non spécifié,senjob.com,Non spécifié,"marketing, vente, communication",2,2.0,2.0
Deux (2) premiers Commis de Cuisine,Dakar,2026-03-26,2026-03-01,Non spécifié,Non spécifié,senjob.com,Non spécifié,finance,Non spécifié,,
Gestionnaire de Portefeuille,Dakar,2026-03-26,2026-03-01,Non spécifié,Non spécifié,senjob.com,Non spécifié,finance,Non spécifié,,
Responsable de projet,Dakar,2026-03-26,2026-03-01,Non spécifié,Non spécifié,senjob.com,Non spécifié,"gestion de projet, finance",Non spécifié,,
Conseiller technique régional STRIDES,Dakar,2026-03-26,2026-03-01,Non spécifié,Non spécifié,senjob.com,Non spécifié,"communication, gestion de projet, santé",Non spécifié,,
Administrateur/trice comptable,Dakar,2026-03-26,2026-03-01,Non spécifié,Non spécifié,senjob.com,Non spécifié,"finance, rh, gestion de projet",Non spécifié,,
Directeur des Etudes et offres,Dakar,2026-03-26,2026-03-01,Non spécifié,Non spécifié,senjob.com,Non spécifié,"finance, gestion de projet",10,10.0,10.0
"Officer, Livelihoods & Resilience",Dakar,2026-03-26,2026-03-01,Non spécifié,Non spécifié,senjob.com,Non spécifié,,Non spécifié,,
Merchant Distribution Supervisor,Dakar,2026-03-26,2026-03-01,Non spécifié,Non spécifié,senjob.com,Non spécifié,,Non spécifié,,
Interprète Billingue CHINOIS,Dakar,2026-03-26,2026-03-01,Non spécifié,Non spécifié,senjob.com,Non spécifié,"finance, communication",Non spécifié,,
Spécialiste Marketing et Communication,Dakar,2026-03-26,2026-03-01,Non spécifié,Non spécifié,senjob.com,Non spécifié,"marketing, finance, communication",Non spécifié,,
Technicien opérationnel injection plastique,Diourbel,2026-03-26,2026-03-01,Non spécifié,Non spécifié,senjob.com,Non spécifié,,Non spécifié,,
(288) Agents de collecte,Dakar,2026-03-25,2026-03-01,Non spécifié,Non spécifié,senjob.com,Non spécifié,data analyse,Non spécifié,,
Chargé de support technique (bilingue),Dakar,2026-03-25,2026-03-01,Non spécifié,Non spécifié,senjob.com,Non spécifié,vente,Non spécifié,,
Responsable des Ventes,Dakar,2026-03-25,2026-03-01,Non spécifié,Non spécifié,senjob.com,Non spécifié,"marketing, communication, vente",3,3.0,3.0
Dev Front-End Expérimenté – React.js,Dakar,2026-02-23,2026-02-01,CDI,Non spécifié,senjob.com,Non spécifié,"communication, programmation",Non spécifié,,
Dev Full Stack Expérimenté – Node.js / React.js,Dakar,2026-02-23,2026-02-01,Non spécifié,Non spécifié,senjob.com,Non spécifié,"communication, programmation",Non spécifié,,
Dev Full Stack Expérimenté – Java / Angular,Dakar,2026-02-24,2026-02-01,Non spécifié,Non spécifié,senjob.com,Non spécifié,"programmation, communication",Non spécifié,,
Développeur Fullstack Expérimenté Java / React,Dakar,2026-01-26,2026-01-01,CDI,Non spécifié,senjob.com,Non spécifié,"communication, programmation",Non spécifié,,
Data Scientist Sénior SQL / Python,Dakar,2026-01-26,2026-01-01,Non spécifié,Non spécifié,senjob.com,Non spécifié,communication,Non spécifié,,
Data Engineer Sénior – DBT / SQL / BigQuery,Dakar,2026-02-18,2026-02-01,CDI,Non spécifié,senjob.com,Non spécifié,"communication, programmation, gestion de projet",Non spécifié,,
Développeur Back-End Experimenté Java,Dakar,2026-02-18,2026-02-01,CDI,Non spécifié,senjob.com,Non spécifié,"marketing, communication, programmation, data analyse",Non spécifié,,
Chef de département juridique et fiscal,Dakar,2026-03-11,2026-03-01,CDI,Non spécifié,senjob.com,Non spécifié,,8-10,8.0,10.0
Spécialiste bilingue du service à la clientèle (français/angl,Dakar,2026-04-09,2026-04-01,CDI,TALENTPOP,goafricaonline.com,Energie & Environnement,,Non spécifié,,
"Stage virtuel sur la fonction évaluation : planification, revue et utilisation des évaluations (12 semaines)",Dakar,,,Stage,UNICEF,goafricaonline.com,ONG & Humanitaire,"communication, programmation",Non spécifié,,
Consultant(e) en analyse et planification du secteur de l’éducation,Dakar,2026-04-09,2026-04-01,CDD,"Unesco (Organisation Des Nations Unies Pour L'Education, La Science Et La Culture)",goafricaonline.com,ONG & Humanitaire,"communication, data analyse, rh, gestion de projet",4,4.0,4.0
Conseiller de clientèle entreprise (h/f),Dakar,2026-04-09,2026-04-01,Non spécifié,Societe Generale De Surveillance - Sgs,goafricaonline.com,Technologie & Informatique,"finance, vente",Non spécifié,,
Chargé/e d’appui opérationnel symad (h/f),Dakar,2026-04-09,2026-04-01,CDD,EXPERTISE FRANCE,goafricaonline.com,ONG & Humanitaire,"finance, logistique, gestion de projet",3,3.0,3.0
Gestionnaire d'opérations financières,Dakar,2026-04-09,2026-04-01,CDD,BCEAO,goafricaonline.com,ONG & Humanitaire,,Non spécifié,,
Responsable des Opérations,Dakar,2026-04-09,2026-04-01,CDD,L'IMPACT,goafricaonline.com,Marketing & Communication,"finance, communication, data analyse, rh, logistique, santé, gestion de projet",3,3.0,3.0
Chargé de Données,Dakar,2026-04-09,2026-04-01,CDD,L'IMPACT,goafricaonline.com,Marketing & Communication,"finance, communication, data analyse, santé, logistique, gestion de projet",2,2.0,2.0
Chargé de SIG,Dakar,2026-04-09,2026-04-01,CDD,L'IMPACT,goafricaonline.com,Marketing & Communication,"finance, programmation, communication, data analyse, santé, logistique, gestion de projet",2,2.0,2.0
Auditeur Senior (02 postes),Dakar,2026-04-09,2026-04-01,CDI,GRANT THORNTON,goafricaonline.com,Technologie & Informatique,finance,3-5,3.0,5.0
Auditeur Confirmé,Dakar,2026-04-09,2026-04-01,CDI,GRANT THORNTON,goafricaonline.com,Technologie & Informatique,finance,2-4,2.0,4.0
Ingénieurs Statisticiens,Dakar,2026-04-09,2026-04-01,CDD/CDI,SEN INTERIM,goafricaonline.com,RH & Recrutement,"marketing, vente, visualisation de données, finance, communication, data analyse, programmation, rh, santé, gestion de projet",2,2.0,2.0
Chauffeur Bilingue,Dakar,2026-04-09,2026-04-01,CDD,GLOBAL BUSINESS GROUP - GBG,goafricaonline.com,"Finance, Banque & Comptabilité","finance, rh, logistique",1-2,1.0,2.0
Coordinateur·trice de Projet,Dakar,2026-04-09,2026-04-01,CDD,GOETHE-INSTITUT SENEGAL,goafricaonline.com,Education & Formation,"marketing, programmation, communication, finance, data analyse, gestion de projet",2,2.0,2.0
Planificateur·trice d’infrastructures de sites d’événements,Dakar,2026-04-09,2026-04-01,CDD,COJOJ DAKAR 2026,goafricaonline.com,Sport & Loisirs,"communication, gestion de projet",3,3.0,3.0
Graphique designer senior,Dakar,2026-04-09,2026-04-01,CDI,GPF SARL,goafricaonline.com,"Finance, Banque & Comptabilité","communication, marketing, gestion de projet",4-7,4.0,7.0
Chief of staff,Dakar,2026-04-09,2026-04-01,CDI,NIXACOM,goafricaonline.com,Technologie & Informatique,"marketing, communication, programmation, finance, gestion de projet",Non spécifié,,
Chef de projet communication,Dakar,2026-04-09,2026-04-01,CDI,GPF SARL,goafricaonline.com,"Finance, Banque & Comptabilité","marketing, communication, gestion de projet",3-5,3.0,5.0
Responsable des opérations,Dakar,2026-04-09,2026-04-01,CDI,GPF SARL,goafricaonline.com,"Finance, Banque & Comptabilité","communication, gestion de projet",7-10,7.0,10.0
Superviseur de caisse,Non spécifié,2026-04-09,2026-04-01,CDD/CDI,AMD CORPORATE,goafricaonline.com,Non spécifié,"vente, finance",Non spécifié,,
Juriste / avocat en droit des affaires (h/f),Dakar,2026-04-09,2026-04-01,CDI,TECTRA SENEGAL,goafricaonline.com,RH & Recrutement,"finance, gestion de projet",2-5,2.0,5.0
Ingénieur agricole (h/f),Dakar,2026-04-09,2026-04-01,CDD,Tc2i,goafricaonline.com,Services généraux,gestion de projet,Non spécifié,,
Ingénieur génie civil,Dakar,2026-04-09,2026-04-01,CDD/CDI,MBS GROUP,goafricaonline.com,BTP & Industrie,gestion de projet,5,5.0,5.0
Responsable des ventes de véhicules et partenaires transport (fr/ang),Dakar,2026-04-09,2026-04-01,CDD/CDI,MBS GROUP,goafricaonline.com,BTP & Industrie,"vente, communication, logistique",5,5.0,5.0
Comptable fournisseur,Dakar,2026-04-09,2026-04-01,CDI,TOTAL ENERGIES,goafricaonline.com,Transport & Logistique,finance,Non spécifié,,
Senior specialist – wish 2 clinical support,Dakar,2026-04-09,2026-04-01,CDD,MULTIMEDIA SERVICE INFORMATIQUE-MSI,goafricaonline.com,Technologie & Informatique,,Non spécifié,,
Stagiaire archiviste financier,Dakar,2026-04-09,2026-04-01,Stage,SAVE THE CHILDREN,goafricaonline.com,ONG & Humanitaire,finance,Non spécifié,,
Assistant(e) administratif(ve) et comptable bilingue,Dakar,2026-04-09,2026-04-01,CDD,UNICEF,goafricaonline.com,"Finance, Banque & Comptabilité","finance, communication",Non spécifié,,
Coordinateur hub innovation – afrique de l’ouest,Dakar,,,CDD,Organisation Des Nations Unies Pour L'Alimentation Et L'Agriculture - Fao,goafricaonline.com,ONG & Humanitaire,,Non spécifié,,
Consultant(e) en analyse des politiques éducatives,Dakar,2026-04-09,2026-04-01,CDD,"Unesco (Organisation Des Nations Unies Pour L'Education, La Science Et La Culture)",goafricaonline.com,ONG & Humanitaire,"data analyse, rh, gestion de projet",Non spécifié,,
Superviseur des cultures et des contrats d’achat (h/f),Dakar,2026-04-09,2026-04-01,CDI,RPORTH,goafricaonline.com,"Finance, Banque & Comptabilité","vente, finance, gestion de projet",Non spécifié,,
Assistant rh,Dakar,2026-04-07,2026-04-01,CDD,BETA SARL,goafricaonline.com,Sécurité,rh,Non spécifié,,
Assistant caissier et commercial,Dakar,2026-04-07,2026-04-01,Stage,BETA SARL,goafricaonline.com,Sécurité,vente,Non spécifié,,
Global assurance manager,Dakar,2026-04-07,2026-04-01,CDD,PLAN INTERNATIONAL SENEGAL,goafricaonline.com,ONG & Humanitaire,communication,Non spécifié,,
Superviseur hse,Dakar,2026-04-07,2026-04-01,CDD,GPF SARL,goafricaonline.com,"Finance, Banque & Comptabilité",,Non spécifié,,
Superviseur génie civil,Dakar,2026-04-07,2026-04-01,CDD,GPF SARL,goafricaonline.com,"Finance, Banque & Comptabilité","communication, gestion de projet",Non spécifié,,
Assistant de passation de marchés,Dakar,2026-04-07,2026-04-01,CDD,Iucn (Union Mondiale Pour La Conservation De La Nature),goafricaonline.com,ONG & Humanitaire,"vente, finance",5,5.0,5.0
Référent.e maladies non transmissibles,Dakar,2026-04-07,2026-04-01,CDI,MSF SARL SENEGAL,goafricaonline.com,Santé & Bien-être,"data analyse, santé, gestion de projet",Non spécifié,,
Expert-comptable,Non spécifié,2026-04-07,2026-04-01,CDD/CDI,AMD CORPORATE,goafricaonline.com,Non spécifié,gestion de projet,Non spécifié,,
Responsable de la santé et de la sécurité en matière de maintenance,Dakar,,,Stage,MYRIAD,goafricaonline.com,Technologie & Informatique,"communication, programmation, data analyse, santé, gestion de projet",Non spécifié,,
Regional infrastructure advisor,Dakar,2026-04-07,2026-04-01,CDD,UNOPS,goafricaonline.com,ONG & Humanitaire,,Non spécifié,,
Conducteur travaux cvcd & plomberie,Dakar,2026-04-07,2026-04-01,CDI,VINCI ENERGIES,goafricaonline.com,Energie & Environnement,,7,7.0,7.0
Bilingual HR operations,Dakar,2026-04-07,2026-04-01,CDD/CDI,TOPWORK SENEGAL,goafricaonline.com,RH & Recrutement,"rh, gestion de projet",Non spécifié,,
Ingénieur génie civil bilingue,Dakar,2026-04-07,2026-04-01,CDD/CDI,TOPWORK SENEGAL,goafricaonline.com,RH & Recrutement,gestion de projet,Non spécifié,,
Ingénieur achat,Dakar,2026-04-07,2026-04-01,CDD/CDI,TOPWORK SENEGAL,goafricaonline.com,RH & Recrutement,gestion de projet,Non spécifié,,
Ferrailleurs,Dakar,2026-04-07,2026-04-01,CDD,TOPWORK SENEGAL,goafricaonline.com,RH & Recrutement,gestion de projet,Non spécifié,,
Coffreurs,Dakar,2026-04-07,2026-04-01,CDD,TOPWORK SENEGAL,goafricaonline.com,RH & Recrutement,gestion de projet,Non spécifié,,
Commercial terrain (H/F),Dakar,2026-04-07,2026-04-01,CDD,GLOBAL TALENT,goafricaonline.com,"Finance, Banque & Comptabilité","vente, marketing",5-7,5.0,7.0
Responsable informatique et digitalisation,Dakar,2026-04-07,2026-04-01,CDD/Stage,Les Petits Flamboyants,goafricaonline.com,Education & Formation,"communication, finance, gestion de projet",Non spécifié,,
Contrôleur interne et risque sénior h/f,Dakar,2026-04-07,2026-04-01,CDI,AUCHAN,goafricaonline.com,Commerce & Vente,,Non spécifié,,
Chauffeur,Dakar,2026-04-07,2026-04-01,CDI,AMBASSADE DES ETATS-UNIS,goafricaonline.com,Technologie & Informatique,"logistique, communication",Non spécifié,,
Commercial B2B,Dakar,2026-04-07,2026-04-01,CDD/CDI,REGIPUB,goafricaonline.com,Marketing & Communication,"vente, marketing, communication",3,3.0,3.0
Assistant(e) au primaire bilingue,Dakar,,,CDD,VISION TRILINGUAL SCHOOL,goafricaonline.com,Education & Formation,"communication, finance, gestion de projet",Non spécifié,,
Assistant.e au primaire bilingue,Dakar,,,CDD,VISION TRILINGUAL SCHOOL,goafricaonline.com,Education & Formation,,Non spécifié,,
Agent enquêteur,Dakar,2026-04-07,2026-04-01,CDD,ELITE RH,goafricaonline.com,RH & Recrutement,"finance, communication, data analyse",Non spécifié,,
Business analyst,Dakar,2026-04-07,2026-04-01,CDI,Africa Global Logistics Sénégal,goafricaonline.com,Transport & Logistique,,Non spécifié,,
Enseignant bilingue,Dakar,2026-04-07,2026-04-01,CDD,VISION TRILINGUAL SCHOOL,goafricaonline.com,Education & Formation,,Non spécifié,,
Chef de la sécurité,Dakar,2026-04-07,2026-04-01,CDI,DANGOTE INDUSTRIES SENEGAL,goafricaonline.com,BTP & Industrie,rh,5-10,5.0,10.0
Emerging leaders trainee programme,Dakar,2026-04-07,2026-04-01,Stage,Waf (West Africa Farm),goafricaonline.com,Agriculture & Agroalimentaire,communication,Non spécifié,,
"Assistant(e) administratif(ve), achats et comptabilité",Dakar,2026-04-07,2026-04-01,CDI,Agence Japonaise De Cooperation Internationale - Jica,goafricaonline.com,ONG & Humanitaire,"gestion de projet, rh, finance",Non spécifié,,
Assistant(e) de direction,Dakar,2026-04-07,2026-04-01,CDI,ECO AFRIQUE CABINET RH Dakar,goafricaonline.com,RH & Recrutement,"communication, logistique, gestion de projet",2-5,2.0,5.0
Chargé de suivi-évaluation,Dakar,2026-04-07,2026-04-01,CDD,FHI 360,goafricaonline.com,ONG & Humanitaire,"data analyse, santé, gestion de projet",2,2.0,2.0
Coordinateur.rice régional.e pédagogique Afrique,Dakar,2026-04-07,2026-04-01,Non spécifié,MSF SARL SENEGAL,goafricaonline.com,Santé & Bien-être,"gestion de projet, programmation",5,5.0,5.0
Responsable Fiscalité et Conformité,Dakar,2026-04-07,2026-04-01,CDI,DANGOTE INDUSTRIES SENEGAL,goafricaonline.com,BTP & Industrie,finance,5-7,5.0,7.0
Community Manager (stage),Dakar,2026-04-07,2026-04-01,Stage,TERANGA GROUP,goafricaonline.com,Technologie & Informatique,"vente, programmation, communication, data analyse, marketing, gestion de projet",5,5.0,5.0
Formation Tech Academy et recrutement JOJ2026,Dakar,2026-04-07,2026-04-01,CDD,COJOJ DAKAR 2026,goafricaonline.com,Sport & Loisirs,,Non spécifié,,
Chauffeur,Dakar,2026-04-07,2026-04-01,CDD,URBAN CARS SENEGAL,goafricaonline.com,Transport & Logistique,logistique,10,10.0,10.0
Acheteur,Dakar,2026-04-07,2026-04-01,CDD,TOPWORK SENEGAL,goafricaonline.com,RH & Recrutement,logistique,Non spécifié,,
Chargé de Pilotage & Performance,Dakar,2026-04-07,2026-04-01,CDD,GPF SARL,goafricaonline.com,"Finance, Banque & Comptabilité","finance, data analyse, rh, gestion de projet",Non spécifié,,
02 Conducteurs d’engins lourds (Bulldozers),Dakar,2026-04-07,2026-04-01,CDD/CDI,COMPAGNIE SUCRIERE SENEGALAISE,goafricaonline.com,Agriculture & Agroalimentaire,,Non spécifié,,
Responsable de Zone,Dakar,2026-04-07,2026-04-01,CDD,TOPWORK SENEGAL,goafricaonline.com,RH & Recrutement,vente,Non spécifié,,
Directeur(trice) artistique,Dakar,2026-04-07,2026-04-01,CDD/CDI,LES BARBUS,goafricaonline.com,Marketing & Communication,"communication, gestion de projet, vente",Non spécifié,,
Chef de publicité,Dakar,2026-04-07,2026-04-01,CDD/CDI,LES BARBUS,goafricaonline.com,Marketing & Communication,"communication, gestion de projet, vente",2,2.0,2.0
Content Manager,Dakar,2026-04-07,2026-04-01,CDD/CDI,LES BARBUS,goafricaonline.com,Marketing & Communication,"communication, marketing, vente",Non spécifié,,
Pompiste,Dakar,2026-04-07,2026-04-01,CDD,INTERNATIONAL STAFFING COMPANY,goafricaonline.com,RH & Recrutement,rh,Non spécifié,,
Technicien de baie,Dakar,2026-04-07,2026-04-01,CDD,INTERNATIONAL STAFFING COMPANY,goafricaonline.com,RH & Recrutement,rh,Non spécifié,,
Rayonniste,Dakar,2026-04-07,2026-04-01,CDD,INTERNATIONAL STAFFING COMPANY,goafricaonline.com,RH & Recrutement,rh,Non spécifié,,
Caissier,Dakar,2026-04-07,2026-04-01,CDD,INTERNATIONAL STAFFING COMPANY,goafricaonline.com,RH & Recrutement,"vente, rh",Non spécifié,,
Laveur,Dakar,2026-04-07,2026-04-01,CDD,INTERNATIONAL STAFFING COMPANY,goafricaonline.com,RH & Recrutement,rh,Non spécifié,,
Chef de piste,Dakar,2026-04-07,2026-04-01,CDD,INTERNATIONAL STAFFING COMPANY,goafricaonline.com,RH & Recrutement,rh,Non spécifié,,
Gérant de boutique,Dakar,2026-04-07,2026-04-01,CDD,INTERNATIONAL STAFFING COMPANY,goafricaonline.com,RH & Recrutement,"vente, rh",Non spécifié,,
Gérant de station,Dakar,2026-04-07,2026-04-01,CDD,INTERNATIONAL STAFFING COMPANY,goafricaonline.com,RH & Recrutement,rh,Non spécifié,,
Commis Administratif,Dakar,2026-04-07,2026-04-01,CDI,AMBASSADE DES ETATS-UNIS,goafricaonline.com,Technologie & Informatique,finance,Non spécifié,,
Répartiteur Taxi Parc,Dakar,2026-04-07,2026-04-01,Stage,YANGO SENEGAL,goafricaonline.com,Transport & Logistique,"marketing, vente, communication, logistique, data analyse",Non spécifié,,
Comptable,Dakar,2026-04-07,2026-04-01,CDD,RMO,goafricaonline.com,RH & Recrutement,finance,3,3.0,3.0
Responsable conformité,Dakar,2026-04-07,2026-04-01,CDI,JULAYA,goafricaonline.com,Transport & Logistique,"finance, programmation",Non spécifié,,
"Stagiaire suivi, évaluation et apprentissage",Dakar,2026-04-07,2026-04-01,Stage,Winrock International - Wi,goafricaonline.com,ONG & Humanitaire,"visualisation de données, data analyse",Non spécifié,,
Responsable des finances et de l’administration,Dakar,2026-04-07,2026-04-01,CDD,Ficr (Federation Internationale Des Societes De La Croix-Rouge Et Du Croissant-Rouge),goafricaonline.com,ONG & Humanitaire,"communication, finance, rh, logistique",Non spécifié,,
Développeur sénior,Dakar,2026-04-07,2026-04-01,CDI,BAOBAB SENEGAL,goafricaonline.com,"Finance, Banque & Comptabilité","communication, programmation, gestion de projet",5,5.0,5.0
Chef(fe) des services administratifs (csa),Dakar,2026-04-07,2026-04-01,CDI,Ept (Ecole Polytechnique De Thies),goafricaonline.com,Education & Formation,finance,7,7.0,7.0
Assistant rh,Dakar,2026-04-07,2026-04-01,CDD,PROFIL SENEGAL,goafricaonline.com,RH & Recrutement,"communication, rh",3,3.0,3.0
Hr associate,Dakar,2026-04-07,2026-04-01,CDD,ONU-FEMMES,goafricaonline.com,ONG & Humanitaire,"communication, rh, logistique",5,5.0,5.0
Techniciennes de surface,Dakar,2026-04-07,2026-04-01,CDD,CLEANIC,goafricaonline.com,BTP & Industrie,,Non spécifié,,
Conseillers Commerciaux (Free Télécom),Dakar,2026-04-07,2026-04-01,CDD,NABADJI MINERALS,goafricaonline.com,BTP & Industrie,"marketing, vente, rh, santé",Non spécifié,,
Superviseur Recrutement,Dakar,2026-04-07,2026-04-01,CDD,SUNDA INTERNATIONAL,goafricaonline.com,BTP & Industrie,"vente, rh, logistique",2-3,2.0,3.0
Chargé de domaine de formation « Secteurs bancaire et financier »,Dakar,,,CDD,BCEAO,goafricaonline.com,ONG & Humanitaire,finance,2,2.0,2.0
Opérateur de maintenance du patrimoine,Dakar,,,CDI,BCEAO,goafricaonline.com,ONG & Humanitaire,"communication, finance",2,2.0,2.0
Chargé de la réglementation des systèmes et moyens de paiement,Dakar,2026-04-07,2026-04-01,CDI,BCEAO,goafricaonline.com,ONG & Humanitaire,finance,2,2.0,2.0
Gestionnaire des incidents et des demandes d’assistance,Dakar,2026-04-07,2026-04-01,CDI,BCEAO,goafricaonline.com,ONG & Humanitaire,"communication, finance",2,2.0,2.0
Gestionnaire d’opérations financières,Dakar,2026-04-07,2026-04-01,CDD,BCEAO,goafricaonline.com,ONG & Humanitaire,finance,2,2.0,2.0
Chargé d’études en organisation,Dakar,2026-04-07,2026-04-01,CDI,BCEAO,goafricaonline.com,ONG & Humanitaire,"gestion de projet, finance",2,2.0,2.0
Chargé des projets de communication,Dakar,2026-04-07,2026-04-01,CDI,BCEAO,goafricaonline.com,ONG & Humanitaire,"communication, finance, marketing, gestion de projet",10,10.0,10.0
Directeur clinique,Dakar,2026-04-07,2026-04-01,CDD,FHI 360,goafricaonline.com,ONG & Humanitaire,"santé, data analyse, gestion de projet",5,5.0,5.0
Chef(fe) de projet – déploiement de réseaux électriques h/f,Dakar,2026-04-07,2026-04-01,CDI,SAGEMCOM SENEGAL,goafricaonline.com,Marketing & Communication,"communication, finance, gestion de projet",10,10.0,10.0
Ingénieur projet,Dakar,2026-04-07,2026-04-01,Non spécifié,SAGEMCOM SENEGAL,goafricaonline.com,Marketing & Communication,gestion de projet,10,10.0,10.0
Professeur du second degré – arts plastiques-français,Dakar,2026-04-07,2026-04-01,CDD/CDI,Les Cours Sainte Marie De Hann,goafricaonline.com,Education & Formation,,Non spécifié,,
Coordinateur pédagogique,Dakar,2026-04-07,2026-04-01,CDD/CDI,SAGEMCOM SENEGAL,goafricaonline.com,Marketing & Communication,"communication, gestion de projet",Non spécifié,,
Assistant(e) Administratif(ve) & Opérationnel(le),Dakar,2026-04-07,2026-04-01,CDD,RMO,goafricaonline.com,RH & Recrutement,"communication, finance, rh",5,5.0,5.0
Stage subventionné pour jeunes diplômés – Délégation de l’Union Européenne au Sénégal,Dakar,2026-04-07,2026-04-01,Stage,Delegation De L’Union Europeenne,goafricaonline.com,Administration & Services publics,marketing,Non spécifié,,
Ferronnier/ Métallier Confirmé,Non spécifié,2026-04-02,2026-04-01,CDD,AMD CORPORATE,goafricaonline.com,Non spécifié,,5,5.0,5.0
Agent Technique Expert en Montage de Chapiteaux,Non spécifié,2026-04-01,2026-04-01,Freelance/Stage,AMD CORPORATE,goafricaonline.com,Non spécifié,,Non spécifié,,
Plombier confirmé (H/F),Non spécifié,2026-04-01,2026-04-01,CDD,AMD CORPORATE,goafricaonline.com,Non spécifié,,5-10,5.0,10.0
"Ingénieur Fluides & Électricité (CVC, Plomberie, Électricité)",Non spécifié,2026-03-31,2026-03-01,CDI,Ingénieur des services du bâtiment,goafricaonline.com,BTP & Industrie,"marketing, communication, programmation, rh, santé, logistique, gestion de projet",5,5.0,5.0
Key account manager / project manager,Dakar,2026-03-29,2026-03-01,CDD,Gbg (Global Business Group),goafricaonline.com,"Finance, Banque & Comptabilité","data analyse, communication",5,5.0,5.0
Electromecanicien,Dakar,2026-03-29,2026-03-01,CDD,Gbg (Global Business Group),goafricaonline.com,"Finance, Banque & Comptabilité",,Non spécifié,,
Directeur ou directrice général(e) adjoint(e) de l’université rose dieng france sénégal (H/F),Dakar,2026-03-29,2026-03-01,CDD,EXPERTISE FRANCE,goafricaonline.com,ONG & Humanitaire,"communication, finance, gestion de projet",5,5.0,5.0
Assistant Achat et Logistique,Dakar,2026-03-29,2026-03-01,CDD,ELITE RH,goafricaonline.com,RH & Recrutement,"finance, logistique",Non spécifié,,
Responsable Administratif et Financier,Dakar,2026-03-29,2026-03-01,CDD,ELITE RH,goafricaonline.com,RH & Recrutement,finance,5,5.0,5.0
UI/UX Designer,Dakar,2026-03-29,2026-03-01,CDD,AFRIC MANAGEMENT,goafricaonline.com,RH & Recrutement,gestion de projet,3,3.0,3.0
International Consultant: CSE in Humanitarian settings,Dakar,2026-03-29,2026-03-01,CDD,Unfpa (Fonds Des Nations Unies Pour La Population),goafricaonline.com,ONG & Humanitaire,"rh, santé",8-10,8.0,10.0
Regional Industry Manage,Dakar,2026-03-29,2026-03-01,CDI,BANQUE MONDIALE,goafricaonline.com,ONG & Humanitaire,"vente, programmation, finance",Non spécifié,,
Superviseur HSE,Dakar,2026-03-29,2026-03-01,CDI,TOTAL ENERGIES,goafricaonline.com,Transport & Logistique,"marketing, vente, finance, communication, data analyse, gestion de projet",2,2.0,2.0
Commercial terrain agroalimentaire,Dakar,2026-03-29,2026-03-01,Stage,ELITE RH,goafricaonline.com,RH & Recrutement,"marketing, vente, rh",Non spécifié,,
"PostDoc in Data Science, Modelling",Dakar,2026-03-29,2026-03-01,CDI,Institut Pasteur De Dakar,goafricaonline.com,Education & Formation,"communication, programmation, finance, data analyse, rh, santé, logistique, gestion de projet",2,2.0,2.0
"Ingénieur en systèmes de contrôle SCADA/EMS et télécommunications, électricité",Non spécifié,2026-03-29,2026-03-01,CDD,AMD CORPORATE,goafricaonline.com,Non spécifié,communication,Non spécifié,,
Responsable assurance qualité,Non spécifié,2026-03-29,2026-03-01,CDD,AMD CORPORATE,goafricaonline.com,Non spécifié,"rh, gestion de projet",Non spécifié,,
Agent assurance qualité / contrôle qualité,Non spécifié,2026-03-29,2026-03-01,CDD,AMD CORPORATE,goafricaonline.com,Non spécifié,gestion de projet,Non spécifié,,
Créateur de contenu numérique,Dakar,2026-03-29,2026-03-01,CDD,TOSTAN,goafricaonline.com,ONG & Humanitaire,non spécifié,Non spécifié,,
Responsable des opérations des partenariats,Dakar,2026-03-29,2026-03-01,CDD,TOSTAN,goafricaonline.com,ONG & Humanitaire,finance,Non spécifié,,
Spécialiste infrastructure – Cloud,Dakar,2026-03-29,2026-03-01,CDI,SYLVERSYS CONSULTING SENEGAL,goafricaonline.com,"Finance, Banque & Comptabilité",gestion de projet,Non spécifié,,
02 gestionnaires de formations,Dakar,2026-03-29,2026-03-01,CDI,BCEAO,goafricaonline.com,ONG & Humanitaire,data analyse,Non spécifié,,
Chargé des relations internationales,Dakar,2026-03-29,2026-03-01,CDI,BCEAO,goafricaonline.com,ONG & Humanitaire,finance,Non spécifié,,
Chargé.e de gestion administrative et financière,Dakar,2026-03-29,2026-03-01,CDD,PPLAAF,goafricaonline.com,ONG & Humanitaire,"logistique, gestion de projet",Non spécifié,,
Gestionnaire du patrimoine – Lots techniques,Dakar,2026-03-29,2026-03-01,CDD,BCEAO,goafricaonline.com,ONG & Humanitaire,"finance, gestion de projet",Non spécifié,,
Gestionnaire de la sécurité incendie,Dakar,2026-03-29,2026-03-01,CDI,BCEAO,goafricaonline.com,ONG & Humanitaire,,Non spécifié,,
Spécialiste Marketing Et Communication,Dakar,2026-03-29,2026-03-01,Stage,EUREKA CONSULTING,goafricaonline.com,Administration & Services publics,"marketing, communication",3-5,3.0,5.0
Chargé(e) De Gestion Administrative Et Financière,Dakar,2026-03-29,2026-03-01,CDD,PPLAAF,goafricaonline.com,ONG & Humanitaire,"finance, gestion de projet",1-2,1.0,2.0
SN Merchant Account Supervisor,Dakar,2026-03-29,2026-03-01,CDI,WAVE,goafricaonline.com,"Finance, Banque & Comptabilité",marketing,Non spécifié,,
Responsable parc matériel,Dakar,2026-03-29,2026-03-01,CDD,CDC SENEGAL,goafricaonline.com,ONG & Humanitaire,finance,Non spécifié,,
Ingénieur de projets Infrastructures VRD,Dakar,2026-03-29,2026-03-01,CDD,CDC SENEGAL,goafricaonline.com,ONG & Humanitaire,gestion de projet,15,15.0,15.0
Responsable Administratif et Financier (RAF),Dakar,2026-03-29,2026-03-01,CDD,CDC SENEGAL,goafricaonline.com,ONG & Humanitaire,finance,8-10,8.0,10.0
Data Scientist Senior,Dakar,2026-03-29,2026-03-01,CDD,BAAMTU SARL,goafricaonline.com,Technologie & Informatique,"gestion de projet, finance",Non spécifié,,
Plombiers,Dakar,2026-03-29,2026-03-01,CDD,TOPWORK SENEGAL,goafricaonline.com,RH & Recrutement,,Non spécifié,,
Techniciens Instrumentistes,Dakar,2026-03-29,2026-03-01,CDD,TOPWORK SENEGAL,goafricaonline.com,RH & Recrutement,,Non spécifié,,
Mécaniciens,Dakar,2026-03-29,2026-03-01,CDD,TOPWORK SENEGAL,goafricaonline.com,RH & Recrutement,,Non spécifié,,
Public Engagement Assistant,Dakar,2026-03-29,2026-03-01,Non spécifié,AMBASSADE DES ETATS-UNIS,goafricaonline.com,Technologie & Informatique,"marketing, communication",Non spécifié,,
People Operations Specialist (Chargé RH),Dakar,2026-03-29,2026-03-01,Stage,MYRIAD,goafricaonline.com,Technologie & Informatique,"programmation, rh, santé, data analyse",5,5.0,5.0
Télévendeurs,Dakar,2026-03-29,2026-03-01,CDI,ANYVAN,goafricaonline.com,Transport & Logistique,vente,Non spécifié,,
Comptable matière,Dakar,2026-03-29,2026-03-01,CDD,CDC SENEGAL,goafricaonline.com,ONG & Humanitaire,finance,Non spécifié,,
Responsable RH,Dakar,2026-03-29,2026-03-01,CDD,CDC SENEGAL,goafricaonline.com,ONG & Humanitaire,rh,5-8,5.0,8.0
Directeur d’exploitation,Dakar,2026-03-29,2026-03-01,CDD,CDC SENEGAL,goafricaonline.com,ONG & Humanitaire,finance,15,15.0,15.0
Agents de collecte (288 postes),Dakar,2026-03-29,2026-03-01,CDD,Agence Nationale De La Statistique Et De La Demographie - Ansd,goafricaonline.com,Administration & Services publics,"gestion de projet, finance, data analyse",Non spécifié,,
Agents Moyens Généraux (02 postes),Dakar,2026-03-29,2026-03-01,CDD,TOPWORK SENEGAL,goafricaonline.com,RH & Recrutement,,5,5.0,5.0
Menuisiers,Dakar,2026-03-29,2026-03-01,CDD,TOPWORK SENEGAL,goafricaonline.com,RH & Recrutement,,Non spécifié,,
Électriciens,Dakar,2026-03-29,2026-03-01,CDD,TOPWORK SENEGAL,goafricaonline.com,RH & Recrutement,,Non spécifié,,
Economic Specialist,Dakar,2026-03-29,2026-03-01,CDD,AMBASSADE DES ETATS-UNIS,goafricaonline.com,Technologie & Informatique,"marketing, vente, communication, finance, logistique",Non spécifié,,
Aide cuisine,Dakar,2026-03-24,2026-03-01,CDD,SUNDA INTERNATIONAL,goafricaonline.com,BTP & Industrie,,Non spécifié,,
Responsable du partenariat,Dakar,2026-03-24,2026-03-01,CDD,Anpej (Agence Nationale Pour La Promotion De L’Emploi Des Jeunes),goafricaonline.com,Administration & Services publics,"finance, data analyse",Non spécifié,,
Marine engineer,Dakar,2026-03-24,2026-03-01,CDD,RMO,goafricaonline.com,RH & Recrutement,,Non spécifié,,
Chargé.e de mission auprès de la direction (chief of staff junior),Dakar,2026-03-24,2026-03-01,CDD,ENKO INTERNATIONAL SCHOOL,goafricaonline.com,Education & Formation,"logistique, communication, gestion de projet",Non spécifié,,
External relations intern,Dakar,2026-03-24,2026-03-01,Stage,Unhcr (Haut Commissariat Des Nations Unies Pour Les Refugies),goafricaonline.com,ONG & Humanitaire,"communication, marketing, logistique",Non spécifié,,
Programme risk management intern,Dakar,2026-03-24,2026-03-01,Stage,Unhcr (Haut Commissariat Des Nations Unies Pour Les Refugies),goafricaonline.com,ONG & Humanitaire,"finance, logistique, gestion de projet",Non spécifié,,
Déclarant douanes,Dakar,,,CDD,Css (Caisse De Securite Sociale),goafricaonline.com,Administration & Services publics,,Non spécifié,,
Agent de recette réseaux optiques,Dakar,2026-03-24,2026-03-01,CDD,GLOBAL BUSINESS GROUP - GBG,goafricaonline.com,"Finance, Banque & Comptabilité","gestion de projet, santé",Non spécifié,,
Community manager,Dakar,2026-03-24,2026-03-01,CDD,GPF SARL,goafricaonline.com,"Finance, Banque & Comptabilité",marketing,3,3.0,3.0
Responsable de la conformité,Dakar,2026-03-24,2026-03-01,CDI,FONSIS,goafricaonline.com,"Finance, Banque & Comptabilité",,Non spécifié,,
Vendeur à domicile,Dakar,2026-03-24,2026-03-01,CDD,RMO,goafricaonline.com,RH & Recrutement,,Non spécifié,,
Chargé.e de dossier comptable / caissier.ère,Dakar,2026-03-24,2026-03-01,CDD,GIZ,goafricaonline.com,Administration & Services publics,finance,2,2.0,2.0
Responsable contrôle interne / gestion des risques,Dakar,2026-03-24,2026-03-01,CDI,LAITERIE DU BERGER,goafricaonline.com,Agriculture & Agroalimentaire,finance,Non spécifié,,
Responsable financier (finance manager),Dakar,2026-03-24,2026-03-01,CDD,FHI 360,goafricaonline.com,ONG & Humanitaire,"finance, programmation, gestion de projet",5-8,5.0,8.0
Commerciale,Dakar,2026-03-24,2026-03-01,CDD,ELITE RH,goafricaonline.com,RH & Recrutement,"vente, marketing",2,2.0,2.0
Data scientist / biostatisticien(ne) clinique,Dakar,2026-03-24,2026-03-01,CDD,Institut Pasteur De Dakar,goafricaonline.com,Education & Formation,"visualisation de données, data analyse, santé, gestion de projet",2,2.0,2.0
Chercheur en science clinique,Dakar,2026-03-24,2026-03-01,CDD,Institut Pasteur De Dakar,goafricaonline.com,Education & Formation,"finance, santé, gestion de projet",4,4.0,4.0
Ui/ux designer,Dakar,2026-03-24,2026-03-01,CDD,GLOBAL BUSINESS GROUP - GBG,goafricaonline.com,"Finance, Banque & Comptabilité","marketing, gestion de projet",Non spécifié,,
Communications and multimedia officer (bilingue),Dakar,2026-03-24,2026-03-01,CDD,GLOBAL BUSINESS GROUP - GBG,goafricaonline.com,"Finance, Banque & Comptabilité","visualisation de données, communication, data analyse, marketing, gestion de projet",3-5,3.0,5.0
Spécialiste en laboratoire et en diagnostic – santé animale,Dakar,2026-03-24,2026-03-01,CDD,FHI 360,goafricaonline.com,ONG & Humanitaire,"communication, santé, gestion de projet",6,6.0,6.0
Spécialiste en épidémiologie et surveillance,Dakar,2026-03-24,2026-03-01,CDD,FHI 360,goafricaonline.com,ONG & Humanitaire,"visualisation de données, communication, data analyse, santé, gestion de projet",6,6.0,6.0
Conseiller en laboratoire (Laboratory Advisor),Dakar,2026-03-24,2026-03-01,CDD,FHI 360,goafricaonline.com,ONG & Humanitaire,santé,Non spécifié,,
Ingénieur commercial,Dakar,2026-03-14,2026-03-01,Stage,Sen Global Network Services - Sgns,goafricaonline.com,Technologie & Informatique,vente,Non spécifié,,
Country director,Dakar,2026-03-14,2026-03-01,Non spécifié,BRITISH COUNCIL,goafricaonline.com,Education & Formation,,Non spécifié,,
Chef.fe d’équipe Buanderie,Dakar,2026-03-14,2026-03-01,Non spécifié,HOTEL TERROU BI,goafricaonline.com,Tourisme & Hôtellerie,,Non spécifié,,
Chef.fe de partie,Dakar,2026-03-14,2026-03-01,Non spécifié,HOTEL TERROU BI,goafricaonline.com,Tourisme & Hôtellerie,,Non spécifié,,
Chef.fe de cuisine,Dakar,2026-03-14,2026-03-01,Non spécifié,HOTEL TERROU BI,goafricaonline.com,Tourisme & Hôtellerie,,Non spécifié,,
Chef.fe de cuisine adjoint.e,Dakar,2026-03-14,2026-03-01,Non spécifié,HOTEL TERROU BI,goafricaonline.com,Tourisme & Hôtellerie,,Non spécifié,,
Leader sport,Dakar,2026-03-14,2026-03-01,CDD,DECATHLON SENEGAL,goafricaonline.com,Commerce & Vente,"vente, gestion de projet",Non spécifié,,
Directeur des opérations,Dakar,2026-03-14,2026-03-01,CDI,ENERGIA,goafricaonline.com,RH & Recrutement,,Non spécifié,,
Head Of Division Segments,Dakar,2026-03-14,2026-03-01,Non spécifié,YAS SENEGAL,goafricaonline.com,Marketing & Communication,"marketing, vente",Non spécifié,,
Procurement officer,Dakar,2026-03-14,2026-03-01,CDD,RPORTH,goafricaonline.com,"Finance, Banque & Comptabilité","vente, communication, finance, logistique, santé",3-5,3.0,5.0
Internal Auditor,Dakar,2026-03-14,2026-03-01,CDD,WAVE,goafricaonline.com,"Finance, Banque & Comptabilité",finance,Non spécifié,,
Agent de communication,Dakar,2026-03-14,2026-03-01,CDD,DID SENEGAL,goafricaonline.com,"Finance, Banque & Comptabilité","communication, data analyse, logistique, gestion de projet",Non spécifié,,
Chargé d'assurance qualité logicielle,Dakar,2026-03-14,2026-03-01,CDI,BCEAO,goafricaonline.com,ONG & Humanitaire,"data analyse, gestion de projet",Non spécifié,,
Architecte technique et urbaniste du système d'information,Dakar,2026-03-14,2026-03-01,CDI,BCEAO,goafricaonline.com,ONG & Humanitaire,communication,Non spécifié,,
Juriste expert en état civil sénégalais,Dakar,2026-03-14,2026-03-01,Non spécifié,Avocat,goafricaonline.com,Commerce & Vente,,Non spécifié,,
Agents de distribution / promotion terrain,Dakar,2026-03-14,2026-03-01,CDD/Stage,SUNDA INTERNATIONAL,goafricaonline.com,BTP & Industrie,"vente, communication, programmation",Non spécifié,,
Contrôleur interne,Dakar,2026-03-14,2026-03-01,CDD,ECO AFRIQUE,goafricaonline.com,"Finance, Banque & Comptabilité","finance, data analyse",1-2,1.0,2.0
Stagiaire Community Manager,Dakar,2026-03-14,2026-03-01,Stage,AIR SENEGAL SA,goafricaonline.com,Tourisme & Hôtellerie,"communication, marketing",Non spécifié,,
Commercial(e) Senior,Dakar,2026-03-14,2026-03-01,CDD,FLEETI,goafricaonline.com,Transport & Logistique,"vente, logistique",5-10,5.0,10.0
Protection Associate,Dakar,2026-03-14,2026-03-01,CDD,Unhcr (Haut Commissariat Des Nations Unies Pour Les Refugies),goafricaonline.com,ONG & Humanitaire,,Non spécifié,,
Lingère,Dakar,2026-03-14,2026-03-01,CDD,HOTEL TERROU BI,goafricaonline.com,Tourisme & Hôtellerie,,Non spécifié,,
Technico‑Commercial,Dakar,2026-03-14,2026-03-01,CDD,GPF SARL,goafricaonline.com,RH & Recrutement,"vente, marketing, gestion de projet",Non spécifié,,
Responsable Adjoint.e Vidéosurveillance,Dakar,2026-03-14,2026-03-01,Non spécifié,HOTEL TERROU BI,goafricaonline.com,Tourisme & Hôtellerie,,Non spécifié,,
Maître.sse d’Hôtel,Dakar,2026-03-14,2026-03-01,CDD,HOTEL TERROU BI,goafricaonline.com,Tourisme & Hôtellerie,,Non spécifié,,
Expert.e en communication,Dakar,2026-03-14,2026-03-01,CDD,GIZ,goafricaonline.com,Administration & Services publics,"communication, gestion de projet",5,5.0,5.0
"Global Energy Adviser, Solarisation",Dakar,2026-03-14,2026-03-01,CDD,BRITISH COUNCIL,goafricaonline.com,Education & Formation,gestion de projet,6,6.0,6.0
Commercial Terrain Logistique,Dakar,2026-03-14,2026-03-01,CDD/Stage,HOLLY TRANS LIMITED,goafricaonline.com,Transport & Logistique,"vente, communication, logistique",Non spécifié,,
Coordonnateur des communications,Dakar,2026-03-14,2026-03-01,CDD,DID SENEGAL,goafricaonline.com,"Finance, Banque & Comptabilité","communication, gestion de projet",Non spécifié,,
Agents commerciaux terrain (H/F),Dakar,2026-03-14,2026-03-01,Non spécifié,HOLLY TRANS LIMITED,goafricaonline.com,Transport & Logistique,"vente, communication, logistique",2,2.0,2.0
Investigation officer,Dakar,2026-03-14,2026-03-01,CDD,DEXINTEC,goafricaonline.com,BTP & Industrie,vente,Non spécifié,,
Secrétaire de direction,Dakar,2026-03-14,2026-03-01,CDD,Esmt (Ecole Superieure Multinationale Des Telecommunications),goafricaonline.com,Education & Formation,communication,Non spécifié,,
Sage-femme diplômée d’état,Dakar,2026-03-14,2026-03-01,CDD,Marie Stopes International Ong,goafricaonline.com,ONG & Humanitaire,santé,Non spécifié,,
Graphiste – production audiovisuelle,Dakar,2026-03-14,2026-03-01,Stage,Lezzetli Restaurant Et Traiteur,goafricaonline.com,Commerce & Vente,"marketing, communication, gestion de projet",Non spécifié,,
Community manager / commercial,Dakar,2026-03-14,2026-03-01,Stage,Lezzetli Restaurant Et Traiteur,goafricaonline.com,Commerce & Vente,"vente, communication, marketing, gestion de projet",Non spécifié,,
Analyste soc confirmé,Dakar,2026-03-14,2026-03-01,CDD,Societe Afracaine De Raffinage - Sar,goafricaonline.com,BTP & Industrie,,5,5.0,5.0
Comptable fournisseur,Dakar,2026-03-14,2026-03-01,CDD,Societe Afracaine De Raffinage - Sar,goafricaonline.com,BTP & Industrie,finance,2,2.0,2.0
Ingénieur support SAP confirmé,Dakar,2026-03-14,2026-03-01,CDD,Societe Afracaine De Raffinage - Sar,goafricaonline.com,BTP & Industrie,gestion de projet,5,5.0,5.0
Chef de département transformation numérique & innovation,Dakar,,,CDD,Societe Afracaine De Raffinage - Sar,goafricaonline.com,BTP & Industrie,"communication, gestion de projet",8,8.0,8.0
Ingénieur(e) électromécanicien(ne),Dakar,2026-03-14,2026-03-01,CDD,Industries Chimiques Du Senegal,goafricaonline.com,BTP & Industrie,rh,Non spécifié,,
Superviseur commercial expérimenté dans le domaine FMCG,Dakar,,,CDD,SUNDA INTERNATIONAL,goafricaonline.com,BTP & Industrie,"vente, data analyse",3,3.0,3.0
Manager HEMM,Dakar,2026-03-14,2026-03-01,CDD,Industries Chimiques Du Senegal,goafricaonline.com,BTP & Industrie,"communication, data analyse",10-15,10.0,15.0
Comptable,Dakar,2026-03-14,2026-03-01,CDD,MATHYDY,goafricaonline.com,Non spécifié,finance,5,5.0,5.0
Responsable Stratégie et Coordination,Dakar,2026-03-14,2026-03-01,CDD,Acf (Action Contre La Faim),goafricaonline.com,ONG & Humanitaire,"programmation, finance, rh, logistique, gestion de projet",10,10.0,10.0
Agent Comptoir,Rufisque,2026-03-14,2026-03-01,Non spécifié,LEBOUGUI VOYAGES TOURS,goafricaonline.com,Tourisme & Hôtellerie,communication,Non spécifié,,
Agent de chat / Setter,Dakar,2026-03-13,2026-03-01,Freelance,FABEXS,goafricaonline.com,Technologie & Informatique,,Non spécifié,,
Gestionnaire Relation Client & SAV,Dakar,2026-03-13,2026-03-01,Freelance,FABEXS,goafricaonline.com,Technologie & Informatique,"vente, data analyse",Non spécifié,,
Chargé de la sécurisation des signes monétaires,Dakar,2026-03-09,2026-03-01,CDI,BCEAO,goafricaonline.com,ONG & Humanitaire,finance,2,2.0,2.0
Administrateur sécurité réseaux,Dakar,2026-03-09,2026-03-01,CDD,BCEAO,goafricaonline.com,ONG & Humanitaire,"communication, finance",2,2.0,2.0
Développeur en Intelligence Artificielle (02 postes),Dakar,2026-03-09,2026-03-01,CDD,BCEAO,goafricaonline.com,ONG & Humanitaire,"programmation, data analyse, gestion de projet",2,2.0,2.0
Assistant RH Paie et Administration,Dakar,2026-03-09,2026-03-01,CDD,SUNDA INTERNATIONAL,goafricaonline.com,BTP & Industrie,"finance, communication, rh",1-2,1.0,2.0
Analyste sécurité des SI,Dakar,2026-03-09,2026-03-01,CDI,BCEAO,goafricaonline.com,ONG & Humanitaire,finance,2,2.0,2.0
Chargé d’assurance qualité logicielle (02 postes),Dakar,2026-03-09,2026-03-01,CDI,BCEAO,goafricaonline.com,ONG & Humanitaire,"programmation, data analyse, finance, gestion de projet",2,2.0,2.0
Architecte technique et urbaniste du système d’information,Dakar,2026-03-09,2026-03-01,CDI,BCEAO,goafricaonline.com,ONG & Humanitaire,,2,2.0,2.0
IT Support Agent,Touba,2026-03-09,2026-03-01,CDD,Agence JUMIA,goafricaonline.com,Commerce & Vente,communication,Non spécifié,,
Enseignants,Dakar,2026-03-09,2026-03-01,CDD,ENKO INTERNATIONAL SCHOOL,goafricaonline.com,Education & Formation,"marketing, programmation, vente, communication, finance, santé, gestion de projet",2,2.0,2.0
Senior Research Officer,Dakar,2026-03-09,2026-03-01,CDD,IMPACTALENT,goafricaonline.com,RH & Recrutement,"programmation, data analyse, santé",3,3.0,3.0
Logistics handling operations operator,Dakar,2026-03-09,2026-03-01,CDD,CMA CGM Sénégal,goafricaonline.com,Transport & Logistique,,Non spécifié,,
Assistante commerciale – stagiaire,Dakar,2026-03-09,2026-03-01,CDD,VCJN RECRUT,goafricaonline.com,RH & Recrutement,vente,Non spécifié,,
Technicien de maintenance,Dakar,,,CDD,La Laiterie Du Berger,goafricaonline.com,Agriculture & Agroalimentaire,,Non spécifié,,
Assistant administratif et logistique,Dakar,2026-03-09,2026-03-01,CDD,SUNDA INTERNATIONAL,goafricaonline.com,BTP & Industrie,logistique,Non spécifié,,
Chargé/e de communication,Thiès,2026-03-09,2026-03-01,CDI,Ensa (Ecole Nationale Superieure D'Agriculture),goafricaonline.com,Education & Formation,"gestion de projet, communication, marketing",Non spécifié,,
Référent/e logistique opérationnelle,Dakar,2026-03-09,2026-03-01,CDI,Msf (Moniz Da Maia Serra & Fortunato Empreiteiro),goafricaonline.com,BTP & Industrie,"logistique, santé",Non spécifié,,
Agents collecteurs,Dakar,2026-03-09,2026-03-01,CDD,PLAN INTERNATIONAL SENEGAL,goafricaonline.com,ONG & Humanitaire,"gestion de projet, data analyse",Non spécifié,,
Électricien/ne,Dakar,2026-03-09,2026-03-01,Non spécifié,HOTEL TERROU BI,goafricaonline.com,Tourisme & Hôtellerie,,Non spécifié,,
Agent commercial,Dakar,2026-03-09,2026-03-01,Non spécifié,HOTEL TERROU BI,goafricaonline.com,Tourisme & Hôtellerie,vente,Non spécifié,,
Coordonnateur événementiel,Dakar,2026-03-09,2026-03-01,Non spécifié,HOTEL TERROU BI,goafricaonline.com,Tourisme & Hôtellerie,,Non spécifié,,
Audio visuel,Dakar,2026-03-09,2026-03-01,Non spécifié,HOTEL TERROU BI,goafricaonline.com,Tourisme & Hôtellerie,,Non spécifié,,
Jardinier(e),Dakar,2026-03-09,2026-03-01,Non spécifié,HOTEL TERROU BI,goafricaonline.com,Tourisme & Hôtellerie,,Non spécifié,,
Analyste en (stage),Dakar,2026-03-09,2026-03-01,Stage,TERANGA CAPITAL,goafricaonline.com,"Finance, Banque & Comptabilité",,Non spécifié,,
Analyste fraude et revenu assurance,Dakar,2026-03-09,2026-03-01,CDD,Gbg (Global Business Group),goafricaonline.com,"Finance, Banque & Comptabilité","visualisation de données, finance, data analyse",Non spécifié,,
Commercial Showroom,Dakar,2026-03-09,2026-03-01,CDD,Saprolait (Societe Africaine De Produits Laitiers),goafricaonline.com,BTP & Industrie,vente,Non spécifié,,
Technico Commercial Senior,Dakar,2026-03-09,2026-03-01,CDD,ELITE RH,goafricaonline.com,RH & Recrutement,"vente, marketing, communication",3-5,3.0,5.0
Program Manager,Dakar,2026-03-09,2026-03-01,CDD,Msf (Moniz Da Maia Serra & Fortunato Empreiteiro),goafricaonline.com,BTP & Industrie,"communication, programmation, rh, santé, logistique, gestion de projet",5,5.0,5.0
Regional Humanitarian Emergency & External Affairs Director,Dakar,2026-03-09,2026-03-01,CDD,WORLD VISION SENEGAL,goafricaonline.com,ONG & Humanitaire,communication,Non spécifié,,
Business Developper indépendant,Dakar,2026-03-09,2026-03-01,Stage,Digital Technology Intl Sarl,goafricaonline.com,Technologie & Informatique,"marketing, vente, communication, gestion de projet",2,2.0,2.0
Conducteur conditionnement sachet,Dakar,2026-03-09,2026-03-01,CDI,La Laiterie Du Berger,goafricaonline.com,Agriculture & Agroalimentaire,,Non spécifié,,
Superviseur maintenance parc – transport primaire,Dakar,,,CDI,La Laiterie Du Berger,goafricaonline.com,Agriculture & Agroalimentaire,logistique,Non spécifié,,
Accessories department supervisor,Dakar,2026-03-09,2026-03-01,CDD,CARLCARE SERVICE,goafricaonline.com,Transport & Logistique,vente,3-5,3.0,5.0
Comptable,Dakar,2026-03-09,2026-03-01,CDD,LAfricaMobile,goafricaonline.com,Marketing & Communication,non spécifié,Non spécifié,,
Assistant(e) juridique & fiscal(e),Dakar,2026-03-09,2026-03-01,CDI,LAfricaMobile,goafricaonline.com,Marketing & Communication,data analyse,1-3,1.0,3.0
Chauffeur polyvalent,Dakar,2026-03-09,2026-03-01,CDD/Stage,HEMISPHERE,goafricaonline.com,Tourisme & Hôtellerie,logistique,Non spécifié,,
Fleet Operations and Safety Advisor,Dakar,2026-03-09,2026-03-01,CDD,WORLD VISION SENEGAL,goafricaonline.com,ONG & Humanitaire,logistique,Non spécifié,,
Stagiaire communication 1,Dakar,2026-03-09,2026-03-01,Stage,WORLD VISION SENEGAL,goafricaonline.com,ONG & Humanitaire,"marketing, communication",Non spécifié,,
Commercial (e) – BTP,Dakar,2026-03-09,2026-03-01,CDD,CABINET MASTERH,goafricaonline.com,RH & Recrutement,"vente, marketing, data analyse",3,3.0,3.0
Bagagiste,Dakar,2026-03-09,2026-03-01,CDD,HOTEL TERROU BI,goafricaonline.com,Tourisme & Hôtellerie,,Non spécifié,,
Assistant(e) Concierge,Dakar,2026-03-09,2026-03-01,CDD,HOTEL TERROU BI,goafricaonline.com,Tourisme & Hôtellerie,,Non spécifié,,
Technicien(ne) de Maintenance,Dakar,,,CDD,HOTEL TERROU BI,goafricaonline.com,Tourisme & Hôtellerie,,Non spécifié,,
Plombier,Dakar,2026-03-09,2026-03-01,CDD,HOTEL TERROU BI,goafricaonline.com,Tourisme & Hôtellerie,,Non spécifié,,
Frigoriste,Dakar,2026-03-09,2026-03-01,CDD,HOTEL TERROU BI,goafricaonline.com,Tourisme & Hôtellerie,,Non spécifié,,
Employé(e) d’Étages,Dakar,2026-03-09,2026-03-01,CDD,HOTEL TERROU BI,goafricaonline.com,Tourisme & Hôtellerie,,Non spécifié,,
Senior Consultant,Dakar,2026-03-09,2026-03-01,CDD,Haskè Conseil,goafricaonline.com,"Finance, Banque & Comptabilité",non spécifié,Non spécifié,,
Project Manager,Dakar,2026-03-09,2026-03-01,CDD,Haskè Conseil,goafricaonline.com,"Finance, Banque & Comptabilité",gestion de projet,Non spécifié,,
Community Manager,Non spécifié,2026-03-09,2026-03-01,CDD,AMD CORPORATE,goafricaonline.com,Non spécifié,"marketing, data analyse, communication",Non spécifié,,
Agent de sécurité / Convoyeur / Superviseur,Non spécifié,2026-03-09,2026-03-01,CDD/CDI,SECUPLUS,goafricaonline.com,Non spécifié,"communication, rh",5,5.0,5.0
Assistant(e) en Ressources Humaines,Dakar,,,CDD,Ibs (Industrie Des Boissons Du Senegal),goafricaonline.com,Agriculture & Agroalimentaire,rh,Non spécifié,,
Sage‑Femme,Kaolack,2026-03-09,2026-03-01,CDD,Sos Villages D'Enfants Senegal,goafricaonline.com,Santé & Bien-être,santé,2,2.0,2.0
Assistant(e) Administratif(ve) et Financier(ière),Dakar,2026-03-09,2026-03-01,Stage,CLUB TIOSSANE,goafricaonline.com,Transport & Logistique,finance,Non spécifié,,
Consultant – Education Inclusive,Dakar,2026-03-09,2026-03-01,CDD,"Unesco (Organisation Des Nations Unies Pour L'Education, La Science Et La Culture)",goafricaonline.com,ONG & Humanitaire,"communication, programmation",Non spécifié,,
Consultant(e) Genre,Dakar,2026-03-09,2026-03-01,CDD,PPLAAF,goafricaonline.com,ONG & Humanitaire,"finance, gestion de projet",Non spécifié,,
Technical Training & Competency Coordinator (Local),Dakar,2026-03-09,2026-03-01,CDD,TOPWORK SENEGAL,goafricaonline.com,RH & Recrutement,,Non spécifié,,
Agents de Sécurité,Dakar,2026-03-09,2026-03-01,CDD,NABI INTERNATIONAL,goafricaonline.com,Non spécifié,"finance, gestion de projet",Non spécifié,,
It Project Manager,Dakar,2026-03-09,2026-03-01,CDD,BAOBAB SENEGAL,goafricaonline.com,"Finance, Banque & Comptabilité",gestion de projet,Non spécifié,,
Regional Humanitarian & Emergency Affairs (HEA) and Public Engagement Directo,Dakar,2026-03-09,2026-03-01,CDD,WORLD VISION SENEGAL,goafricaonline.com,ONG & Humanitaire,communication,Non spécifié,,
Chief Information Security Officer (CISO),Dakar,2026-03-09,2026-03-01,CDD,TOPWORK SENEGAL,goafricaonline.com,RH & Recrutement,,Non spécifié,,
Ingénieur commercial mines,Dakar,2026-03-09,2026-03-01,Stage,TOTAL ENERGIES,goafricaonline.com,Transport & Logistique,vente,Non spécifié,,
Téléconseillers néerlandais,Dakar,2026-03-09,2026-03-01,CDD,TERSEA SENEGAL,goafricaonline.com,Marketing & Communication,"vente, communication",Non spécifié,,
Comptable Gestionnaire,Dakar,2026-03-09,2026-03-01,CDD,Sos Villages D'Enfants Senegal,goafricaonline.com,Santé & Bien-être,"finance, communication, data analyse, santé, gestion de projet",Non spécifié,,
Ibdp Coordinator,Dakar,2026-03-09,2026-03-01,CDD,ENKO INTERNATIONAL SCHOOL,goafricaonline.com,Education & Formation,,Non spécifié,,
Consultant(e) Commercial Senior – Proprint,Dakar,2026-03-09,2026-03-01,CDD,ELITE RH,goafricaonline.com,RH & Recrutement,"vente, communication",Non spécifié,,
Assistante administrative,Dakar,2026-03-02,2026-03-01,CDD,ELITE RH,goafricaonline.com,RH & Recrutement,logistique,2,2.0,2.0
Agent de liaison,Dakar,2026-03-02,2026-03-01,CDD,ELITE RH,goafricaonline.com,RH & Recrutement,logistique,Non spécifié,,
Formateurs qualifiés,Dakar,2026-03-02,2026-03-01,CDD,Universite Amadou Makhtar Mbow,goafricaonline.com,Education & Formation,finance,Non spécifié,,
Secrétaire,Dakar,2026-03-02,2026-03-01,CDD,Universite Amadou Makhtar Mbow,goafricaonline.com,Education & Formation,,Non spécifié,,
Assistante de direction,Dakar,2026-03-02,2026-03-01,CDD,Universite Amadou Makhtar Mbow,goafricaonline.com,Education & Formation,,Non spécifié,,
Techniciens de laboratoires,Dakar,2026-03-02,2026-03-01,CDD,Universite Amadou Makhtar Mbow,goafricaonline.com,Education & Formation,,Non spécifié,,
Assistants Ressources Humaines,Dakar,,,CDD,Agence Nationale De La Statistique Et De La Demographie - Ansd,goafricaonline.com,Administration & Services publics,rh,Non spécifié,,
Programme de stage jeunes pro 2026,Dakar,2026-03-02,2026-03-01,Stage,Banque Nationale Pour Le Developpement Economique-Bnde,goafricaonline.com,"Finance, Banque & Comptabilité","vente, finance",Non spécifié,,
Spécialiste marketing mobile data,Dakar,2026-03-02,2026-03-01,Non spécifié,YAS SENEGAL,goafricaonline.com,Marketing & Communication,"marketing, vente",Non spécifié,,
Cluster Sport Manager,Dakar,2026-03-02,2026-03-01,CDD,COJOJ DAKAR 2026,goafricaonline.com,Sport & Loisirs,,Non spécifié,,
Agent Administrateur Antidopage,Dakar,2026-03-02,2026-03-01,CDD,COJOJ DAKAR 2026,goafricaonline.com,Sport & Loisirs,,Non spécifié,,
Responsable Des Sites De Contrôle Antidopage,Dakar,2026-03-02,2026-03-01,CDD,COJOJ DAKAR 2026,goafricaonline.com,Sport & Loisirs,,Non spécifié,,
Responsable Des Équipements,Dakar,2026-03-02,2026-03-01,CDD,COJOJ DAKAR 2026,goafricaonline.com,Sport & Loisirs,,Non spécifié,,
Chargé(e) de projets / PMO,Dakar,2026-03-02,2026-03-01,CDD,COJOJ DAKAR 2026,goafricaonline.com,ONG & Humanitaire,gestion de projet,Non spécifié,,
Coordinateur(trice) de production,Dakar,2026-03-02,2026-03-01,CDD,COJOJ DAKAR 2026,goafricaonline.com,Sport & Loisirs,communication,Non spécifié,,
"Assistant(e) coordinateur – Cérémonies d’accueil, de clôture et de dépar",Dakar,2026-03-02,2026-03-01,CDD,COJOJ DAKAR 2026,goafricaonline.com,Sport & Loisirs,communication,Non spécifié,,
Administrative Clerk,Dakar,2026-03-02,2026-03-01,CDD,Pnud (Programme Des Nations Unies Pour Le Developpement),goafricaonline.com,ONG & Humanitaire,"logistique, communication",Non spécifié,,
Conseiller En Santé Néonatale Et Infantile,Dakar,2026-03-02,2026-03-01,CDD,JHPIEGO,goafricaonline.com,ONG & Humanitaire,"gestion de projet, santé",Non spécifié,,
Responsable installation,Dakar,2026-03-02,2026-03-01,CDI,GPF SARL,goafricaonline.com,"Finance, Banque & Comptabilité",rh,Non spécifié,,
Auditeur interne,Dakar,2026-03-02,2026-03-01,CDD,Cfj / Centre De Formation Judiciare,goafricaonline.com,Education & Formation,"finance, communication, programmation",5,5.0,5.0
Électrotechnicien – compétences en automatisme,Dakar,2026-03-02,2026-03-01,CDD,RPORTH,goafricaonline.com,"Finance, Banque & Comptabilité","gestion de projet, vente",2-3,2.0,3.0
Transitaire junior,Dakar,2026-03-02,2026-03-01,CDD,RPORTH,goafricaonline.com,"Finance, Banque & Comptabilité","vente, finance, logistique",1-2,1.0,2.0
Ingénieur logiciel,Dakar,2026-03-02,2026-03-01,CDD,Anam (Agence Nationale Des Affaires Maritimes),goafricaonline.com,Administration & Services publics,,Non spécifié,,
Juriste,Dakar,2026-03-02,2026-03-01,CDD,Anam (Agence Nationale Des Affaires Maritimes),goafricaonline.com,Administration & Services publics,,Non spécifié,,
Contrôleur de gestion,Dakar,2026-03-02,2026-03-01,CDD,Anam (Agence Nationale Des Affaires Maritimes),goafricaonline.com,Administration & Services publics,,Non spécifié,,
Consultant(e) individuel(le) – Assistant(e) Suivi‑Évaluation (M&E),Dakar,2026-03-02,2026-03-01,CDD,CORAF/WECARD,goafricaonline.com,Administration & Services publics,,Non spécifié,,
Peintre automobile,Dakar,2026-03-02,2026-03-01,CDD,URBAN CARS SENEGAL,goafricaonline.com,Transport & Logistique,programmation,Non spécifié,,
Mécanicien automobile,Dakar,2026-03-02,2026-03-01,CDD,URBAN CARS SENEGAL,goafricaonline.com,Transport & Logistique,programmation,Non spécifié,,
Analyste : Excellence Commerciale,Dakar,2026-03-02,2026-03-01,CDD/Stage,CLUB TIOSSANE,goafricaonline.com,Transport & Logistique,vente,Non spécifié,,
Assistants TIC,Dakar,2026-03-02,2026-03-01,CDD,Agence Nationale De La Statistique Et De La Demographie - Ansd,goafricaonline.com,Administration & Services publics,"communication, gestion de projet",Non spécifié,,
Opérateurs Machines,Dakar,2026-03-02,2026-03-01,CDD,INTERNATIONAL STAFFING COMPANY,goafricaonline.com,RH & Recrutement,communication,Non spécifié,,
Opérateur salle pesée,Dakar,2026-03-02,2026-03-01,CDD,INTERNATIONAL STAFFING COMPANY,goafricaonline.com,RH & Recrutement,,Non spécifié,,
WASH Specialist,Dakar,2026-03-02,2026-03-01,CDD,UNICEF,goafricaonline.com,ONG & Humanitaire,,Non spécifié,,
Consultant(e) Commercial Senior,Dakar,2026-03-02,2026-03-01,CDD,ELITE RH,goafricaonline.com,RH & Recrutement,"vente, communication",Non spécifié,,
Chauffeur,Dakar,2026-03-02,2026-03-01,CDD,Anam (Agence Nationale Des Affaires Maritimes),goafricaonline.com,Administration & Services publics,,Non spécifié,,
Facturier,Dakar,2026-03-02,2026-03-01,CDD,Anam (Agence Nationale Des Affaires Maritimes),goafricaonline.com,Administration & Services publics,,Non spécifié,,
Gestionnaire de projets,Dakar,2026-03-02,2026-03-01,CDD,Anam (Agence Nationale Des Affaires Maritimes),goafricaonline.com,Administration & Services publics,,Non spécifié,,
Caissier,Dakar,2026-03-02,2026-03-01,CDD,Anam (Agence Nationale Des Affaires Maritimes),goafricaonline.com,Administration & Services publics,,Non spécifié,,
Médecin,Dakar,2026-03-02,2026-03-01,CDD,Anam (Agence Nationale Des Affaires Maritimes),goafricaonline.com,Administration & Services publics,,Non spécifié,,
Contrôleur du Travail,Dakar,2026-03-02,2026-03-01,CDD,Anam (Agence Nationale Des Affaires Maritimes),goafricaonline.com,Administration & Services publics,,Non spécifié,,
Spécialiste des services aux résidents,Dakar,2026-03-02,2026-03-01,CDD,TOPWORK SENEGAL,goafricaonline.com,RH & Recrutement,,Non spécifié,,
Conseiller.ère en réhabilitation d’infrastructure de base,Dakar,2026-03-02,2026-03-01,Stage,GIZ,goafricaonline.com,Administration & Services publics,santé,Non spécifié,,
Finance Assistant,Dakar,2026-03-02,2026-03-01,CDD,OIM,goafricaonline.com,ONG & Humanitaire,finance,Non spécifié,,
MEL Specialists,Dakar,2026-03-02,2026-03-01,CDD,PATH,goafricaonline.com,ONG & Humanitaire,"data analyse, santé",Non spécifié,,
Spécialiste aux achats,Dakar,2026-03-02,2026-03-01,CDD,Food And Agriculture Organization Of The United Nations-Fao,goafricaonline.com,ONG & Humanitaire,gestion de projet,Non spécifié,,
Assistant comptable,Dakar,2026-03-02,2026-03-01,CDD,ENERGIA,goafricaonline.com,RH & Recrutement,"finance, rh",Non spécifié,,
Commercial junior,Dakar,2026-03-02,2026-03-01,CDD,ENERGIA,goafricaonline.com,RH & Recrutement,vente,Non spécifié,,
Contrôleur de gestion,Dakar,2026-03-02,2026-03-01,CDI,Africa Global Logistics Sénégal,goafricaonline.com,Transport & Logistique,communication,Non spécifié,,
Client operations manager,Dakar,2026-03-02,2026-03-01,CDI,Africa Global Logistics Sénégal,goafricaonline.com,Transport & Logistique,communication,Non spécifié,,
Responsable de shift – gouvernant·e d’étages (parties communes),Dakar,2026-03-02,2026-03-01,Non spécifié,HOTEL TERROU BI,goafricaonline.com,Tourisme & Hôtellerie,,Non spécifié,,
Gestionnaire de stocks,Dakar,2026-03-02,2026-03-01,CDD,GRAVUPUB,goafricaonline.com,Marketing & Communication,"logistique, gestion de projet",Non spécifié,,
Responsable QHSE,Dakar,2026-03-02,2026-03-01,CDD,GRAVUPUB,goafricaonline.com,Marketing & Communication,"programmation, gestion de projet",Non spécifié,,
Assistant administratif production,Dakar,2026-03-02,2026-03-01,CDD,GRAVUPUB,goafricaonline.com,Marketing & Communication,gestion de projet,Non spécifié,,
Chargé.e des dossiers logistiques,Dakar,2026-03-02,2026-03-01,Stage,GIZ,goafricaonline.com,Administration & Services publics,"programmation, logistique, gestion de projet",1-2,1.0,2.0
Mobilisateurs communautaires,Mbour,2026-03-02,2026-03-01,CDD,ACF INTERNATIONAL,goafricaonline.com,"Finance, Banque & Comptabilité","communication, data analyse, santé, gestion de projet",Non spécifié,,
MEAL Officer,Mbour,2026-03-02,2026-03-01,CDD,ACF INTERNATIONAL,goafricaonline.com,"Finance, Banque & Comptabilité","communication, data analyse, programmation, gestion de projet",Non spécifié,,
Comptable production,Dakar,2026-02-23,2026-02-01,CDI,2S CONSULTING,goafricaonline.com,"Finance, Banque & Comptabilité",finance,Non spécifié,,
Conseillers commerciaux automobile,Dakar,2026-02-23,2026-02-01,CDD,ITTE CONSULTING,goafricaonline.com,"Finance, Banque & Comptabilité","vente, marketing",1-2,1.0,2.0
Stagiaire assistant(e) de direction / communication,Dakar,2026-02-23,2026-02-01,Stage,Terre Des Hommes Lausanne,goafricaonline.com,ONG & Humanitaire,"communication, marketing, gestion de projet",Non spécifié,,
Ingénieur en génie logiciel et administration système,Dakar,2026-02-23,2026-02-01,CDI,Centre De Calcul Informatique Ucad,goafricaonline.com,Education & Formation,"programmation, gestion de projet",Non spécifié,,
Chef(fe) de projet sénior erp,Dakar,2026-02-23,2026-02-01,CDD,BAAMTU SARL,goafricaonline.com,Sécurité,gestion de projet,Non spécifié,,
Technicien industrielle,Dakar,2026-02-23,2026-02-01,CDD,SCS SARL,goafricaonline.com,BTP & Industrie,non spécifié,3,3.0,3.0
Senior Program Officer,Dakar,2026-02-23,2026-02-01,CDD,PATH,goafricaonline.com,ONG & Humanitaire,"gestion de projet, santé",Non spécifié,,
Stagiaires fonctionnels ERP,Dakar,2026-02-23,2026-02-01,CDD,BAAMTU SARL,goafricaonline.com,Sécurité,gestion de projet,Non spécifié,,
Agent de tourisme,Dakar,2026-02-23,2026-02-01,CDI,Locasen (Location Automobile Au Senegal),goafricaonline.com,Tourisme & Hôtellerie,,Non spécifié,,
Agent de comptoir,Dakar,2026-02-23,2026-02-01,CDI,Locasen (Location Automobile Au Senegal),goafricaonline.com,Tourisme & Hôtellerie,,Non spécifié,,
Assistant administratif RH,Dakar,2026-02-23,2026-02-01,CDI,TOPWORK SENEGAL,goafricaonline.com,RH & Recrutement,"rh, logistique",Non spécifié,,
Chef(fe) de division Partenariat & Coopération,Dakar,2026-02-23,2026-02-01,CDI,Apda (Agence Pour La Promotion Et De Developpement De L'Artisanat),goafricaonline.com,BTP & Industrie,gestion de projet,Non spécifié,,
Operations Manager,Dakar,2026-02-23,2026-02-01,CDI,OLAM AGRI,goafricaonline.com,BTP & Industrie,"vente, programmation, rh, logistique",Non spécifié,,
Chargés de relations avec les entreprises,Dakar,2026-02-23,2026-02-01,CDD,Agence Nationale De La Statistique Et De La Demographie - Ansd,goafricaonline.com,Administration & Services publics,,Non spécifié,,
Archiviste,Dakar,2026-02-23,2026-02-01,CDI,Fongip (Fonds De Garantie Des Investissements Prioritaires),goafricaonline.com,Administration & Services publics,data analyse,Non spécifié,,
Superviseur terrain – déploiement digital,Dakar,2026-02-23,2026-02-01,CDD,AGENCE HYBRIDE,goafricaonline.com,RH & Recrutement,"vente, logistique",Non spécifié,,
Technicien en électro‑mécanique,Dakar,2026-02-23,2026-02-01,CDI,CARLCARE SERVICE,goafricaonline.com,Transport & Logistique,,2,2.0,2.0
Agent d’enrôlement – prestataires de santé (tiers‑payant),Dakar,2026-02-23,2026-02-01,CDD,AGENCE HYBRIDE,goafricaonline.com,RH & Recrutement,"vente, logistique, santé",Non spécifié,,
Agent d’enrôlement – distributeurs d’assurances,Dakar,2026-02-23,2026-02-01,CDD,AGENCE HYBRIDE,goafricaonline.com,RH & Recrutement,"vente, logistique",Non spécifié,,
Senior relationship manager,Dakar,2026-02-23,2026-02-01,CDD,CITI SENEGAL,goafricaonline.com,"Finance, Banque & Comptabilité",finance,Non spécifié,,
Conseiller.ère en gestion des partenariats stratégiques du kpcn,Dakar,2026-02-23,2026-02-01,CDD,GIZ,goafricaonline.com,Administration & Services publics,"data analyse, communication",Non spécifié,,
Conseiller.ère pour l’assistance technique et le renforcement des capacités,Dakar,2026-02-23,2026-02-01,CDD,GIZ,goafricaonline.com,Administration & Services publics,,Non spécifié,,
Business developer / apporteur d’affaires automobile,Dakar,2026-02-23,2026-02-01,CDD,WEBTEL,goafricaonline.com,Marketing & Communication,"finance, vente",Non spécifié,,
Chauffeur,Dakar,2026-02-23,2026-02-01,CDI,Centre De Calcul Informatique Ucad,goafricaonline.com,Education & Formation,,Non spécifié,,
Chargé(e) de missions administratives et financières,Dakar,2026-02-23,2026-02-01,CDD,EXPERTISE FRANCE,goafricaonline.com,ONG & Humanitaire,"finance, logistique, gestion de projet",7,7.0,7.0
Archiviste,Dakar,2026-02-23,2026-02-01,CDI,Centre De Calcul Informatique Ucad,goafricaonline.com,Education & Formation,,Non spécifié,,
Sage-femme,Dakar,2026-02-23,2026-02-01,CDI,Centre De Calcul Informatique Ucad,goafricaonline.com,Education & Formation,"programmation, santé",Non spécifié,,
Technicien(e) de laboratoire,Dakar,2026-02-23,2026-02-01,CDI,Centre De Calcul Informatique Ucad,goafricaonline.com,Education & Formation,santé,Non spécifié,,
Stagiaire en création de contenus (Social Media – focus vidéo),Dakar,2026-02-23,2026-02-01,CDI,STUDELY SENEGAL,goafricaonline.com,"Finance, Banque & Comptabilité","marketing, vente",Non spécifié,,
IT incident & technical support engineer,Thiès,2026-02-23,2026-02-01,CDI,Wvi (World Vision International),goafricaonline.com,ONG & Humanitaire,communication,Non spécifié,,
Responsable d’affaires sénior,Dakar,2026-02-23,2026-02-01,CDI,VINCI ENERGIES,goafricaonline.com,Energie & Environnement,gestion de projet,8,8.0,8.0
Réceptionniste night audit,Dakar,2026-02-23,2026-02-01,CDI,AXIL HOTEL,goafricaonline.com,Tourisme & Hôtellerie,,Non spécifié,,
Chef cuisinier spécialiste poulet grillé,Dakar,2026-02-23,2026-02-01,CDD,GPF SARL,goafricaonline.com,"Finance, Banque & Comptabilité",vente,5,5.0,5.0
Responsable commercial(e) et marketing chargé(e) du partenariat avec les institutions,Dakar,2026-02-23,2026-02-01,Freelance/Stage,EVENTS,goafricaonline.com,Marketing & Communication,"vente, marketing",Non spécifié,,
Regional Program Officer (RPO),Dakar,2026-02-23,2026-02-01,CDD,JHPIEGO,goafricaonline.com,ONG & Humanitaire,"gestion de projet, santé",4,4.0,4.0
Assistant Programme,Dakar,2026-02-23,2026-02-01,CDD,JHPIEGO,goafricaonline.com,ONG & Humanitaire,"communication, logistique, santé, gestion de projet",5,5.0,5.0
Directeur/Directrice Supply Chain,Dakar,2026-02-23,2026-02-01,CDD,CLUB TIOSSANE,goafricaonline.com,Transport & Logistique,"marketing, logistique, gestion de projet",Non spécifié,,
Magasinier Chantier BTP,Dakar,2026-02-23,2026-02-01,CDD,VDN TECH,goafricaonline.com,Marketing & Communication,"vente, communication, logistique, gestion de projet",3,3.0,3.0
Coordinateur(trice) coûts & contrats,Dakar,2026-02-23,2026-02-01,CDD,COJOJ DAKAR 2026,goafricaonline.com,Sport & Loisirs,"finance, gestion de projet",Non spécifié,,
Coordinateur(trice) des services ingénierie,Dakar,2026-02-23,2026-02-01,CDD,COJOJ DAKAR 2026,goafricaonline.com,Sport & Loisirs,,Non spécifié,,
Coordinateurs(trices) QHSE,Dakar,2026-02-23,2026-02-01,CDD,COJOJ DAKAR 2026,goafricaonline.com,Sport & Loisirs,,Non spécifié,,
Coordinateur(trice) senior communication,Dakar,2026-02-23,2026-02-01,CDD,COJOJ DAKAR 2026,goafricaonline.com,Sport & Loisirs,communication,Non spécifié,,
Chargés(es) des réservations / hôtels,Dakar,2026-02-23,2026-02-01,CDD,COJOJ DAKAR 2026,goafricaonline.com,Sport & Loisirs,logistique,Non spécifié,,
Chef de chantier second oeuvre,Dakar,2026-02-23,2026-02-01,CDD,TOPWORK SENEGAL,goafricaonline.com,RH & Recrutement,gestion de projet,Non spécifié,,
Manager MEL,Dakar,2026-02-23,2026-02-01,CDD,MARIE STOPES INTERNATIONALE,goafricaonline.com,Santé & Bien-être,"data analyse, gestion de projet, santé",8,8.0,8.0
Sales Developer,Dakar,2026-02-23,2026-02-01,Stage,NIXACOM,goafricaonline.com,Technologie & Informatique,"vente, marketing, communication, finance",Non spécifié,,
Standardiste expérimenté(e) chargée de la clientèle B2B,Dakar,2026-02-23,2026-02-01,Stage,GRAZEINA TECHNOLOGIES,goafricaonline.com,Sécurité,"communication, vente",Non spécifié,,
Assistant(e) administratif(ve),Dakar,2026-02-17,2026-02-01,CDD,HORIZONT3000,goafricaonline.com,ONG & Humanitaire,"finance, rh, data analyse, logistique, gestion de projet",2,2.0,2.0
Animateur de projet,Dakar,2026-02-17,2026-02-01,CDD,ISCOS/UNCO,goafricaonline.com,ONG & Humanitaire,"logistique, gestion de projet, data analyse",Non spécifié,,
Consultant Directeur Artistique – Graphiste,Non spécifié,2026-02-17,2026-02-01,CDD,Eno LINGUERE,goafricaonline.com,Non spécifié,,Non spécifié,,
Head of Division Segment,Dakar,2026-02-17,2026-02-01,CDI,YAS SENEGAL,goafricaonline.com,Marketing & Communication,"communication, marketing",Non spécifié,,
Enseignant chercheur‑Agroalimentaire,Dakar,2026-02-17,2026-02-01,CDD,Ensetp (Ecole Normale Superieure D’Enseignement Technique Et Professionnel),goafricaonline.com,Education & Formation,,Non spécifié,,
Chargé de production multimedi,Dakar,2026-02-17,2026-02-01,CDI,DAKAR MOBILITE,goafricaonline.com,Transport & Logistique,vente,Non spécifié,,
Assistant(e) administratif(ve) et financier(ère),Dakar,2026-02-17,2026-02-01,CDD,Ussein (Universite Du Sine Saloum El-Hadj Ibrahima Niass),goafricaonline.com,Education & Formation,"finance, logistique, gestion de projet",Non spécifié,,
Assistant comptable,Dakar,2026-02-17,2026-02-01,CDD/Stage,AVI SENEGAL,goafricaonline.com,Agriculture & Agroalimentaire,finance,Non spécifié,,
Coordonnateur central du Projet d’Accélération de l’Économie Numérique au Sénégal (PAENS),Dakar,2026-02-17,2026-02-01,CDD,PAENS,goafricaonline.com,ONG & Humanitaire,"finance, communication, gestion de projet",10,10.0,10.0
Jeunes diplômés en Comptabilité – Gestion – Finance,Dakar,2026-02-17,2026-02-01,CDD,NEOPROD iNTERNATIONAL,goafricaonline.com,"Finance, Banque & Comptabilité",finance,Non spécifié,,
Gestionnaire Syndic,Dakar,2026-02-17,2026-02-01,Non spécifié,RESIDENCE KALIA,goafricaonline.com,BTP & Industrie,communication,Non spécifié,,
Commercial,Non spécifié,2026-02-17,2026-02-01,CDD,REVOO SN,goafricaonline.com,Non spécifié,vente,Non spécifié,,
Assistant de direction,Dakar,2026-02-17,2026-02-01,CDD,Fawe Forum Des Educatrices Africaines Section Senegalaise,goafricaonline.com,ONG & Humanitaire,logistique,Non spécifié,,
Associate Research Officer – UNODC,Dakar,2026-02-17,2026-02-01,CDD,United Nations Office For West Africa - Unowa,goafricaonline.com,ONG & Humanitaire,data analyse,Non spécifié,,
Assistant Finances (Finance Associate),Dakar,2026-02-17,2026-02-01,CDD,UNOPS,goafricaonline.com,ONG & Humanitaire,"finance, gestion de projet",Non spécifié,,
Analyste Communication Digitale et Médias Sociaux,Dakar,2026-02-17,2026-02-01,CDD,ONU-FEMMES,goafricaonline.com,ONG & Humanitaire,"communication, marketing, programmation",Non spécifié,,
Stagiaire Comptable,Dakar,2026-02-17,2026-02-01,Stage,WORLD VISION SENEGAL,goafricaonline.com,ONG & Humanitaire,"finance, gestion de projet",Non spécifié,,
Chargé de la sauvegarde,Dakar,2026-02-17,2026-02-01,CDD,Fawe Forum Des Educatrices Africaines Section Senegalaise,goafricaonline.com,ONG & Humanitaire,gestion de projet,Non spécifié,,
Comptable,Dakar,2026-02-17,2026-02-01,CDD,Fawe Forum Des Educatrices Africaines Section Senegalaise,goafricaonline.com,ONG & Humanitaire,"finance, gestion de projet",Non spécifié,,
Agent de terrain,Dakar,2026-02-17,2026-02-01,CDD,Fawe Forum Des Educatrices Africaines Section Senegalaise,goafricaonline.com,ONG & Humanitaire,"communication, gestion de projet, data analyse",Non spécifié,,
Assistant(e) informatique,Dakar,2026-02-17,2026-02-01,CDD,Fawe Forum Des Educatrices Africaines Section Senegalaise,goafricaonline.com,ONG & Humanitaire,gestion de projet,Non spécifié,,
Formation Apprenti Serveur / Serveuse,Dakar,2026-02-17,2026-02-01,CDD/CDI,grillade de Total gazole station,goafricaonline.com,Commerce & Vente,,Non spécifié,,
Manager de restaurant,Louga,2026-02-17,2026-02-01,CDD,grillade de Total gazole station,goafricaonline.com,Commerce & Vente,,Non spécifié,,
Chargé(e) de communication,Dakar,2026-02-17,2026-02-01,CDD,Fawe Forum Des Educatrices Africaines Section Senegalaise,goafricaonline.com,ONG & Humanitaire,"communication, marketing, gestion de projet",Non spécifié,,
Inter – programme management,Dakar,2026-02-17,2026-02-01,CDD,United Nations Office For West Africa - Unowa,goafricaonline.com,ONG & Humanitaire,,Non spécifié,,
Commerciaux expérimentés terrain,Non spécifié,2026-02-17,2026-02-01,CDD,EAZY-VISA,goafricaonline.com,Non spécifié,vente,2-3,2.0,3.0
Expert carrière,Dakar,2026-02-17,2026-02-01,CDD,BIA DAKAR,goafricaonline.com,BTP & Industrie,"vente, programmation, data analyse, logistique",5,5.0,5.0
Chef d’atelier électricités/ instrumentalisation,Dakar,2026-02-17,2026-02-01,CDD,Sonacos Sa (Ex Suneor),goafricaonline.com,Agriculture & Agroalimentaire,,2,2.0,2.0
Chef d’atelier maintenance,Dakar,,,CDD,Sonacos Sa (Ex Suneor),goafricaonline.com,Agriculture & Agroalimentaire,,2,2.0,2.0
Chef d’atelier décorticage,Dakar,,,CDD,Sonacos Sa (Ex Suneor),goafricaonline.com,Agriculture & Agroalimentaire,,2,2.0,2.0
Chef d’atelier maintenance mécanique,Dakar,,,CDD,Sonacos Sa (Ex Suneor),goafricaonline.com,Agriculture & Agroalimentaire,,3,3.0,3.0
Technicien datacenter cfo,Dakar,2026-02-17,2026-02-01,CDD,CFAO EQUIPEMENT,goafricaonline.com,BTP & Industrie,gestion de projet,Non spécifié,,
Technicien datacenter cvc,Dakar,2026-02-17,2026-02-01,CDD,CFAO EQUIPEMENT,goafricaonline.com,BTP & Industrie,gestion de projet,Non spécifié,,
Projeteur / dessinateur,Dakar,2026-02-17,2026-02-01,CDD,SABLUX IMMOBILLIER,goafricaonline.com,BTP & Industrie,gestion de projet,Non spécifié,,
Ingénieur structure junior,Dakar,2026-02-17,2026-02-01,CDD,SABLUX IMMOBILLIER,goafricaonline.com,BTP & Industrie,,Non spécifié,,
Commercial(e) terrain b2b et b2c,Dakar,2026-02-17,2026-02-01,CDD,KebLink,goafricaonline.com,Technologie & Informatique,"vente, logistique",3,3.0,3.0
Chef(fe) de projet – déploiement de réseaux électriques,Dakar,2026-02-17,2026-02-01,CDI,SAGEMCOM SENEGAL,goafricaonline.com,Marketing & Communication,"communication, finance, logistique, gestion de projet",10+,10.0,10.0
Agent d’exploitation,Dakar,2026-02-17,2026-02-01,CDI,TOTAL ENERGIES,goafricaonline.com,Transport & Logistique,,3,3.0,3.0
Magasinier (centre emplisseur gaz mbao),Dakar,2026-02-17,2026-02-01,CDI,TOTAL ENERGIES,goafricaonline.com,Transport & Logistique,logistique,2,2.0,2.0
Coordinateur maintenance,Dakar,,,Stage,TOTAL ENERGIES,goafricaonline.com,Transport & Logistique,communication,2,2.0,2.0
Agent ADV,Dakar,2026-02-17,2026-02-01,CDI,TOTAL ENERGIES,goafricaonline.com,Transport & Logistique,finance,3,3.0,3.0
Livelihood Officer – Projet THRIVE,Thiès,2026-02-17,2026-02-01,CDD,Wvi (World Vision International),goafricaonline.com,ONG & Humanitaire,gestion de projet,Non spécifié,,
Quality Analyst / Testeur Logiciel,Dakar,2026-02-17,2026-02-01,CDD,SOCIUM JOB,goafricaonline.com,RH & Recrutement,programmation,3,3.0,3.0
Médecin du travail H/F,Dakar,2026-02-17,2026-02-01,CDI,AUCHAN,goafricaonline.com,Commerce & Vente,santé,Non spécifié,,
Agents commerciaux terrain B2B expérimentés,Non spécifié,2026-02-12,2026-02-01,CDD,EAZY-VISA,goafricaonline.com,Non spécifié,vente,Non spécifié,,
Commercial immobilier,Dakar,2026-02-12,2026-02-01,CDD,SCI LA PROMOBILIERE,goafricaonline.com,BTP & Industrie,vente,Non spécifié,,
Télévendeuse / Télémarketing – Essai 1 mois,Dakar,2026-02-12,2026-02-01,Stage,SORIBA BAYO COMPANY,goafricaonline.com,Technologie & Informatique,"marketing, vente, communication, programmation",Non spécifié,,
Superviseur peinture industrielle,Dakar,2026-02-12,2026-02-01,CDD,TOPWORK SENEGAL,goafricaonline.com,RH & Recrutement,,3-5,3.0,5.0
Responsable maintenance industrielle,Dakar,,,CDD,TOPWORK SENEGAL,goafricaonline.com,RH & Recrutement,,5,5.0,5.0
Directeur exécutif pour la production des vaccins,Dakar,2026-02-12,2026-02-01,CDI,Institut Pasteur De Dakar,goafricaonline.com,Santé & Bien-être,"data analyse, santé",Non spécifié,,
Responsable de l’activité digitale,Dakar,2026-02-12,2026-02-01,CDI,PROFIL,goafricaonline.com,"Finance, Banque & Comptabilité","marketing, vente, finance, data analyse, gestion de projet",Non spécifié,,
Conseiller·ère en mobilisation et engagement de la diaspora,Dakar,2026-02-12,2026-02-01,CDI,GIZ,goafricaonline.com,Administration & Services publics,"communication, gestion de projet",Non spécifié,,
Ingénieur MEP,Dakar,2026-02-12,2026-02-01,CDD,TOPWORK SENEGAL,goafricaonline.com,RH & Recrutement,gestion de projet,Non spécifié,,
Ingénieur conducteur de travaux,Dakar,2026-02-12,2026-02-01,CDD,TOPWORK SENEGAL,goafricaonline.com,RH & Recrutement,"logistique, rh, gestion de projet",8,8.0,8.0
Agents administratifs terrain,Dakar,2026-02-12,2026-02-01,CDD,TOPWORK SENEGAL,goafricaonline.com,RH & Recrutement,rh,Non spécifié,,
Commercial Automobile,Dakar,2026-02-12,2026-02-01,CDD,Phoenix Consulting Group - Pcg,goafricaonline.com,RH & Recrutement,vente,Non spécifié,,
Coordinateur(trice) National,Dakar,2026-02-12,2026-02-01,CDD,PLAN INTERNATIONAL SENEGAL,goafricaonline.com,ONG & Humanitaire,"finance, gestion de projet",Non spécifié,,
Responsable Suivi – Évaluation (MERL) – Projet OSER-AGIR,Dakar,2026-02-12,2026-02-01,CDD,PLAN INTERNATIONAL SENEGAL,goafricaonline.com,ONG & Humanitaire,"data analyse, gestion de projet",Non spécifié,,
Stage en communication visuelle,Guédiawaye,2026-02-12,2026-02-01,Stage,SENAUBAINES,goafricaonline.com,Commerce & Vente,"marketing, vente, communication, gestion de projet",Non spécifié,,
Technico-Commercial Agricole,Dakar,2026-02-12,2026-02-01,CDI,SENECARTOURS,goafricaonline.com,Transport & Logistique,"marketing, vente, communication, data analyse, programmation, rh, logistique",2,2.0,2.0
Directeur exécutif des opérations,Dakar,2026-02-12,2026-02-01,CDI,Institut Pasteur De Dakar,goafricaonline.com,Education & Formation,"finance, data analyse, santé, logistique, gestion de projet",Non spécifié,,
Chef(fe) de projet,Dakar,2026-02-12,2026-02-01,CDI,SAGEMCOM SENEGAL,goafricaonline.com,Marketing & Communication,"communication, finance, gestion de projet",Non spécifié,,
Conseiller(e) Commercial(e) LLD,Dakar,2026-02-12,2026-02-01,CDI,CFAO EQUIPEMENT,goafricaonline.com,BTP & Industrie,"vente, communication, finance, data analyse, programmation, logistique, gestion de projet",2,2.0,2.0
"Regional Senior Business Advisor, WAR",Dakar,2026-02-12,2026-02-01,CDD,WORLD VISION SENEGAL,goafricaonline.com,ONG & Humanitaire,gestion de projet,Non spécifié,,
Chef(fe) de division communication & marketing,Dakar,2026-02-12,2026-02-01,CDI,Apda (Agence Pour La Promotion Et De Developpement De L'Artisanat),goafricaonline.com,BTP & Industrie,"marketing, communication",Non spécifié,,
Agent d’inventaire de stock bilingue,Dakar,2026-02-12,2026-02-01,CDD,SUNDA INTERNATIONAL,goafricaonline.com,BTP & Industrie,,Non spécifié,,
Créateur(trice) de contenus / Content Creator,Dakar,2026-02-12,2026-02-01,CDI,Apda (Agence Pour La Promotion Et De Developpement De L'Artisanat),goafricaonline.com,BTP & Industrie,gestion de projet,Non spécifié,,
Stagiaire comptable Kaffrine,Dakar,2026-02-12,2026-02-01,CDD,WORLD VISION SENEGAL,goafricaonline.com,ONG & Humanitaire,"finance, gestion de projet",Non spécifié,,
Power and DC MS Interface Expert,Dakar,2026-02-12,2026-02-01,CDI,YAS SENEGAL,goafricaonline.com,Marketing & Communication,,Non spécifié,,
Vendeur,Non spécifié,2026-02-12,2026-02-01,CDD,AMD CORPORATE,goafricaonline.com,Non spécifié,vente,Non spécifié,,
Chauffeur commercial,Non spécifié,2026-02-12,2026-02-01,CDD,AMD CORPORATE,goafricaonline.com,Non spécifié,,Non spécifié,,
Consultants dans des domaines divers,Dakar,,,CDI,ESCULAPE 2000,goafricaonline.com,Santé & Bien-être,gestion de projet,Non spécifié,,
Préparateur(trice) en pharmacie,Dakar,2026-02-12,2026-02-01,CDD,PHARMACIE GUIGON,goafricaonline.com,"Finance, Banque & Comptabilité",,2,2.0,2.0
Core sales executive,Dakar,2026-02-12,2026-02-01,CDI,MYRIAD,goafricaonline.com,Technologie & Informatique,gestion de projet,10,10.0,10.0
IT Engineer,Dakar,2026-02-12,2026-02-01,CDD,MYRIAD,goafricaonline.com,Technologie & Informatique,"programmation, rh, gestion de projet",5,5.0,5.0
Comptable Clients,Dakar,2026-02-12,2026-02-01,CDD,CFAO EQUIPEMENT,goafricaonline.com,BTP & Industrie,finance,Non spécifié,,
Senior Consultant PS Expert – Technical,Dakar,2026-02-12,2026-02-01,CDD,Sbs Babacar Nguirane Correa,goafricaonline.com,import et export,"rh, gestion de projet",Non spécifié,,
Agent Support Client B2CFTTX,Dakar,2026-02-12,2026-02-01,CDD,ECO AFRIQUE,goafricaonline.com,"Finance, Banque & Comptabilité",,Non spécifié,,
Responsable du développement des affaires et des partenariats stratégiques,Dakar,2026-02-12,2026-02-01,CDD,OXFAM GRANDE-BRETAGNE,goafricaonline.com,ONG & Humanitaire,"finance, communication",Non spécifié,,
Stagiaire Commercial – Baamtu Consulting,Dakar,2026-02-12,2026-02-01,CDD,BAAMTU SARL,goafricaonline.com,Sécurité,"vente, marketing",Non spécifié,,
Commercial Data & Intelligence Artificielle / Business Developer - Baamtu Datamation,Dakar,2026-02-12,2026-02-01,CDD,BAAMTU SARL,goafricaonline.com,Sécurité,"vente, gestion de projet",Non spécifié,,
Stagiaire Commercial & Avant-vente – Baamtu Systems,Dakar,2026-02-12,2026-02-01,CDD,BAAMTU SARL,goafricaonline.com,Sécurité,"vente, gestion de projet",Non spécifié,,
Community manager – création de contenu et visibilité,Dakar,2026-02-12,2026-02-01,Non spécifié,TUTO SN,goafricaonline.com,Education & Formation,"communication, marketing",Non spécifié,,
Chargé marketing digital,Dakar,2026-02-12,2026-02-01,Stage,HUMANIS INTERIM,goafricaonline.com,RH & Recrutement,"marketing, communication",Non spécifié,,
Ingénieur développeur d'applications h/f,Dakar,2026-02-12,2026-02-01,CDD,Banque Islamique Du Senegal-Bis,goafricaonline.com,"Finance, Banque & Comptabilité","programmation, gestion de projet",Non spécifié,,
Consultant(e) senior en formation et développement,Non spécifié,2026-02-12,2026-02-01,CDD,Trust Africa Côte D'Ivoire,goafricaonline.com,Non spécifié,programmation,Non spécifié,,
Agent logistique,Dakar,2026-02-12,2026-02-01,Stage,CLUB TIOSSANE,goafricaonline.com,Transport & Logistique,logistique,Non spécifié,,
Chauffeur qualifié,Dakar,2026-02-12,2026-02-01,CDI,Emn (Entreprise Mapathe Ndiouck),goafricaonline.com,BTP & Industrie,,Non spécifié,,
Agent service clientèle,Dakar,2026-02-12,2026-02-01,CDD,HOLLY TRANS LIMITED,goafricaonline.com,Transport & Logistique,"marketing, communication, logistique, gestion de projet",Non spécifié,,
Agent commercial logistique,Dakar,2026-02-12,2026-02-01,CDD,HOLLY TRANS LIMITED,goafricaonline.com,Transport & Logistique,"marketing, vente, communication, logistique, gestion de projet",Non spécifié,,
Télé-enquêteur,Dakar,2026-02-12,2026-02-01,CDD,Quality center,goafricaonline.com,Marketing & Communication,,Non spécifié,,
Déclarant en douane,Dakar,,,CDD,TOPWORK SENEGAL,goafricaonline.com,RH & Recrutement,non spécifié,Non spécifié,,
National Advocacy Analyst & Resource Mobilization Officer,Dakar,2026-02-12,2026-02-01,CDD,Unfpa (Fonds Des Nations Unies Pour La Population),goafricaonline.com,ONG & Humanitaire,,Non spécifié,,
Comptable,Dakar,2026-02-09,2026-02-01,CDD,SENECA SUARL,goafricaonline.com,Agriculture & Agroalimentaire,"finance, vente, data analyse",Non spécifié,,
Application developer T24,Dakar,2026-02-09,2026-02-01,CDI,BAOBAB SENEGAL,goafricaonline.com,"Finance, Banque & Comptabilité","communication, data analyse, gestion de projet",Non spécifié,,
Responsable sécurité frontalière et administration territoriale,Dakar,2026-02-09,2026-02-01,CDD,PUMA,goafricaonline.com,ONG & Humanitaire,,Non spécifié,,
Responsable Sécurité Frontalière et Administration Territoriale,Dakar,2026-02-09,2026-02-01,CDD,PUMA,goafricaonline.com,ONG & Humanitaire,finance,Non spécifié,,
Auditeur Interne,Dakar,2026-02-09,2026-02-01,CDD,PUMA,goafricaonline.com,ONG & Humanitaire,finance,Non spécifié,,
Technicien(ne) Agricole,Dakar,2026-02-09,2026-02-01,CDD,TERANGA MANPOWER,goafricaonline.com,RH & Recrutement,,Non spécifié,,
Spécialiste en passation de marchés,Dakar,2026-02-09,2026-02-01,CDD,PUMA,goafricaonline.com,ONG & Humanitaire,,Non spécifié,,
Responsable administratif et financier,Dakar,2026-02-09,2026-02-01,CDD,PUMA,goafricaonline.com,ONG & Humanitaire,,Non spécifié,,
Ingénieur génie civil senior,Dakar,2026-02-09,2026-02-01,CDD,PUMA,goafricaonline.com,ONG & Humanitaire,,Non spécifié,,
Responsable recrutemen,Dakar,2026-02-09,2026-02-01,CDI,RMO,goafricaonline.com,RH & Recrutement,rh,Non spécifié,,
Superviseur HSE,Dakar,2026-02-09,2026-02-01,CDD,OLAM AGRI,goafricaonline.com,BTP & Industrie,santé,Non spécifié,,
Chargé de compte,Dakar,2026-02-09,2026-02-01,CDD,RMO,goafricaonline.com,RH & Recrutement,"finance, communication",2-3,2.0,3.0
Commercial(e) BTP,Dakar,2026-02-09,2026-02-01,CDD/CDI/Stage,Sicat Btp (Societe D'Ingenierie De Construction Et D'Assistance Technique),goafricaonline.com,BTP & Industrie,"vente, programmation",Non spécifié,,
Responsable administratif et financier (RAF),Dakar,2026-02-09,2026-02-01,CDD,FLEETI,goafricaonline.com,Transport & Logistique,finance,5,5.0,5.0
Chef(fe) de cabinet / Coordinateur(trice) exécutif(ve,Dakar,2026-02-09,2026-02-01,CDD,PROFIL,goafricaonline.com,"Finance, Banque & Comptabilité","communication, marketing",Non spécifié,,
National advocacy analyst & resource mobilization office,Dakar,2026-02-09,2026-02-01,CDD,Unfpa (Fonds Des Nations Unies Pour La Population),goafricaonline.com,ONG & Humanitaire,"finance, santé",2,2.0,2.0
Stagiaire préparateur(trice) de devis informatique (Profil Systèmes & Réseaux),Dakar,2026-02-09,2026-02-01,Stage,GRAZEINA TECHNOLOGIES,goafricaonline.com,Sécurité,"gestion de projet, vente",Non spécifié,,
Community Manager H/F,Dakar,2026-02-09,2026-02-01,CDD,GPF SARL,goafricaonline.com,"Finance, Banque & Comptabilité",marketing,3,3.0,3.0
Responsable Commercial,Dakar,2026-02-09,2026-02-01,CDD,GPF SARL,goafricaonline.com,"Finance, Banque & Comptabilité","vente, marketing, communication",3,3.0,3.0
Standardiste expérimenté(e),Dakar,2026-02-09,2026-02-01,Stage,GRAZEINA TECHNOLOGIES,goafricaonline.com,Sécurité,"communication, vente",3,3.0,3.0
Stagiaire RH,Dakar,2026-02-09,2026-02-01,Stage,CARLCARE SERVICE,goafricaonline.com,Transport & Logistique,rh,Non spécifié,,
Chef de service GPL,Dakar,2026-02-09,2026-02-01,Stage,TOTAL ENERGIES,goafricaonline.com,Transport & Logistique,"vente, communication",Non spécifié,,
Réceptionniste,Dakar,2026-02-09,2026-02-01,CDD,CARLCARE SERVICE,goafricaonline.com,Transport & Logistique,communication,Non spécifié,,
Chauffeur – Transport de personnel,Dakar,2026-02-09,2026-02-01,CDD,CARLCARE SERVICE,goafricaonline.com,Transport & Logistique,logistique,Non spécifié,,
Représentant Commercial – Télévente,Dakar,2026-02-09,2026-02-01,CDD,GOMYCODE SENEGAL,goafricaonline.com,Education & Formation,"vente, marketing",2,2.0,2.0
Responsable des ressources Humaines,Dakar,,,CDD,CARLCARE SERVICE,goafricaonline.com,Transport & Logistique,"communication, vente",Non spécifié,,
Conducteur / chauffeur de tricycle,Dakar,2026-02-09,2026-02-01,CDD,CLEANIC,goafricaonline.com,BTP & Industrie,,Non spécifié,,
Développeur(se) front-end junior (Angular),Dakar,2026-02-09,2026-02-01,CDD,CLEANIC,goafricaonline.com,BTP & Industrie,"programmation, gestion de projet",0-2,0.0,2.0
Délégué(e) Médical(e),Dakar,2026-02-09,2026-02-01,CDD,NESTLE SENEGAL,goafricaonline.com,BTP & Industrie,"vente, marketing, santé",2-3,2.0,3.0
"Spécialiste Programme, Economiste Féministe",Dakar,2026-02-09,2026-02-01,CDD,ONU-FEMMES,goafricaonline.com,ONG & Humanitaire,,Non spécifié,,
Spécialiste Programme Migration,Dakar,2026-02-09,2026-02-01,CDD,ONU-FEMMES,goafricaonline.com,ONG & Humanitaire,finance,Non spécifié,,
Commerciale B2B,Dakar,2026-02-09,2026-02-01,CDD,ELITE RH,goafricaonline.com,RH & Recrutement,vente,Non spécifié,,
Agent d’accueil et de développement des publics,Dakar,2026-02-09,2026-02-01,CDD,Institut Francais Au Senegal,goafricaonline.com,Tourisme & Hôtellerie,communication,Non spécifié,,
Human Resources Manager,Dakar,2026-02-09,2026-02-01,CDD,VIVO ENERGY,goafricaonline.com,Transport & Logistique,"marketing, vente, finance, communication, data analyse, programmation, gestion de projet",2,2.0,2.0
Chargé d’Administration des Ventes (H/F),Dakar,2026-02-09,2026-02-01,CDI,RMO,goafricaonline.com,RH & Recrutement,"vente, rh, logistique",Non spécifié,,
Stagiaire Ingénieur Réseaux / Systèmes / Sécurité / Infrastructures (H/F),Dakar,2026-02-09,2026-02-01,CDD,Cetud (Conseil Excecutif Des Transports Urbains De Dakar),goafricaonline.com,Transport & Logistique,logistique,Non spécifié,,
Division Director – Africa West 1,Dakar,2026-02-09,2026-02-01,CDD,BANQUE MONDIALE,goafricaonline.com,ONG & Humanitaire,finance,Non spécifié,,
Responsable Administratif et Financier (RAF),Dakar,2026-02-09,2026-02-01,CDD,LE PARTENARIAT,goafricaonline.com,ONG & Humanitaire,finance,Non spécifié,,
Adjoint(e) Responsable Trésorerie,Dakar,2026-02-09,2026-02-01,CDD,CFAO EQUIPEMENT,goafricaonline.com,BTP & Industrie,finance,5,5.0,5.0
Responsable livraison,Dakar,2026-02-09,2026-02-01,CDD,TOPWORK SENEGAL,goafricaonline.com,RH & Recrutement,,Non spécifié,,
Médecins Sans Frontières (MSF),Dakar,2026-02-09,2026-02-01,CDI,MSF SARL SENEGAL,goafricaonline.com,Santé & Bien-être,"communication, rh, santé, logistique, data analyse",3,3.0,3.0
Regional Coordinator,Dakar,2026-02-09,2026-02-01,CDD/CDI,JHPIEGO,goafricaonline.com,ONG & Humanitaire,"finance, gestion de projet, santé",Non spécifié,,
Program officer,Dakar,2026-02-09,2026-02-01,CDD,JHPIEGO,goafricaonline.com,ONG & Humanitaire,"finance, santé",Non spécifié,,
Chargé des finances,Dakar,2026-02-09,2026-02-01,CDD,JHPIEGO,goafricaonline.com,ONG & Humanitaire,"finance, gestion de projet",Non spécifié,,
Agent de sûreté,Dakar,2026-02-09,2026-02-01,CDD,BCEAO,goafricaonline.com,ONG & Humanitaire,,Non spécifié,,
Secrétariat,Dakar,2026-02-09,2026-02-01,CDD,BCEAO,goafricaonline.com,ONG & Humanitaire,,2,2.0,2.0
02 Manutentionnaires,Dakar,2026-02-09,2026-02-01,CDD,BCEAO,goafricaonline.com,ONG & Humanitaire,,Non spécifié,,
Agent de sécurité incendie,Dakar,2026-02-09,2026-02-01,CDD,BCEAO,goafricaonline.com,ONG & Humanitaire,,Non spécifié,,
IT Business Partner,Dakar,2026-02-09,2026-02-01,CDD,DRC,goafricaonline.com,ONG & Humanitaire,communication,Non spécifié,,
Trois (03) Chargés de Suivi Evaluation (S&E),Dakar,2026-02-09,2026-02-01,CDD,JHPIEGO,goafricaonline.com,ONG & Humanitaire,"gestion de projet, programmation, santé",Non spécifié,,
Conseiller en Admission Universitaire,Dakar,2026-02-09,2026-02-01,Non spécifié,ENKO SCHOOL WACO,goafricaonline.com,Education & Formation,"communication, programmation",Non spécifié,,
Stagiaire Ingénieur Réseaux / Systèmes / Sécurité / Infrastructures,Dakar,2026-02-09,2026-02-01,Stage,Cetud (Conseil Excecutif Des Transports Urbains De Dakar),goafricaonline.com,Transport & Logistique,,Non spécifié,,
Livreur,Dakar,2026-02-09,2026-02-01,Non spécifié,BOUM MARKET,goafricaonline.com,BTP & Industrie,non spécifié,Non spécifié,,
Monitoring & Evaluation Support Consultant,Dakar,2026-02-09,2026-02-01,CDD,"Unesco (Organisation Des Nations Unies Pour L'Education, La Science Et La Culture)",goafricaonline.com,ONG & Humanitaire,"data analyse, santé, gestion de projet",5,5.0,5.0
Ingénieur Biomédical (H/F),Dakar,2026-02-09,2026-02-01,CDD,TECTRA SENEGAL,goafricaonline.com,RH & Recrutement,"communication, santé, gestion de projet",Non spécifié,,
Comptable,Dakar,2026-02-09,2026-02-01,CDI,LAITERIE DU BERGER,goafricaonline.com,Agriculture & Agroalimentaire,"finance, gestion de projet",Non spécifié,,
Responsable coordination stratégique – 100 % Remote,Bakel,2026-02-09,2026-02-01,Freelance,HUMANEX,goafricaonline.com,Commerce & Vente,"marketing, vente, programmation, communication, data analyse, logistique, gestion de projet",2,2.0,2.0
Finance officer,Dakar,2026-02-04,2026-02-01,CDD,L'IMPACT,goafricaonline.com,Marketing & Communication,finance,Non spécifié,,
Commercial,Dakar,2026-02-04,2026-02-01,Stage,DIAAR YEEMOU INVEST,goafricaonline.com,BTP & Industrie,"marketing, gestion de projet, vente",Non spécifié,,
Responsable services généraux,Dakar,2026-02-04,2026-02-01,Non spécifié,AFRIKABAT,goafricaonline.com,BTP & Industrie,gestion de projet,Non spécifié,,
Chef ferrailleur,Dakar,2026-02-04,2026-02-01,Non spécifié,AFRIKABAT,goafricaonline.com,BTP & Industrie,gestion de projet,Non spécifié,,
Chef coffrage,Dakar,2026-02-04,2026-02-01,Non spécifié,AFRIKABAT,goafricaonline.com,BTP & Industrie,gestion de projet,Non spécifié,,
Femme de ménage,Dakar,2026-02-04,2026-02-01,CDD,SUNDA INTERNATIONAL,goafricaonline.com,BTP & Industrie,,Non spécifié,,
Agent cotation,Dakar,2026-02-04,2026-02-01,CDI,African Cargo Central Logistics,goafricaonline.com,Transport & Logistique,"logistique, santé",3,3.0,3.0
Responsable trésorerie et recouvrement,Dakar,2026-02-04,2026-02-01,CDI,GPF SARL,goafricaonline.com,"Finance, Banque & Comptabilité","finance, vente",5,5.0,5.0
Country growth operations lead,Dakar,2026-02-04,2026-02-01,CDD,WAVE,goafricaonline.com,"Finance, Banque & Comptabilité",finance,Non spécifié,,
Secrétaire médical(e),Dakar,2026-02-04,2026-02-01,CDD,AFRIDOCTOR,goafricaonline.com,Santé & Bien-être,"communication, santé",Non spécifié,,
Data scientist sénior,Dakar,2026-02-04,2026-02-01,CDD/CDI,BAOBAB SENEGAL,goafricaonline.com,"Finance, Banque & Comptabilité","finance, data analyse, visualisation de données",5,5.0,5.0
Programme manager gouvernance et leadership,Dakar,2026-02-04,2026-02-01,CDD/CDI,ONU-FEMMES,goafricaonline.com,ONG & Humanitaire,"communication, rh",7,7.0,7.0
Sales associate,Dakar,2026-02-04,2026-02-01,CDD,ENKO INTERNATIONAL SCHOOL,goafricaonline.com,Education & Formation,"vente, communication, data analyse",3-5,3.0,5.0
IT Project Manager,Dakar,2026-02-02,2026-02-01,CDD,BAOBAB (ANDASONIA DISTRIBUTION),goafricaonline.com,BTP & Industrie,gestion de projet,Non spécifié,,
Superviseur de site EPC – Lignes Haute tension,Dakar,2026-02-02,2026-02-01,CDD,TOPWORK SENEGAL,goafricaonline.com,RH & Recrutement,"logistique, gestion de projet",Non spécifié,,
Stagiaire en energie,Dakar,2026-02-02,2026-02-01,Stage,GIZ,goafricaonline.com,Administration & Services publics,"data analyse, gestion de projet",Non spécifié,,
Televendeuse / Telemarketing,Dakar,2026-02-02,2026-02-01,Stage,SORIBA BAYO COMPANY,goafricaonline.com,Technologie & Informatique,"marketing, finance, logistique, gestion de projet",Non spécifié,,
"Agent commercial spécialisé fer, acier et produits de quincaillerie",Dakar,2026-02-02,2026-02-01,CDD,SUNDA INTERNATIONAL,goafricaonline.com,BTP & Industrie,vente,Non spécifié,,
Superviseur Commercial Pneu,Dakar,2026-02-02,2026-02-01,CDD,SUNDA INTERNATIONAL,goafricaonline.com,BTP & Industrie,vente,Non spécifié,,
Manager Acier – Commercial confirmé,Dakar,2026-02-02,2026-02-01,CDD,SUNDA INTERNATIONAL,goafricaonline.com,BTP & Industrie,"vente, logistique",Non spécifié,,
Commerciaux,Non spécifié,2026-02-02,2026-02-01,Alternance/Freelance,Chargé des normes commerciales,goafricaonline.com,Non spécifié,"marketing, vente, finance, programmation, communication, data analyse, logistique, gestion de projet",2,2.0,2.0
Reporting specialist – strategic results,Dakar,2026-01-29,2026-01-01,CDD,Food And Agriculture Organization Of The United Nations-Fao,goafricaonline.com,ONG & Humanitaire,data analyse,Non spécifié,,
Assistant(e) Comptable Bilingue,Dakar,2026-01-29,2026-01-01,CDD,SUNDA INTERNATIONAL,goafricaonline.com,BTP & Industrie,finance,Non spécifié,,
Superviseur Transport Bilingue,Dakar,2026-01-29,2026-01-01,CDD,SUNDA INTERNATIONAL,goafricaonline.com,BTP & Industrie,"communication, logistique",Non spécifié,,
"Technicien(ne) supérieur(e) systèmes, réseaux informatiques et télécommunications",Dakar,2026-01-29,2026-01-01,CDD,ANACIM SN,goafricaonline.com,Administration & Services publics,,Non spécifié,,
Observateur météorologique,Dakar,2026-01-29,2026-01-01,CDD,ANACIM SN,goafricaonline.com,Administration & Services publics,,Non spécifié,,
Technicien(ne) supérieur(e) équipements et systèmes météorologiques,Dakar,2026-01-29,2026-01-01,CDD,ANACIM SN,goafricaonline.com,Administration & Services publics,,Non spécifié,,
Cadre chargé(e) du système d’informations météorologiques,Dakar,2026-01-29,2026-01-01,CDD,ANACIM SN,goafricaonline.com,Administration & Services publics,,Non spécifié,,
Cadre assistance météorologique à la navigation aérienne,Dakar,2026-01-29,2026-01-01,CDD,ANACIM SN,goafricaonline.com,Administration & Services publics,,Non spécifié,,
Agent collecte et transmission de données météorologiques,Dakar,2026-01-29,2026-01-01,CDD,ANACIM SN,goafricaonline.com,Administration & Services publics,,Non spécifié,,
Cadre navigabilité (air),Dakar,2026-01-29,2026-01-01,CDD,ANACIM SN,goafricaonline.com,Administration & Services publics,,Non spécifié,,
Comptable Senior,Dakar,2026-01-29,2026-01-01,CDD,GPF SARL,goafricaonline.com,"Finance, Banque & Comptabilité",finance,2,2.0,2.0
Middle Mile & Vendor Operations Manager,Dakar,2026-01-29,2026-01-01,Non spécifié,MAERSK SENEGAL,goafricaonline.com,Transport & Logistique,"finance, vente, communication, data analyse, logistique, santé",2,2.0,2.0
Stage d’immersion en Audit et Contrôle de Gestion,Dakar,2026-01-29,2026-01-01,CDD,PATISEN,goafricaonline.com,Agriculture & Agroalimentaire,"finance, communication",Non spécifié,,
Référent Qualité de service,Dakar,2026-01-29,2026-01-01,CDI,DAKAR MOBILITE,goafricaonline.com,Transport & Logistique,,Non spécifié,,
Bilingual Executive Assistant,Dakar,2026-01-29,2026-01-01,CDD,TOPWORK SENEGAL,goafricaonline.com,RH & Recrutement,non spécifié,Non spécifié,,
Télévendeurs,Dakar,2026-01-29,2026-01-01,CDD,Quality center,goafricaonline.com,Marketing & Communication,,Non spécifié,,
Strategic Program Development Advisor,Dakar,2026-01-29,2026-01-01,CDD,DRC,goafricaonline.com,ONG & Humanitaire,,Non spécifié,,
"Regional Industry Director, Infrastructure & Natural Resources",Dakar,2026-01-29,2026-01-01,CDI,Ifc/ Senegal (Institut De Formation Des Conseillers En Organisations),goafricaonline.com,Education & Formation,"marketing, programmation, vente, communication, finance, santé, gestion de projet",2,2.0,2.0
Déclarant Douanes,Dakar,,,Non spécifié,Africa Global Logistics Sénégal,goafricaonline.com,Transport & Logistique,logistique,Non spécifié,,
Agent Sûreté,Dakar,2026-01-29,2026-01-01,CDD,Industries Chimiques Du Senegal,goafricaonline.com,BTP & Industrie,"communication, finance, rh",10-15,10.0,15.0
HR Officer – Hub,Dakar,2026-01-29,2026-01-01,CDD,DRC,goafricaonline.com,ONG & Humanitaire,rh,Non spécifié,,
Responsable Sûreté,Dakar,2026-01-29,2026-01-01,CDD,Industries Chimiques Du Senegal,goafricaonline.com,BTP & Industrie,"communication, finance, rh",10-15,10.0,15.0
Réceptionniste,Dakar,2026-01-29,2026-01-01,CDD,Leader Interim et Services,goafricaonline.com,RH & Recrutement,,Non spécifié,,
Chauffeur poids lourds,Dakar,2026-01-29,2026-01-01,Stage,AGROPONIC,goafricaonline.com,Agriculture & Agroalimentaire,,5,5.0,5.0
Technicien agricole,Dakar,2026-01-29,2026-01-01,CDD,AGROPONIC,goafricaonline.com,Agriculture & Agroalimentaire,,5,5.0,5.0
Chargé·e de projet,Dakar,2026-01-29,2026-01-01,CDD,A Propositic Di Altri Mondi (Apdam),goafricaonline.com,ONG & Humanitaire,"finance, gestion de projet, data analyse",Non spécifié,,
Assistant·e administratif·ve,Dakar,2026-01-29,2026-01-01,CDD,A Propositic Di Altri Mondi (Apdam),goafricaonline.com,ONG & Humanitaire,"finance, logistique, gestion de projet",Non spécifié,,
Regional Food Security & Livelihood Adviso,Dakar,2026-01-29,2026-01-01,CDD,WORLD VISION SENEGAL,goafricaonline.com,ONG & Humanitaire,finance,12,12.0,12.0
Regional Sales Specialist UC/GET,Dakar,2026-01-29,2026-01-01,CDD,SERVTEC Sénégal,goafricaonline.com,RH & Recrutement,"marketing, vente",10,10.0,10.0
Journalistes vidéo,Dakar,2026-01-29,2026-01-01,CDD,Ecofinance.Sn Groupe Gaye Media,goafricaonline.com,Marketing & Communication,"marketing, vente, communication, finance, data analyse, rh, gestion de projet",Non spécifié,,
Ingénieur électromécanique,Dakar,2026-01-29,2026-01-01,CDD,TOPWORK SENEGAL,goafricaonline.com,RH & Recrutement,gestion de projet,15,15.0,15.0
"Manager product, services & devices",Dakar,2026-01-29,2026-01-01,CDI,YAS SENEGAL,goafricaonline.com,Marketing & Communication,,Non spécifié,,
Specialist BI & analytics,Dakar,2026-01-29,2026-01-01,CDI,YAS SENEGAL,goafricaonline.com,Marketing & Communication,non spécifié,Non spécifié,,
Specialist market insight & geomarketing,Dakar,2026-01-29,2026-01-01,CDI,YAS SENEGAL,goafricaonline.com,Marketing & Communication,marketing,Non spécifié,,
Specialist CVM Commercial,Dakar,2026-01-29,2026-01-01,CDI,YAS SENEGAL,goafricaonline.com,Marketing & Communication,vente,Non spécifié,,
"Assistant·e Recrutement, Parcours Professionnels & Gestion de pools",Dakar,2026-01-29,2026-01-01,CDI,ALIMA,goafricaonline.com,Administration & Services publics,"finance, data analyse, rh, santé, logistique, gestion de projet",3,3.0,3.0
Mécanicien pour Camions et Remorques,Dakar,2026-01-29,2026-01-01,CDI,SEN INTERIM,goafricaonline.com,RH & Recrutement,,3-5,3.0,5.0
Chef de Département Réseau – Clientèle Grand Public et Pro-TPE,Dakar,2026-01-29,2026-01-01,CDI,Banque Islamique Du Senegal-Bis,goafricaonline.com,"Finance, Banque & Comptabilité","vente, finance, gestion de projet",Non spécifié,,
Électromécanicien Sénior / Chargé du suivi des Études Techniques,Dakar,2026-01-28,2026-01-01,CDD,HUMANIS INTERIM,goafricaonline.com,RH & Recrutement,"marketing, vente, finance, communication, data analyse, programmation, rh, santé, gestion de projet",3,3.0,3.0
Chargé Marketing,Dakar,2026-01-28,2026-01-01,CDD,HUMANIS INTERIM,goafricaonline.com,RH & Recrutement,"marketing, vente, finance, communication, data analyse, programmation, rh, santé, gestion de projet",3,3.0,3.0
Électromécanicien,Dakar,2026-01-28,2026-01-01,CDD,Africa Global Logistics Sénégal,goafricaonline.com,Transport & Logistique,,Non spécifié,,
Mécanicien MP,Dakar,2026-01-28,2026-01-01,CDD,Africa Global Logistics Sénégal,goafricaonline.com,Transport & Logistique,,Non spécifié,,
Agents commerciaux expérimentés en télévente,Non spécifié,2026-01-28,2026-01-01,CDD/Stage,EAZY-VISA,goafricaonline.com,Non spécifié,vente,Non spécifié,,
Tailleur Costume sur mesure,Dakar,2026-01-28,2026-01-01,CDD,ûssû suits,goafricaonline.com,Non spécifié,,Non spécifié,,
Superviseur Poultry,Dakar,2026-01-28,2026-01-01,CDD,SAMA MBEY,goafricaonline.com,ONG & Humanitaire,"finance, gestion de projet, data analyse",Non spécifié,,
Agent Formateur VE,Dakar,2026-01-28,2026-01-01,CDD,SAMA MBEY,goafricaonline.com,ONG & Humanitaire,communication,Non spécifié,,
Chargé(e) de Production Applicatif,Dakar,2026-01-28,2026-01-01,CDD,BANK OF AFRICA,goafricaonline.com,"Finance, Banque & Comptabilité",,Non spécifié,,
Coffreurs,Dakar,2026-01-28,2026-01-01,CDD,TERANGA MANPOWER,goafricaonline.com,RH & Recrutement,gestion de projet,Non spécifié,,
Chauffeur caissier,Dakar,2026-01-28,2026-01-01,CDD,GPF SARL,goafricaonline.com,"Finance, Banque & Comptabilité","vente, logistique",Non spécifié,,
Mécanicien industriel,Dakar,2026-01-28,2026-01-01,CDD,TOPWORK SENEGAL,goafricaonline.com,RH & Recrutement,,2-5,2.0,5.0
Stage – Créateur de contenus,Dakar,2026-01-28,2026-01-01,Stage,SIGMA ONE,goafricaonline.com,Transport & Logistique,"marketing, communication",Non spécifié,,
Poseurs de cloisons sèche,Dakar,2026-01-28,2026-01-01,CDD,TERANGA MANPOWER,goafricaonline.com,RH & Recrutement,gestion de projet,Non spécifié,,
Plombiers,Dakar,2026-01-28,2026-01-01,CDD,TERANGA MANPOWER,goafricaonline.com,RH & Recrutement,gestion de projet,Non spécifié,,
Électriciens,Dakar,2026-01-28,2026-01-01,CDD,TERANGA MANPOWER,goafricaonline.com,RH & Recrutement,gestion de projet,Non spécifié,,
Ferrailleurs,Dakar,2026-01-28,2026-01-01,CDD,TERANGA MANPOWER,goafricaonline.com,RH & Recrutement,gestion de projet,Non spécifié,,
Agent Poultry (H/F),Thiès,2026-01-28,2026-01-01,CDD,SAMA MBEY,goafricaonline.com,ONG & Humanitaire,"vente, logistique",Non spécifié,,
Agent Formateur VE (H/F),Thiès,2026-01-28,2026-01-01,CDD,SAMA MBEY,goafricaonline.com,ONG & Humanitaire,vente,Non spécifié,,
Superviseur Poultry (H/F),Thiès,2026-01-28,2026-01-01,CDD,SAMA MBEY,goafricaonline.com,ONG & Humanitaire,gestion de projet,Non spécifié,,
Assistant(e) de Direction,Dakar,2026-01-28,2026-01-01,CDD,Cradesc (Centre De Recherche Et D'Action Sur Les Droits Economique Sociaux Et Culturels),goafricaonline.com,ONG & Humanitaire,communication,Non spécifié,,
Accounting Executive,Dakar,2026-01-28,2026-01-01,CDD,ENERGIA,goafricaonline.com,RH & Recrutement,gestion de projet,Non spécifié,,
Chargé de recherche et de suivi & évaluation (M&E Officer),Dakar,2026-01-28,2026-01-01,CDD,HELEN KELLER INTERNATIONAL,goafricaonline.com,ONG & Humanitaire,"finance, data analyse, gestion de projet",Non spécifié,,
Cuisinier fast food,Dakar,2026-01-28,2026-01-01,CDD,GPF SARL,goafricaonline.com,"Finance, Banque & Comptabilité",,Non spécifié,,
Commercial grand compte,Dakar,2026-01-28,2026-01-01,CDD,GLOBAL BUSINESS GROUP - GBG,goafricaonline.com,"Finance, Banque & Comptabilité","logistique, vente",Non spécifié,,
Reporting specialist – strategic results,Dakar,2026-01-28,2026-01-01,CDD,Organisation Des Nations Unies Pour L'Alimentation Et L'Agriculture - Fao,goafricaonline.com,ONG & Humanitaire,"data analyse, gestion de projet",Non spécifié,,
Stagiaire photographe et vidéaste,Dakar,2026-01-28,2026-01-01,Stage,Unfpa (Fonds Des Nations Unies Pour La Population),goafricaonline.com,ONG & Humanitaire,"communication, marketing",Non spécifié,,
Stagiaire graphiste et designer,Dakar,2026-01-28,2026-01-01,Stage,Unfpa (Fonds Des Nations Unies Pour La Population),goafricaonline.com,ONG & Humanitaire,"gestion de projet, communication, marketing",Non spécifié,,
Responsable manœuvre – coupe et assemblage de stores et rideaux,Dakar,2026-01-28,2026-01-01,CDD,AGENCE HYBRIDE,goafricaonline.com,RH & Recrutement,,Non spécifié,,
Business Developer / Apporteur d’Affaires,Dakar,2026-01-28,2026-01-01,CDD,WEBTEL,goafricaonline.com,Marketing & Communication,"vente, communication, data analyse",Non spécifié,,
National programme officer,Dakar,2026-01-24,2026-01-01,CDD,OIM,goafricaonline.com,ONG & Humanitaire,"gestion de projet, santé",Non spécifié,,
Responsable de la communication de marque,Dakar,2026-01-24,2026-01-01,CDI,WAVE,goafricaonline.com,"Finance, Banque & Comptabilité","communication, finance, rh, gestion de projet",Non spécifié,,
Coordinatrice / Coordinateur régional(e) Ressources Humaines,Dakar,,,CDD,Terre Des Hommes Lausanne,goafricaonline.com,ONG & Humanitaire,"communication, rh, santé",Non spécifié,,
Responsable médical.e desk 3,Dakar,2026-01-24,2026-01-01,CDI,SENEGAL ALIMA SARL,goafricaonline.com,Transport & Logistique,"data analyse, santé, gestion de projet",Non spécifié,,
Socio‑Economic Consultant,Dakar,2026-01-24,2026-01-01,CDD,United Nations Office For West Africa - Unowa,goafricaonline.com,ONG & Humanitaire,,Non spécifié,,
Agent Commercial Terrain,Dakar,2026-01-24,2026-01-01,CDI,La Laiterie Du Berger,goafricaonline.com,Agriculture & Agroalimentaire,"vente, finance, gestion de projet",Non spécifié,,
Community Manager,Dakar,2026-01-24,2026-01-01,CDD,Anpej (Agence Nationale Pour La Promotion De L’Emploi Des Jeunes),goafricaonline.com,Administration & Services publics,"communication, marketing",Non spécifié,,
Ingénieur Électronique,Dakar,2026-01-24,2026-01-01,Stage,SENSAT,goafricaonline.com,Technologie & Informatique,"gestion de projet, programmation",Non spécifié,,
Business Manager Spécialisé en Hôtellerie,Dakar,2026-01-24,2026-01-01,CDD,ELITE RH,goafricaonline.com,RH & Recrutement,"vente, rh, gestion de projet",Non spécifié,,
Responsable adjoint – site événementiel (Deputy Event General Manager),Dakar,2026-01-24,2026-01-01,CDD,COJOJ DAKAR 2026,goafricaonline.com,Sport & Loisirs,logistique,Non spécifié,,
Soudeurs,Dakar,2026-01-24,2026-01-01,CDD,TERANGA MANPOWER,goafricaonline.com,RH & Recrutement,gestion de projet,Non spécifié,,
Peintres,Dakar,2026-01-24,2026-01-01,CDD,TERANGA MANPOWER,goafricaonline.com,RH & Recrutement,gestion de projet,Non spécifié,,
Ingénieur Informatique Télécom,Dakar,2026-01-24,2026-01-01,Stage,SENSAT,goafricaonline.com,Technologie & Informatique,"gestion de projet, programmation",Non spécifié,,
"Installateurs CVC (Chauffage, Ventilation, Climatisation)",Dakar,2026-01-24,2026-01-01,CDD,TERANGA MANPOWER,goafricaonline.com,RH & Recrutement,gestion de projet,Non spécifié,,
Carreleurs,Dakar,2026-01-24,2026-01-01,CDD,TERANGA MANPOWER,goafricaonline.com,RH & Recrutement,gestion de projet,Non spécifié,,
Ingénieur Station au so,Dakar,2026-01-24,2026-01-01,Stage,SENSAT,goafricaonline.com,Technologie & Informatique,"gestion de projet, programmation",Non spécifié,,
Ingénieur Radiofréquence,Dakar,2026-01-24,2026-01-01,Stage,SENSAT,goafricaonline.com,Technologie & Informatique,"gestion de projet, programmation",Non spécifié,,
Coordinateur(trice) mobilisation et sélection,Dakar,2026-01-24,2026-01-01,CDD,COM-COM INC,goafricaonline.com,"Finance, Banque & Comptabilité","communication, gestion de projet",Non spécifié,,
Chief Finance Officer,Thiès,2026-01-24,2026-01-01,CDD,Wvi (World Vision International),goafricaonline.com,ONG & Humanitaire,finance,Non spécifié,,
Poseurs de marbre/pierre,Dakar,2026-01-24,2026-01-01,CDD,TERANGA MANPOWER,goafricaonline.com,RH & Recrutement,gestion de projet,Non spécifié,,
Stagiaire en communication et plaidoyer,Thiès,2026-01-24,2026-01-01,Stage,Wvi (World Vision International),goafricaonline.com,ONG & Humanitaire,"communication, marketing",Non spécifié,,
Executive Assistant,Dakar,2026-01-24,2026-01-01,CDI,WAVE,goafricaonline.com,"Finance, Banque & Comptabilité","finance, logistique, communication",Non spécifié,,
Superviseur RH,Dakar,2026-01-22,2026-01-01,CDD,SUNDA INTERNATIONAL,goafricaonline.com,BTP & Industrie,"vente, rh, logistique, gestion de projet",Non spécifié,,
Technicien supérieur en systèmes électriques et photovoltaïques,Dakar,2026-01-22,2026-01-01,CDD/CDI,MBS GROUP,goafricaonline.com,BTP & Industrie,"marketing, vente, finance, programmation, communication, rh, gestion de projet",2,2.0,2.0
Télévendeurs Telco – Energies – Assurances,Dakar,2026-01-22,2026-01-01,CDD,"Shyb (Societe D'Hydraulique, De Batiment Et De Travaux Publics)",goafricaonline.com,BTP & Industrie,"marketing, vente, communication, programmation, finance",3,3.0,3.0
Chargé logistique,Dakar,2026-01-22,2026-01-01,CDD/CDI,GPF SARL,goafricaonline.com,"Finance, Banque & Comptabilité",logistique,Non spécifié,,
Coursier,Dakar,2026-01-22,2026-01-01,CDI,Africa Global Logistics Sénégal,goafricaonline.com,Transport & Logistique,logistique,Non spécifié,,
Gouvernant.e d’étages,Dakar,2026-01-22,2026-01-01,CDI,HOTEL TERROU BI,goafricaonline.com,Tourisme & Hôtellerie,communication,Non spécifié,,
Sage-femme d’État,Dakar,2026-01-22,2026-01-01,CDD,MARIE STOPES INTERNATIONALE,goafricaonline.com,Santé & Bien-être,santé,Non spécifié,,
Responsable du développement commercial,Dakar,2026-01-22,2026-01-01,CDI,BCEAO,goafricaonline.com,ONG & Humanitaire,"vente, data analyse, logistique",Non spécifié,,
Responsable du développement commercial,Dakar,2026-01-22,2026-01-01,CDI,GLOBAL TALENT,goafricaonline.com,"Finance, Banque & Comptabilité","vente, data analyse, logistique",Non spécifié,,
Maîtres d’hôtel,Dakar,2026-01-22,2026-01-01,CDI,BCEAO,goafricaonline.com,ONG & Humanitaire,,2,2.0,2.0
Gestionnaire des dépenses et des opérations comptables,Dakar,2026-01-22,2026-01-01,CDD,BCEAO,goafricaonline.com,ONG & Humanitaire,"gestion de projet, finance",Non spécifié,,
Chargé des carrières,Dakar,2026-01-22,2026-01-01,CDD,BCEAO,goafricaonline.com,ONG & Humanitaire,"rh, finance",Non spécifié,,
Agents commerciaux expérimentés – Zone MALI,Dakar,2026-01-22,2026-01-01,CDD,SUNDA INTERNATIONAL,goafricaonline.com,BTP & Industrie,"vente, logistique",Non spécifié,,
Agent des Opérations Domestiques (H/F),Dakar,2026-01-22,2026-01-01,CDD,WIIJOB – Cabinet RH,goafricaonline.com,"Finance, Banque & Comptabilité","rh, finance",Non spécifié,,
Agent des Opérations Internationales (H/F),Dakar,2026-01-22,2026-01-01,CDD,WIIJOB – Cabinet RH,goafricaonline.com,"Finance, Banque & Comptabilité","rh, finance",Non spécifié,,
Agent des Opérations Back Office Monétique (H/F,Dakar,2026-01-22,2026-01-01,CDD,WIIJOB – Cabinet RH,goafricaonline.com,"Finance, Banque & Comptabilité","rh, finance, vente",Non spécifié,,
Responsable des Opérations en Agence (H/F),Dakar,2026-01-22,2026-01-01,CDD,WIIJOB – Cabinet RH,goafricaonline.com,"Finance, Banque & Comptabilité","rh, finance",Non spécifié,,
Caissier en Agence (H/F,Dakar,2026-01-22,2026-01-01,CDD,WIIJOB – Cabinet RH,goafricaonline.com,"Finance, Banque & Comptabilité","rh, finance",Non spécifié,,
Chargé(e) de Clientèle (H/F),Dakar,2026-01-22,2026-01-01,CDD,WIIJOB – Cabinet RH,goafricaonline.com,"Finance, Banque & Comptabilité","rh, finance",Non spécifié,,
Gestionnaire de Comptes PME / PMI (H/F),Dakar,2026-01-22,2026-01-01,CDD,WIIJOB – Cabinet RH,goafricaonline.com,"Finance, Banque & Comptabilité","finance, vente, programmation, rh",Non spécifié,,
Gestionnaire de Comptes Particuliers (H/F,Dakar,2026-01-22,2026-01-01,CDD,WIIJOB – Cabinet RH,goafricaonline.com,"Finance, Banque & Comptabilité","finance, vente, programmation, rh",Non spécifié,,
Responsable Commercial,Dakar,2026-01-19,2026-01-01,CDD,TOPWORK SENEGAL,goafricaonline.com,RH & Recrutement,vente,Non spécifié,,
Infirmier,Dakar,2026-01-19,2026-01-01,CDD,INTELCIA,goafricaonline.com,Marketing & Communication,"communication, santé, gestion de projet",Non spécifié,,
Agent Call Center,Dakar,2026-01-19,2026-01-01,CDD,SAMA MBEY,goafricaonline.com,ONG & Humanitaire,"communication, data analyse",Non spécifié,,
Sexual Reproductive Health Implementation Support to West Africa Operations,Dakar,2026-01-19,2026-01-01,CDD/CDI/Stage,Msf (Moniz Da Maia Serra & Fortunato Empreiteiro),goafricaonline.com,BTP & Industrie,"communication, programmation, data analyse, rh, santé, logistique, gestion de projet",5,5.0,5.0
Responsable Médical Desk 3,Dakar,2026-01-19,2026-01-01,CDI,ALIMA,goafricaonline.com,Administration & Services publics,"finance, data analyse, programmation, rh, santé, logistique, gestion de projet",3,3.0,3.0
Opérateur de production,Dakar,2026-01-19,2026-01-01,Non spécifié,NESTLE SENEGAL,goafricaonline.com,BTP & Industrie,"marketing, vente, programmation, communication, data analyse, rh, santé, gestion de projet",2-3,2.0,3.0
Gestionnaire de Flotte de Véhicules Bilingue (Français–Anglais),Dakar,2026-01-19,2026-01-01,CDD/CDI,MBS GROUP,goafricaonline.com,BTP & Industrie,"marketing, vente, finance, programmation, communication, rh, gestion de projet",2,2.0,2.0
Technicien(ne) en Génie Électrique,Dakar,2026-01-19,2026-01-01,CDD,Centre De Calcul Informatique Ucad,goafricaonline.com,Education & Formation,"marketing, programmation, vente, communication, finance, santé, gestion de projet",2,2.0,2.0
Chef de projet Tourisme / Concepteur de Programmes Touristiques,Dakar,2026-01-19,2026-01-01,CDD/CDI,FORMARECRUT,goafricaonline.com,RH & Recrutement,,Non spécifié,,
Assistante Commerciale,Dakar,2026-01-19,2026-01-01,CDD,FORMARECRUT,goafricaonline.com,RH & Recrutement,"vente, finance",Non spécifié,,
"Assistant(e) du Directeur de la stratégie, de la coopération et du partenariat",Dakar,2026-01-19,2026-01-01,CDD,FORMARECRUT,goafricaonline.com,RH & Recrutement,"communication, finance, logistique",5,5.0,5.0
Assistant administratif rédacteur,Dakar,2026-01-19,2026-01-01,CDD,FORMARECRUT,goafricaonline.com,RH & Recrutement,gestion de projet,Non spécifié,,
Chargé du suivi évaluation et des évaluations mutuelles,Dakar,2026-01-19,2026-01-01,CDD,FORMARECRUT,goafricaonline.com,RH & Recrutement,gestion de projet,Non spécifié,,
Chargé des partenariats,Dakar,2026-01-19,2026-01-01,CDD,FORMARECRUT,goafricaonline.com,RH & Recrutement,"finance, communication",Non spécifié,,
Directeur Commercial,Dakar,2026-01-16,2026-01-01,CDD,ELITE RH,goafricaonline.com,RH & Recrutement,"vente, rh",Non spécifié,,
Technicien(ne) Junior en maintenance d’Imprimantes,Dakar,,,CDD,ELITE RH,goafricaonline.com,RH & Recrutement,rh,Non spécifié,,
Coordinateur(trice) régional(e) Ressources Humaines,Dakar,,,CDD,Terre Des Hommes Lausanne,goafricaonline.com,ONG & Humanitaire,"communication, rh, santé",Non spécifié,,
Directeur de la gestion des risques,Dakar,2026-01-16,2026-01-01,CDD,ECO AFRIQUE,goafricaonline.com,"Finance, Banque & Comptabilité",,Non spécifié,,
Chef·fe de Mission,Dakar,2026-01-16,2026-01-01,CDD,ALIMA,goafricaonline.com,Administration & Services publics,"finance, data analyse, rh, santé, logistique, gestion de projet",3,3.0,3.0
Stagiaire Assistant·e Communication,Dakar,2026-01-16,2026-01-01,CDD,ALIMA,goafricaonline.com,Administration & Services publics,"communication, finance, data analyse, rh, marketing, santé, logistique, gestion de projet",3,3.0,3.0
Chauffeur VTC,Dakar,2026-01-16,2026-01-01,CDD,MBS GROUP,goafricaonline.com,BTP & Industrie,"marketing, vente, finance, programmation, communication, rh, logistique, gestion de projet",2,2.0,2.0
Assistant(e) de direction,Dakar,2026-01-16,2026-01-01,CDD,GLOBAL BUSINESS GROUP - GBG,goafricaonline.com,"Finance, Banque & Comptabilité","rh, finance",Non spécifié,,
Head of Customer Value Management (CVM),Dakar,2026-01-16,2026-01-01,CDI,YAS SENEGAL,goafricaonline.com,Marketing & Communication,"marketing, communication",Non spécifié,,
Risk and Compliance Officer,Dakar,2026-01-16,2026-01-01,CDD,WORLD VISION SENEGAL,goafricaonline.com,ONG & Humanitaire,finance,Non spécifié,,
Développeur Fullstack Senior Java / React,Dakar,2026-01-16,2026-01-01,CDI,GALIMATECH,goafricaonline.com,Technologie & Informatique,"programmation, finance, logistique, gestion de projet",Non spécifié,,
Ingénieur Logiciel Full Stack (Java 17 / Angular),Dakar,2026-01-16,2026-01-01,CDI,GALIMATECH,goafricaonline.com,Technologie & Informatique,"programmation, finance, logistique, gestion de projet",Non spécifié,,
Gestionnaire de compte - Exploitant (H/F),Dakar,2026-01-16,2026-01-01,CDD,RMO,goafricaonline.com,RH & Recrutement,finance,Non spécifié,,
Guichetier payeur (H/F),Dakar,2026-01-16,2026-01-01,CDD,RMO,goafricaonline.com,RH & Recrutement,finance,Non spécifié,,
Senior consultant ps expert – transversal weca,Dakar,2026-01-15,2026-01-01,CDD,SBS MULTIMEDIA,goafricaonline.com,Commerce & Vente,"finance, rh, gestion de projet",Non spécifié,,
Expertise perlée locale meet africa 3,Dakar,2026-01-15,2026-01-01,CDD,EXPERTISE FRANCE,goafricaonline.com,ONG & Humanitaire,"finance, communication, gestion de projet",Non spécifié,,
Coordinateur.r&d (recherche & développement) et innovation,Dakar,,,Non spécifié,HASKE,goafricaonline.com,"Finance, Banque & Comptabilité",,Non spécifié,,
Expert en comptabilité,Dakar,2026-01-15,2026-01-01,CDD,GIZ,goafricaonline.com,Administration & Services publics,gestion de projet,Non spécifié,,
"Spécialiste de programme, politiques de population",Dakar,2026-01-15,2026-01-01,CDD,Unfpa (Fonds Des Nations Unies Pour La Population),goafricaonline.com,ONG & Humanitaire,"finance, data analyse, gestion de projet",Non spécifié,,
Stagiaire Commercial et Marketing,Dakar,2026-01-15,2026-01-01,CDD,Itm (International Trading Maning),goafricaonline.com,Commerce & Vente,"vente, marketing",Non spécifié,,
Chargé(e) de suivi évaluation et apprentissage – Projet WASOP‑3,Dakar,2026-01-15,2026-01-01,CDD,Iucn (Union Mondiale Pour La Conservation De La Nature),goafricaonline.com,ONG & Humanitaire,"visualisation de données, data analyse, gestion de projet",Non spécifié,,
Assistant administratif,Dakar,2026-01-15,2026-01-01,CDI,Food And Agriculture Organization Of The United Nations-Fao,goafricaonline.com,ONG & Humanitaire,"finance, gestion de projet",Non spécifié,,
Directeur commercial,Dakar,2026-01-15,2026-01-01,CDI,GPF SARL,goafricaonline.com,Administration & Services publics,vente,Non spécifié,,
Risk and Compliance Specialist,Dakar,2026-01-15,2026-01-01,CDD,UNICEF,goafricaonline.com,ONG & Humanitaire,,Non spécifié,,
Sales Development Representative,Dakar,2026-01-15,2026-01-01,CDD,SOCIUM JOB,goafricaonline.com,RH & Recrutement,"marketing, vente, rh",Non spécifié,,
Technicien Confirmé en Architecture d’Opération / Bâtiment,Dakar,2026-01-15,2026-01-01,CDD,HUMANIS INTERIM,goafricaonline.com,RH & Recrutement,"communication, gestion de projet, vente",10,10.0,10.0
Assistant(e) contrôleur de gestion,Dakar,2026-01-14,2026-01-01,CDI,La Laiterie Du Berger,goafricaonline.com,Agriculture & Agroalimentaire,"vente, finance, data analyse",1-3,1.0,3.0
Assistant entrepôt bilingue,Dakar,2026-01-14,2026-01-01,CDD,SUNDA INTERNATIONAL,goafricaonline.com,BTP & Industrie,"communication, logistique",1-2,1.0,2.0
Directeur commercial & marketing,Dakar,2026-01-14,2026-01-01,CDI,COSAMA,goafricaonline.com,Technologie & Informatique,"marketing, vente",5,5.0,5.0
Contrôleur de gestion industrie,Dakar,2026-01-14,2026-01-01,CDD,La Laiterie Du Berger,goafricaonline.com,Agriculture & Agroalimentaire,"finance, communication, gestion de projet",3,3.0,3.0
Chauffeur – Équipe Mobile,Dakar,2026-01-14,2026-01-01,CDD,MARIE STOPES INTERNATIONALE,goafricaonline.com,Santé & Bien-être,logistique,Non spécifié,,
Contrôleur Interne,Dakar,2026-01-14,2026-01-01,CDD,La Laiterie Du Berger,goafricaonline.com,Agriculture & Agroalimentaire,,Non spécifié,,
Enseignant-chercheur en droit de l’information,Dakar,2026-01-14,2026-01-01,CDD,Centre De Calcul Informatique Ucad,goafricaonline.com,Education & Formation,gestion de projet,2,2.0,2.0
Enseignant-chercheur en édition,Dakar,2026-01-14,2026-01-01,CDD,Centre De Calcul Informatique Ucad,goafricaonline.com,Education & Formation,gestion de projet,2,2.0,2.0
Enseignant-chercheur en documentation,Dakar,2026-01-14,2026-01-01,CDD,Centre De Calcul Informatique Ucad,goafricaonline.com,Education & Formation,gestion de projet,2,2.0,2.0
Conseiller digital technique,Dakar,2026-01-14,2026-01-01,CDD,GLOBAL BUSINESS GROUP - GBG,goafricaonline.com,"Finance, Banque & Comptabilité",marketing,Non spécifié,,
Gestionnaire d’Immeubles,Dakar,2026-01-14,2026-01-01,CDD,GAIA IMMOBILIER,goafricaonline.com,BTP & Industrie,"marketing, vente, finance, programmation, communication, rh, gestion de projet",10,10.0,10.0
"Programme Specialist, Population Policy",Dakar,2026-01-14,2026-01-01,CDD,Unfpa (Fonds Des Nations Unies Pour La Population),goafricaonline.com,ONG & Humanitaire,"data analyse, gestion de projet",Non spécifié,,
Assistant RH Chantier,Dakar,2026-01-14,2026-01-01,CDD,UNOPS,goafricaonline.com,ONG & Humanitaire,"data analyse, rh, gestion de projet",Non spécifié,,
Health Information System (HIS) System Designer,Dakar,2026-01-14,2026-01-01,CDD,MULTIMEDIA SERVICE INFORMATIQUE-MSI,goafricaonline.com,Technologie & Informatique,"vente, finance, santé, logistique, gestion de projet",Non spécifié,,
Conseiller digital commercial,Dakar,2026-01-14,2026-01-01,CDD,GLOBAL BUSINESS GROUP - GBG,goafricaonline.com,"Finance, Banque & Comptabilité",marketing,Non spécifié,,
Charge de la logistique,Dakar,2026-01-14,2026-01-01,CDD,Banque Islamique Du Senegal-Bis,goafricaonline.com,"Finance, Banque & Comptabilité","logistique, finance",Non spécifié,,
Gestionnaire d’appels d’offres,Dakar,2026-01-14,2026-01-01,CDD/CDI,WIIJOB – Cabinet RH,goafricaonline.com,"Finance, Banque & Comptabilité","marketing, communication, finance, data analyse, rh",Non spécifié,,
Marketing & Communication Manager,Dakar,2026-01-14,2026-01-01,CDD,TEYLIOM PROPERTIES SENEGAL,goafricaonline.com,BTP & Industrie,"marketing, vente, communication, gestion de projet",Non spécifié,,
Superviseur Commercial FMCG,Dakar,2026-01-14,2026-01-01,CDD,SUNDA INTERNATIONAL,goafricaonline.com,BTP & Industrie,vente,Non spécifié,,
Responsable Comptable et Financier,Dakar,2026-01-14,2026-01-01,CDD/CDI,SAGAM SECURITE,goafricaonline.com,"Finance, Banque & Comptabilité","marketing, vente, communication, finance, data analyse, programmation, santé, logistique, gestion de projet",10,10.0,10.0
Chief Finance Officer (CFO),Dakar,2026-01-14,2026-01-01,CDD,WORLD VISION SENEGAL,goafricaonline.com,ONG & Humanitaire,finance,Non spécifié,,
Manager Data Engineer,Dakar,2026-01-14,2026-01-01,CDD,BAOBAB SENEGAL,goafricaonline.com,"Finance, Banque & Comptabilité",finance,Non spécifié,,
Brand Communications Manager,Dakar,2026-01-14,2026-01-01,CDD,WAVE,goafricaonline.com,"Finance, Banque & Comptabilité","marketing, vente, communication, finance, data analyse, programmation, santé, logistique, gestion de projet",10,10.0,10.0
Télévendeur Leadgen,Dakar,2026-01-14,2026-01-01,CDD/CDI,INTELCIA,goafricaonline.com,Marketing & Communication,"vente, marketing, communication, gestion de projet",Non spécifié,,
Administrative & Finance Specialist,Dakar,2026-01-14,2026-01-01,CDD/CDI,UNICEF,goafricaonline.com,ONG & Humanitaire,finance,Non spécifié,,
Route to Market Quality Specialist,Dakar,2026-01-14,2026-01-01,CDD,GPF SARL,goafricaonline.com,"Finance, Banque & Comptabilité","rh, finance",Non spécifié,,
Chargé de Programme Bilingue,Dakar,2026-01-14,2026-01-01,CDD,GPF SARL,goafricaonline.com,"Finance, Banque & Comptabilité","finance, rh, gestion de projet",Non spécifié,,
Mes services,Dakar,2026-01-12,2026-01-01,CDD,MAAWABODYCARE,goafricaonline.com,Santé & Bien-être,"gestion de projet, finance",Non spécifié,,
Caissière multiservice,Dakar,2026-01-09,2026-01-01,CDD,Leader Interim et Services,goafricaonline.com,RH & Recrutement,non spécifié,Non spécifié,,
Livreur/Préparateur de commandes,Dakar,2026-01-09,2026-01-01,CDD,NIOKOBOK,goafricaonline.com,Commerce & Vente,logistique,Non spécifié,,
Assistant to regional director,Dakar,2026-01-09,2026-01-01,CDD,Iucn (Union Mondiale Pour La Conservation De La Nature),goafricaonline.com,ONG & Humanitaire,logistique,Non spécifié,,
Consultant.e étude de ligne de base (baseline),Dakar,2026-01-09,2026-01-01,CDD,ISCOS/UNCO,goafricaonline.com,ONG & Humanitaire,gestion de projet,Non spécifié,,
Executive Assistant,Dakar,2026-01-09,2026-01-01,CDD,LE LIONCEAU,goafricaonline.com,Santé & Bien-être,,Non spécifié,,
Assistant(e) CPM Sénior,Dakar,2026-01-09,2026-01-01,CDD,Cosec (Conseil Senegalais Des Chargeurs),goafricaonline.com,Transport & Logistique,non spécifié,Non spécifié,,
Responsable atelier mécanique et coordination,Dakar,2026-01-09,2026-01-01,CDI,TOPWORK SENEGAL,goafricaonline.com,RH & Recrutement,vente,5-10,5.0,10.0
Chargé(e) de communication,Dakar,2026-01-09,2026-01-01,CDI,FONSIS,goafricaonline.com,"Finance, Banque & Comptabilité",non spécifié,Non spécifié,,
Comptable,Dakar,2026-01-09,2026-01-01,CDI,FONSIS,goafricaonline.com,"Finance, Banque & Comptabilité",non spécifié,Non spécifié,,
Responsable qualité en intérim,Dakar,2026-01-09,2026-01-01,Non spécifié,NEUROTECH,goafricaonline.com,Marketing & Communication,,Non spécifié,,
Assistant(e) administratif(ve) adjoint(e),Dakar,2026-01-09,2026-01-01,CDD,CONFEMEN,goafricaonline.com,ONG & Humanitaire,,Non spécifié,,
Assistante de direction (support codir),Dakar,2026-01-09,2026-01-01,CDI,FONSIS,goafricaonline.com,"Finance, Banque & Comptabilité",non spécifié,Non spécifié,,
"Administrateur systèmes, réseaux & sécurité",Dakar,2026-01-09,2026-01-01,CDI,FONSIS,goafricaonline.com,"Finance, Banque & Comptabilité",non spécifié,Non spécifié,,
Chef comptable,Dakar,2026-01-09,2026-01-01,CDI,FONSIS,goafricaonline.com,"Finance, Banque & Comptabilité",non spécifié,Non spécifié,,
Auditeur interne confirmé,Dakar,2026-01-09,2026-01-01,CDI,FONSIS,goafricaonline.com,"Finance, Banque & Comptabilité",non spécifié,Non spécifié,,
Volontaires Jeux Olympiques de la Jeunesse Dakar 2026,Dakar,2026-01-09,2026-01-01,CDD,COJOJ DAKAR 2026,goafricaonline.com,Sport & Loisirs,non spécifié,Non spécifié,,
Chargé QHSE,Dakar,2026-01-09,2026-01-01,CDD,GPF SARL,goafricaonline.com,"Finance, Banque & Comptabilité","rh, finance",Non spécifié,,
Sexual Reproductive Health Implementation Support to West Africa operations,Dakar,2026-01-09,2026-01-01,CDD,MSF SARL SENEGAL,goafricaonline.com,Santé & Bien-être,"rh, gestion de projet, santé",Non spécifié,,
Chargé des partenariats,Dakar,2026-01-08,2026-01-01,CDD,Centif (Cellule Nationale De Traitement Des Informations Financieres),goafricaonline.com,Administration & Services publics,"communication, finance, logistique, gestion de projet",Non spécifié,,
Chargé du suivi évaluation et des évaluations mutuelles,Dakar,2026-01-08,2026-01-01,CDD,Centif (Cellule Nationale De Traitement Des Informations Financieres),goafricaonline.com,Administration & Services publics,"finance, data analyse, gestion de projet",Non spécifié,,
Head of IT Operations,Dakar,2026-01-08,2026-01-01,CDD,PLAN INTERNATIONAL SENEGAL,goafricaonline.com,ONG & Humanitaire,,Non spécifié,,
Conseiller commercial,Dakar,2026-01-08,2026-01-01,CDD,GPF SARL,goafricaonline.com,"Finance, Banque & Comptabilité","vente, finance, communication",Non spécifié,,
Digital marketer specialist,Dakar,2026-01-08,2026-01-01,CDD,CARLCARE SERVICE,goafricaonline.com,Transport & Logistique,"marketing, gestion de projet",Non spécifié,,
Stagiaire finance - administration,Dakar,2026-01-08,2026-01-01,Stage,MIYA,goafricaonline.com,Agriculture & Agroalimentaire,finance,Non spécifié,,
Agent service client / vente,Dakar,2026-01-08,2026-01-01,Stage,AKILA INTELLIGENCE,goafricaonline.com,Technologie & Informatique,"vente, communication",Non spécifié,,
Ingénieur informaticien-développeur,Dakar,2026-01-08,2026-01-01,CDD,Formarecrut SARL,goafricaonline.com,RH & Recrutement,"programmation, data analyse",Non spécifié,,
Acheteur – voitures d’occasion particulier,Dakar,2026-01-08,2026-01-01,CDI,AUTO24.sn,goafricaonline.com,Transport & Logistique,"vente, communication, finance",Non spécifié,,
Stagiaire chargé(e) du digital,Dakar,2026-01-08,2026-01-01,Stage,DIAAR YEEMOU INVEST,goafricaonline.com,BTP & Industrie,marketing,Non spécifié,,
Senior campaigner,Dakar,2026-01-08,2026-01-01,CDD,AMNESTY INTERNATIONAL SENEGAL,goafricaonline.com,ONG & Humanitaire,,Non spécifié,,
Ingénieur informaticien-développeur,Dakar,2026-01-08,2026-01-01,CDD,Centif (Cellule Nationale De Traitement Des Informations Financieres),goafricaonline.com,Administration & Services publics,"programmation, data analyse",Non spécifié,,
"Assistant(e) du directeur de la stratégie, de la coopération et du partenariat",Dakar,2026-01-08,2026-01-01,CDI,Centif (Cellule Nationale De Traitement Des Informations Financieres),goafricaonline.com,Administration & Services publics,"communication, finance, logistique",Non spécifié,,
Téléconseillers en Prise de Rendez-vous,Non spécifié,2026-01-07,2026-01-01,CDD,Conseiller,goafricaonline.com,Non spécifié,communication,12,12.0,12.0
Technicien(ne) en Génie Électrique,Dakar,2026-01-07,2026-01-01,CDD,Direction de la Communication - UCAD,goafricaonline.com,Education & Formation,"marketing, programmation, vente, communication, finance, santé, gestion de projet",2,2.0,2.0
Responsable Communication Digitale,Dakar,2026-01-07,2026-01-01,CDD/CDI,SODILUXE,goafricaonline.com,Commerce & Vente,"marketing, vente, programmation, communication, data analyse, logistique, gestion de projet",2,2.0,2.0
Juriste expérimenté en droit des étrangers et de l’immigration,Dakar,2026-01-07,2026-01-01,CDD,CF CABINET D'AVOCATS,goafricaonline.com,"Finance, Banque & Comptabilité","finance, programmation",Non spécifié,,
Agents Call Center,Dakar,2026-01-07,2026-01-01,Stage,Icom B Call Center,goafricaonline.com,Technologie & Informatique,"communication, finance, logistique, gestion de projet",Non spécifié,,
Conseiller(ère) technique – Observatoire de la qualité de l’éducation,Dakar,2026-01-07,2026-01-01,CDD,CONFEMEN,goafricaonline.com,ONG & Humanitaire,finance,Non spécifié,,
Conseiller(ère) technique – Appui au changement et aux instances,Dakar,2026-01-07,2026-01-01,CDD,CONFEMEN,goafricaonline.com,ONG & Humanitaire,finance,Non spécifié,,
Responsable du Service Administratif et Financier (RSAF),Dakar,2026-01-07,2026-01-01,CDD,CONFEMEN,goafricaonline.com,ONG & Humanitaire,finance,Non spécifié,,
Coordonnateur / Coordonnatrice du Programme PACTE,Dakar,2026-01-07,2026-01-01,CDD,CONFEMEN,goafricaonline.com,ONG & Humanitaire,finance,Non spécifié,,
Directeur Général Adjoint (DGA),Dakar,2026-01-07,2026-01-01,CDD,PROFIL,goafricaonline.com,"Finance, Banque & Comptabilité","finance, vente, rh",Non spécifié,,
Chargé administration et statistique,Dakar,2026-01-07,2026-01-01,Non spécifié,Africa Global Logistics Sénégal,goafricaonline.com,Transport & Logistique,data analyse,Non spécifié,,
"Coordonnateur/rice engagement des jeunes, protection et de la sauvegard",Dakar,2026-01-07,2026-01-01,CDD,PLAN INTERNATIONAL SENEGAL,goafricaonline.com,ONG & Humanitaire,gestion de projet,Non spécifié,,
Gestionnaire de données GlobalFund,Dakar,2026-01-07,2026-01-01,CDD,PLAN INTERNATIONAL SENEGAL,goafricaonline.com,ONG & Humanitaire,"data analyse, gestion de projet",Non spécifié,,
Agents de sécurité,Dakar,2026-01-07,2026-01-01,CDD,INTERNATIONAL STAFFING COMPANY,goafricaonline.com,RH & Recrutement,rh,2,2.0,2.0
Comptable,Dakar,2026-01-07,2026-01-01,CDD,EDUCO,goafricaonline.com,ONG & Humanitaire,"finance, rh, logistique",Non spécifié,,
Partner Capacity & Compliance Coordinator,Dakar,2026-01-07,2026-01-01,CDD,DRC,goafricaonline.com,ONG & Humanitaire,"finance, gestion de projet",Non spécifié,,
Assistant administratif lutte contre la traite des êtres humains et le trafic de migrants,Dakar,,,CDD,United Nations Office For West Africa - Unowa,goafricaonline.com,ONG & Humanitaire,"logistique, communication, gestion de projet",Non spécifié,,
Risk and compliance officer,Dakar,2026-01-07,2026-01-01,CDD,UNICEF,goafricaonline.com,ONG & Humanitaire,"data analyse, gestion de projet",Non spécifié,,
Chauffeur Livreur,Dakar,2026-01-07,2026-01-01,CDD,AGROPONIC,goafricaonline.com,Agriculture & Agroalimentaire,"vente, programmation, logistique, gestion de projet",5,5.0,5.0
Infectious disease surveillance adviso,Dakar,2026-01-07,2026-01-01,CDD,PATH,goafricaonline.com,ONG & Humanitaire,"data analyse, gestion de projet, santé",Non spécifié,,
Senior learning & development specialist,Dakar,2026-01-07,2026-01-01,CDD,WAVE,goafricaonline.com,"Finance, Banque & Comptabilité","communication, data analyse",Non spécifié,,
Responsable cellule vérification et contrôle des agences,Dakar,2026-01-07,2026-01-01,CDD,Banque Islamique Du Senegal-Bis,goafricaonline.com,"Finance, Banque & Comptabilité",finance,Non spécifié,,
Stagiaire business developer,Dakar,2026-01-07,2026-01-01,Stage,VOX AGENCY SAS,goafricaonline.com,Marketing & Communication,"gestion de projet, vente",Non spécifié,,
Stagiaire motion designer,Dakar,2026-01-07,2026-01-01,Stage,VOX AGENCY SAS,goafricaonline.com,Marketing & Communication,,Non spécifié,,
Stagiaire en production audiovisuelle photographie documentaire,Dakar,2026-01-07,2026-01-01,Stage,VOX AGENCY SAS,goafricaonline.com,Marketing & Communication,,Non spécifié,,
Interprète bilingue chinois-anglais,Dakar,2026-01-07,2026-01-01,CDD,MBS GROUP,goafricaonline.com,BTP & Industrie,communication,Non spécifié,,
Technicien en ascenseurs,Dakar,2026-01-07,2026-01-01,CDD,EASYLIFT,goafricaonline.com,BTP & Industrie,non spécifié,Non spécifié,,
Technicien du froid,Dakar,2026-01-07,2026-01-01,CDD,KebLink,goafricaonline.com,Technologie & Informatique,,Non spécifié,,
Stagiaire knowledge management and communications,Dakar,2026-01-07,2026-01-01,Stage,VOX AGENCY SAS,goafricaonline.com,Marketing & Communication,communication,Non spécifié,,
Chargé(e) de suivi évaluation et apprentissage – Projet WASOP-3,Dakar,2026-01-07,2026-01-01,CDD,Iucn (Union Mondiale Pour La Conservation De La Nature),goafricaonline.com,ONG & Humanitaire,"gestion de projet, programmation",Non spécifié,,
Bibliothécaire,Dakar,2026-01-07,2026-01-01,Non spécifié,VENKO,goafricaonline.com,Education & Formation,"communication, gestion de projet",3,3.0,3.0
Responsable des ventes et de la clientèle,Dakar,2026-01-07,2026-01-01,Non spécifié,VENKO,goafricaonline.com,Education & Formation,"vente, marketing, communication",Non spécifié,,
Assistant Technique des Travaux,Dakar,2026-01-07,2026-01-01,CDD,SCI DAKAR RESIDENCES,goafricaonline.com,BTP & Industrie,non spécifié,3,3.0,3.0
Directeur des Systèmes d’Information,Dakar,2026-01-07,2026-01-01,CDI,ECO AFRIQUE,goafricaonline.com,"Finance, Banque & Comptabilité","finance, gestion de projet",Non spécifié,,
"Data Quality Specialist, Malaria and Neglected Tropical Diseases (MNTD), REACH Malaria",Dakar,2026-01-07,2026-01-01,CDD,PATH,goafricaonline.com,ONG & Humanitaire,"visualisation de données, communication, data analyse, santé, gestion de projet",3,3.0,3.0
Cariste,Dakar,2026-01-07,2026-01-01,CDD,GLOBAL BUSINESS GROUP - GBG,goafricaonline.com,"Finance, Banque & Comptabilité",logistique,Non spécifié,,
Assistant(e) de direction,Dakar,2026-01-07,2026-01-01,Stage,SIGMA ONE,goafricaonline.com,Transport & Logistique,finance,Non spécifié,,
Consultant expert commercial & marketing btob,Dakar,2026-01-07,2026-01-01,Stage,SIGMA ONE,goafricaonline.com,Transport & Logistique,"vente, marketing, finance",5,5.0,5.0
Expert commercial/marketing,Dakar,2026-01-07,2026-01-01,Stage,SIGMA ONE,goafricaonline.com,Transport & Logistique,"vente, marketing, communication",5,5.0,5.0
Junior digital factory,Dakar,2026-01-07,2026-01-01,Stage,SIGMA ONE,goafricaonline.com,Transport & Logistique,vente,Non spécifié,,
"Stage – website optimisation, marketing & parcours client",Dakar,2026-01-07,2026-01-01,Stage,SIGMA ONE,goafricaonline.com,Transport & Logistique,marketing,Non spécifié,,
Expert in Electricity Production Planning,Dakar,2026-01-07,2026-01-01,CDD,RELP,goafricaonline.com,ONG & Humanitaire,data analyse,Non spécifié,,
Expert in Electrical Grid Planning,Dakar,2026-01-07,2026-01-01,CDD,RELP,goafricaonline.com,ONG & Humanitaire,"vente, data analyse, logistique",Non spécifié,,
Expert in Electricity Demand Planning,Dakar,2026-01-07,2026-01-01,CDD,RELP,goafricaonline.com,ONG & Humanitaire,data analyse,Non spécifié,,
Directeur des Opérations,Dakar,2026-01-01,2026-01-01,CDD,TECTRA SENEGAL,goafricaonline.com,RH & Recrutement,"vente, communication, finance, logistique",5,5.0,5.0
Sales Representative,Dakar,2026-01-01,2026-01-01,CDD,AFRICAWORKS DAKAR,goafricaonline.com,Commerce & Vente,"vente, communication, logistique",2,2.0,2.0
Software Solution Architect,Dakar,2026-01-01,2026-01-01,CDD,GROUPE TOP INTER,goafricaonline.com,RH & Recrutement,"marketing, vente, finance, communication, data analyse, programmation, rh, santé, gestion de projet",3,3.0,3.0
Responsable des Ressources Humaines Stratégique,Dakar,,,CDD,AGENCE HYBRIDE,goafricaonline.com,RH & Recrutement,"marketing, vente, finance, communication, data analyse, programmation, rh, santé, gestion de projet",7,7.0,7.0
Directeur Général du GIM-UEMOA,Dakar,2025-12-31,2025-12-01,CDD,BCEAO,goafricaonline.com,ONG & Humanitaire,finance,Non spécifié,,
Pilote Intervention SAV Client,Dakar,2025-12-31,2025-12-01,CDD,GLOBAL BUSINESS GROUP - GBG,goafricaonline.com,"Finance, Banque & Comptabilité","logistique, santé",Non spécifié,,
Professeur Physique-Chimie,Dakar,2025-12-31,2025-12-01,CDD,LYCEE JEAN MERMOZ,goafricaonline.com,Education & Formation,,2,2.0,2.0
Chargé(e) de programme bilingue,Dakar,2025-12-31,2025-12-01,CDD,Phoenix Consulting Group - Pcg,goafricaonline.com,RH & Recrutement,"finance, gestion de projet",Non spécifié,,
Technicien d’intervention,Dakar,2025-12-31,2025-12-01,CDD,GLOBAL BUSINESS GROUP - GBG,goafricaonline.com,"Finance, Banque & Comptabilité","data analyse, santé, logistique",Non spécifié,,
Responsable des relations publiques extérieures – présidence cojoj,Dakar,2025-12-31,2025-12-01,CDD,COJOJ DAKAR 2026,goafricaonline.com,Sport & Loisirs,"communication, finance, gestion de projet",Non spécifié,,
Stagiaire en communication digitale,Dakar,2025-12-31,2025-12-01,Stage,MSF ENGENHARIA SA,goafricaonline.com,BTP & Industrie,"marketing, communication",Non spécifié,,
Télévendeurs Telco-Energie-Assurances,Dakar,2025-12-31,2025-12-01,CDD,MSF ENGENHARIA SA,goafricaonline.com,BTP & Industrie,"vente, communication",Non spécifié,,
Technico Commercial Promotion Des Services Digitaux Et De La Plateforme Wanslu Shop,Dakar,2025-12-31,2025-12-01,Non spécifié,DIGITALIS,goafricaonline.com,Marketing & Communication,"vente, marketing, communication",2,2.0,2.0
Télévendeurs freelance – panneaux solaires (b2c),Dakar,2025-12-31,2025-12-01,CDD,SMART TECHNOLOGIES,goafricaonline.com,Marketing & Communication,"vente, programmation",Non spécifié,,
Coordonnateurs de terrain rotationnels,Thiès,2025-12-31,2025-12-01,CDD,SAMA MBEY,goafricaonline.com,ONG & Humanitaire,"vente, communication, data analyse, rh",Non spécifié,,
Commerciaux terrain,Dakar,2025-12-31,2025-12-01,CDD,Leader Interim et Services,goafricaonline.com,"Finance, Banque & Comptabilité","vente, communication",Non spécifié,,
Agents call center,Dakar,2025-12-31,2025-12-01,CDD,SAMA MBEY,goafricaonline.com,ONG & Humanitaire,"vente, marketing, communication, data analyse",Non spécifié,,
Chargé(e) de la logistique,Dakar,2025-12-31,2025-12-01,CDD,HELEN KELLER INTERNATIONAL,goafricaonline.com,ONG & Humanitaire,"logistique, santé",Non spécifié,,
Coiffeur(se)/ créateur(trice) de contenu,Dakar,2025-12-31,2025-12-01,CDD,BONFONI SN,goafricaonline.com,BTP & Industrie,vente,Non spécifié,,
Enseignant(e) de maternelle,Dakar,2025-12-31,2025-12-01,CDD,IQRA BILINGUAL ACADEMY,goafricaonline.com,Education & Formation,,3-5,3.0,5.0
Preschool english teacher,Dakar,2025-12-31,2025-12-01,CDD,IQRA BILINGUAL ACADEMY,goafricaonline.com,Education & Formation,non spécifié,3,3.0,3.0
Spécialiste des documents,Dakar,2025-12-31,2025-12-01,CDD,SUNDA INTERNATIONAL,goafricaonline.com,BTP & Industrie,logistique,Non spécifié,,
"Senior advisor, sponsor experience & journey design",Dakar,2025-12-31,2025-12-01,CDD,WORLD VISION SENEGAL,goafricaonline.com,ONG & Humanitaire,"marketing, data analyse, communication",10+,10.0,10.0
Responsable de l’Administration du Personnel,Dakar,2025-12-31,2025-12-01,CDD,MSF ENGENHARIA SA,goafricaonline.com,BTP & Industrie,"communication, programmation, rh, santé, logistique, gestion de projet",5,5.0,5.0
Merchandiser,Dakar,2025-12-31,2025-12-01,CDD,MAROC FOOD,goafricaonline.com,Agriculture & Agroalimentaire,"marketing, vente, finance, communication, data analyse, programmation, rh, santé, gestion de projet",5,5.0,5.0
Technico Commercial Promotion des Services Digitaux et de la plateforme WANSLU SHOP,Dakar,2025-12-31,2025-12-01,CDD,DIGITALIS SN SARL,goafricaonline.com,Marketing & Communication,"communication, vente",2,2.0,2.0
Ingénieur Statisticien Economiste,Dakar,2025-12-31,2025-12-01,CDD,Agence Nationale De La Statistique Et De La Demographie - Ansd,goafricaonline.com,Administration & Services publics,"gestion de projet, finance",Non spécifié,,
Maitre Coranique (Seyda),Dakar,,,Non spécifié,TUTO SN,goafricaonline.com,Education & Formation,"marketing, programmation, communication, finance, data analyse, gestion de projet",2,2.0,2.0
Directeur(trice) Financier(ère),Dakar,2025-12-31,2025-12-01,CDD,ECO AFRIQUE,goafricaonline.com,"Finance, Banque & Comptabilité",finance,Non spécifié,,
Production audiovisuelle Photographie documentaire,Dakar,2025-12-31,2025-12-01,Stage,VOX AGENCY SAS,goafricaonline.com,Marketing & Communication,gestion de projet,Non spécifié,,
Knowledge Management and Communications,Dakar,2025-12-31,2025-12-01,Stage,VOX AGENCY SAS,goafricaonline.com,Marketing & Communication,"communication, gestion de projet",Non spécifié,,
Business Developer,Dakar,2025-12-31,2025-12-01,Stage,VOX AGENCY SAS,goafricaonline.com,Marketing & Communication,"communication, vente",Non spécifié,,
Responsable des opérations,Dakar,2025-12-31,2025-12-01,CDD,SIMPLON SENEGAL,goafricaonline.com,Technologie & Informatique,"marketing, finance, vente, communication, programmation, data analyse, rh, santé, logistique, gestion de projet",4,4.0,4.0
Assistant/Assistante Community Manager Divertissement,Dakar,2025-12-31,2025-12-01,Stage,CANAL+ SENEGAL,goafricaonline.com,Marketing & Communication,"marketing, vente, communication, rh, gestion de projet",2,2.0,2.0
Conseiller Client,Dakar,2025-12-31,2025-12-01,CDD,ECO AFRIQUE,goafricaonline.com,"Finance, Banque & Comptabilité","communication, finance, rh",Non spécifié,,
Deux (02) développeurs informaticiens front-end,Dakar,2025-12-31,2025-12-01,CDD,Agence Nationale De La Statistique Et De La Demographie - Ansd,goafricaonline.com,Administration & Services publics,"programmation, communication, gestion de projet",3,3.0,3.0
Client Operations Manager (C.O.M),Dakar,2025-12-31,2025-12-01,Non spécifié,Africa Global Logistics Sénégal,goafricaonline.com,Transport & Logistique,communication,Non spécifié,,
Motion Designer,Dakar,2025-12-31,2025-12-01,Stage,VOX AGENCY SAS,goafricaonline.com,Marketing & Communication,,Non spécifié,,
Chef de vente,Dakar,2025-12-31,2025-12-01,CDD/CDI,Cabinet Rh Conseils Group,goafricaonline.com,"Finance, Banque & Comptabilité","vente, marketing, logistique",Non spécifié,,
Directeur(trice) d’exploitation,Dakar,2025-12-31,2025-12-01,CDD/CDI,Cabinet Rh Conseils Group,goafricaonline.com,"Finance, Banque & Comptabilité","finance, logistique, gestion de projet",Non spécifié,,
Spécialiste en entretien phytosanitaire (dératisation-désinsectisation-désinfection),Dakar,2025-12-31,2025-12-01,CDI,CLEANIC,goafricaonline.com,BTP & Industrie,,Non spécifié,,
Gestionnaire de stock pièces de rechange (véhicules légers),Dakar,2025-12-31,2025-12-01,CDD/CDI,CLEANIC,goafricaonline.com,"Finance, Banque & Comptabilité",,Non spécifié,,
Technicien en systèmes de sécurité,Dakar,2025-12-31,2025-12-01,Stage,Lezzetli Restaurant Et Traiteur,goafricaonline.com,Commerce & Vente,,Non spécifié,,
Responsable commercial pièces de rechange véhicules lourds,Dakar,2025-12-31,2025-12-01,CDD/CDI,Cabinet Rh Conseils Group,goafricaonline.com,"Finance, Banque & Comptabilité","vente, logistique",Non spécifié,,
Chargé de diffusion – CN-ITIE,Dakar,2025-12-31,2025-12-01,CDD,Agence Nationale De La Statistique Et De La Demographie - Ansd,goafricaonline.com,Administration & Services publics,"marketing, programmation, communication, finance, data analyse, rh, santé, gestion de projet",3,3.0,3.0
Informaticien Développeur Web – ENES,Dakar,2025-12-31,2025-12-01,CDD,Agence Nationale De La Statistique Et De La Demographie - Ansd,goafricaonline.com,Administration & Services publics,"marketing, programmation, communication, finance, data analyse, rh, santé, gestion de projet",3,3.0,3.0
Archiviste (05 postes) – RN-SSN,Dakar,2025-12-31,2025-12-01,CDI,Agence Nationale De La Statistique Et De La Demographie - Ansd,goafricaonline.com,Administration & Services publics,"marketing, programmation, communication, finance, data analyse, rh, santé, gestion de projet",3,3.0,3.0
"Professeur (SVT, Philosophie, Économie, Comptabilité)",Dakar,2025-12-31,2025-12-01,Non spécifié,JANGALMA,goafricaonline.com,Education & Formation,"finance, communication",5,5.0,5.0
Informaticien Webmaster,Dakar,2025-12-31,2025-12-01,CDD,Agence Nationale De La Statistique Et De La Demographie - Ansd,goafricaonline.com,Administration & Services publics,"marketing, programmation, communication, finance, data analyse, rh, santé, gestion de projet",3,3.0,3.0
Chef de Projet – Lancement d’Unité de Transformation Agro-alimentaire,Dakar,2025-12-31,2025-12-01,CDD,SODILUXE,goafricaonline.com,Commerce & Vente,"marketing, vente, programmation, communication, data analyse, logistique, gestion de projet",2,2.0,2.0
Machiniste (Stage),Dakar,2025-12-31,2025-12-01,CDD,ELITE RH,goafricaonline.com,RH & Recrutement,rh,Non spécifié,,
Assistant Informaticien (02 postes),Dakar,2025-12-31,2025-12-01,CDD,Agence Nationale De La Statistique Et De La Demographie - Ansd,goafricaonline.com,Administration & Services publics,"marketing, programmation, communication, finance, data analyse, rh, santé, gestion de projet",3,3.0,3.0
Expert Infographiste,Dakar,2025-12-31,2025-12-01,CDD,Agence Nationale De La Statistique Et De La Demographie - Ansd,goafricaonline.com,Administration & Services publics,"marketing, programmation, communication, finance, data analyse, rh, santé, gestion de projet",3,3.0,3.0
Conseiller Clientèle Particulier H/F,Dakar,2025-12-31,2025-12-01,CDI,Banque Islamique Du Senegal-Bis,goafricaonline.com,"Finance, Banque & Comptabilité",finance,Non spécifié,,
Spécialiste sous-régional(e) en sécurité pour l'Afrique de l'Ouest (SRSS WA) – PNUD,Dakar,2025-12-31,2025-12-01,CDD,Pnud (Programme Des Nations Unies Pour Le Developpement),goafricaonline.com,ONG & Humanitaire,,Non spécifié,,
Portfolio Officer West and Central Africa (GEF and GCF),Dakar,2025-12-31,2025-12-01,CDD,Uicn (Union Mondiale Pour La Conservation De La Nature),goafricaonline.com,ONG & Humanitaire,gestion de projet,Non spécifié,,
Senior Procurement Specialist – World Bank,Dakar,2025-12-31,2025-12-01,CDD,BANQUE MONDIALE,goafricaonline.com,ONG & Humanitaire,"gestion de projet, finance",Non spécifié,,
"Communication Officer (Digital), NO‑2 – WCARO Dakar",Dakar,2025-12-31,2025-12-01,CDD,UNICEF,goafricaonline.com,ONG & Humanitaire,"communication, gestion de projet",Non spécifié,,
"Consultant, évaluateur et responsable du suivi des programmes de promotion des migrations de main-d'œuvre intrarégionales pour le développement local – Programme MDP",Dakar,,,CDD,OIM,goafricaonline.com,ONG & Humanitaire,gestion de projet,Non spécifié,,
Consultant Expert Commercial & Marketing BtoB,Dakar,2025-12-22,2025-12-01,Stage,Csti (Consortium Senegalais De Travaux Et D'Ingenieurie),goafricaonline.com,BTP & Industrie,"marketing, vente, communication, finance",5,5.0,5.0
Stagiaire Assistant(e) de Direction,Dakar,2025-12-22,2025-12-01,Stage,Csti (Consortium Senegalais De Travaux Et D'Ingenieurie),goafricaonline.com,BTP & Industrie,finance,Non spécifié,,
Assistants qualité client,Dakar,2025-12-22,2025-12-01,CDD,HOTEL TERROU BI,goafricaonline.com,Tourisme & Hôtellerie,communication,3,3.0,3.0
Chauffeurs professionnels,Dakar,2025-12-22,2025-12-01,CDD,TERANGA MANPOWER,goafricaonline.com,RH & Recrutement,,10,10.0,10.0
Assistant technique,Dakar,2025-12-22,2025-12-01,CDD,JGM INTERNATIONAL CONSULTANTS,goafricaonline.com,"Finance, Banque & Comptabilité","gestion de projet, santé",Non spécifié,,
Chargé d’Organisation et d’Assistance à Maîtrise d’Ouvrage,Dakar,2025-12-22,2025-12-01,CDD,PROFIL,goafricaonline.com,"Finance, Banque & Comptabilité","finance, rh, gestion de projet",Non spécifié,,
Administrateur Systèmes et Réseaux,Dakar,2025-12-22,2025-12-01,CDD,TOPWORK SENEGAL,goafricaonline.com,RH & Recrutement,,Non spécifié,,
Chargé de développement commercial & Prospection institutionnell,Dakar,2025-12-22,2025-12-01,CDD,GIGA Electronic,goafricaonline.com,Technologie & Informatique,"vente, programmation, communication, finance, data analyse, gestion de projet",5,5.0,5.0
Spécialiste Suivi-Évaluation & Reporting,Dakar,2025-12-22,2025-12-01,CDD,JGM INTERNATIONAL CONSULTANTS,goafricaonline.com,"Finance, Banque & Comptabilité","data analyse, gestion de projet, santé",5,5.0,5.0
Ingénieur pédagogique,Dakar,2025-12-22,2025-12-01,CDD,JGM INTERNATIONAL CONSULTANTS,goafricaonline.com,"Finance, Banque & Comptabilité","gestion de projet, santé",5,5.0,5.0
Développeur LMS,Dakar,2025-12-22,2025-12-01,CDD,JGM INTERNATIONAL CONSULTANTS,goafricaonline.com,"Finance, Banque & Comptabilité","gestion de projet, programmation, santé",5,5.0,5.0
Chargé·e de dossiers logistique,Dakar,2025-12-22,2025-12-01,CDD,GIZ,goafricaonline.com,Administration & Services publics,"logistique, gestion de projet",Non spécifié,,
Chef de mission / Expert e-learning senior,Dakar,2025-12-22,2025-12-01,CDD,JGM INTERNATIONAL CONSULTANTS,goafricaonline.com,"Finance, Banque & Comptabilité","finance, santé, gestion de projet",7,7.0,7.0
Consultancy: Zero Out Of School Campaign,Dakar,2025-12-22,2025-12-01,CDD,UNICEF,goafricaonline.com,ONG & Humanitaire,communication,Non spécifié,,
Professeur,Dakar,2025-12-22,2025-12-01,Non spécifié,JANGALMA,goafricaonline.com,Education & Formation,communication,Non spécifié,,
Directeur technique,Dakar,2025-12-22,2025-12-01,CDD,JHPIEGO,goafricaonline.com,ONG & Humanitaire,"gestion de projet, santé",Non spécifié,,
MCL Operations Manager,Dakar,2025-12-22,2025-12-01,Non spécifié,MAERSK SENEGAL,goafricaonline.com,Transport & Logistique,logistique,Non spécifié,,
Senior CBI Associate,Dakar,2025-12-22,2025-12-01,CDD,Unhcr (Haut Commissariat Des Nations Unies Pour Les Refugies),goafricaonline.com,ONG & Humanitaire,"finance, gestion de projet",Non spécifié,,
Téléconseiller – Keur Massar,Dakar,2025-12-22,2025-12-01,CDD/CDI/Stage,Call Services Multimedia Digital,goafricaonline.com,Commerce & Vente,"marketing, vente, programmation, communication, data analyse, logistique, gestion de projet",2,2.0,2.0
Technico-Commercial(e) Bus,Dakar,2025-12-22,2025-12-01,CDD/CDI,CFAO EQUIPEMENT,goafricaonline.com,BTP & Industrie,"marketing, vente, communication, finance, data analyse, programmation, logistique, gestion de projet",2,2.0,2.0
Technicien IT,Dakar,2025-12-22,2025-12-01,CDD,ELITE RH,goafricaonline.com,RH & Recrutement,,Non spécifié,,
Technicien en électromécanique,Dakar,2025-12-22,2025-12-01,CDI,ELITE RH,goafricaonline.com,RH & Recrutement,,Non spécifié,,
Senior marketing & event manager mangalis,Dakar,2025-12-20,2025-12-01,CDI,MANGALIS HOTEL GROUP,goafricaonline.com,Tourisme & Hôtellerie,"marketing, communication, gestion de projet",7-10,7.0,10.0
Consultant(e)s ingénieur(e) data & intelligence artificielle,Dakar,2025-12-20,2025-12-01,Stage,SOUBA TECH,goafricaonline.com,Technologie & Informatique,"visualisation de données, data analyse, gestion de projet",2,2.0,2.0
Account manager 360,Dakar,2025-12-20,2025-12-01,CDD,HAVAS AFRICA SENEGAL,goafricaonline.com,Marketing & Communication,"marketing, gestion de projet",Non spécifié,,
Développeur front-end (h/f),Dakar,2025-12-20,2025-12-01,CDD,GSIE TECHNOLOGY,goafricaonline.com,Technologie & Informatique,gestion de projet,5,5.0,5.0
Consultant community manager on disability-inclusive education,Dakar,2025-12-20,2025-12-01,CDD,"Unesco (Organisation Des Nations Unies Pour L'Education, La Science Et La Culture)",goafricaonline.com,ONG & Humanitaire,,Non spécifié,,
Attaché(e) commercial(e) entreprise – pme,Dakar,2025-12-20,2025-12-01,CDD,SOCIETE GENERALE SENEGAL-SGS,goafricaonline.com,"Finance, Banque & Comptabilité","vente, finance, data analyse",Non spécifié,,
Sélection d’une organisation locale partenaire pour la mise en œuvre du volet agricole et agroécologique du projet Clear Casamance I,Dakar,2025-12-20,2025-12-01,CDD,MAG INTERNATIONAL,goafricaonline.com,ONG & Humanitaire,gestion de projet,Non spécifié,,
Technico-Commercial(e) Bus,Dakar,2025-12-20,2025-12-01,CDI,CFAO Sénégal,goafricaonline.com,Commerce & Vente,"marketing, vente, logistique",Non spécifié,,
Portfolio Officer West and Central Africa (GEF and GCF),Dakar,2025-12-20,2025-12-01,CDI,Iucn (Union Mondiale Pour La Conservation De La Nature),goafricaonline.com,ONG & Humanitaire,"communication, finance, gestion de projet",Non spécifié,,
Finance Assistant,Dakar,2025-12-20,2025-12-01,CDD,Iucn (Union Mondiale Pour La Conservation De La Nature),goafricaonline.com,ONG & Humanitaire,"finance, logistique, gestion de projet",Non spécifié,,
Gestionnaire des chauffeurs Bilingue (Français-Anglais),Dakar,2025-12-20,2025-12-01,CDD,MBS GROUP,goafricaonline.com,BTP & Industrie,,Non spécifié,,
Gestionnaire de Flotte de Véhicules Bilingue (Français-Anglais),Dakar,2025-12-20,2025-12-01,CDD,MBS GROUP,goafricaonline.com,BTP & Industrie,vente,Non spécifié,,
Chef comptable,Dakar,2025-12-20,2025-12-01,CDI,Supdeco (Groupe Ecole Superieure De Commerce De Dakar),goafricaonline.com,Technologie & Informatique,finance,Non spécifié,,
HR and operations consultant,Dakar,2025-12-20,2025-12-01,CDD,Winrock International - Wi,goafricaonline.com,ONG & Humanitaire,rh,Non spécifié,,
Account manager 360,Dakar,2025-12-20,2025-12-01,CDD,HAVAS MEDIA SENEGAL,goafricaonline.com,Marketing & Communication,"marketing, gestion de projet",Non spécifié,,
Lead People Partner – Agent Operations,Dakar,2025-12-20,2025-12-01,CDD,WAVE,goafricaonline.com,"Finance, Banque & Comptabilité",,Non spécifié,,
Vendeur téléphonique / Commercial sédentaire,Dakar,2025-12-20,2025-12-01,CDD,WEBTEL,goafricaonline.com,Marketing & Communication,"vente, communication",Non spécifié,,
Assistant comptable,Dakar,2025-12-20,2025-12-01,CDD,GPF SARL,goafricaonline.com,"Finance, Banque & Comptabilité","vente, logistique, finance",2-5,2.0,5.0
Assistant(e) Programme SRPF,Dakar,2025-12-20,2025-12-01,CDD,PSI COTE D'IVOIRE,goafricaonline.com,ONG & Humanitaire,"communication, finance, rh, santé, logistique, gestion de projet",2,2.0,2.0
Stagiaire Commercial Itinérant & Sédentaire (H/F),Dakar,2025-12-20,2025-12-01,Stage,Voomstore,goafricaonline.com,Technologie & Informatique,"vente, marketing, communication",Non spécifié,,
Chargée Marketing,Dakar,2025-12-19,2025-12-01,CDD,SODILUXE,goafricaonline.com,Commerce & Vente,"marketing, programmation, vente, communication, data analyse, gestion de projet",Non spécifié,,
Responsable Ressources Humaines,Dakar,,,CDI,CANAL + SENEGAL,goafricaonline.com,Marketing & Communication,"programmation, rh, gestion de projet",Non spécifié,,
Responsable Analyses Risques Groupe,Dakar,2025-12-19,2025-12-01,CDD,BAOBAB SENEGAL,goafricaonline.com,"Finance, Banque & Comptabilité","visualisation de données, communication, finance, data analyse",10,10.0,10.0
Project Manager I,Dakar,2025-12-19,2025-12-01,CDD,Crs (Catholic Relief Services),goafricaonline.com,ONG & Humanitaire,"communication, finance, data analyse, gestion de projet",5-8,5.0,8.0
Electricien,Dakar,2025-12-19,2025-12-01,CDD,TOTAL ENERGIES,goafricaonline.com,Transport & Logistique,"programmation, marketing, data analyse",5,5.0,5.0
Consultant(e) ingénieur(e) data & intelligence artificielle – cdi,Dakar,2025-12-19,2025-12-01,CDI,SOUBA TECH,goafricaonline.com,Technologie & Informatique,"visualisation de données, data analyse, gestion de projet",2,2.0,2.0
Responsable administratif et financier,Dakar,2025-12-19,2025-12-01,CDD,BAOBAB SENEGAL,goafricaonline.com,"Finance, Banque & Comptabilité","finance, communication",5,5.0,5.0
Consultant(e) Product & Project Data / Intelligence Artificielle – CDI,Dakar,2025-12-19,2025-12-01,CDI,SOUBA TECH,goafricaonline.com,Technologie & Informatique,gestion de projet,2,2.0,2.0
Enseignant-chercheur en Odontologie pédiatrique,Dakar,2025-12-19,2025-12-01,CDD,Ucad (Universite Cheikh Anta Diop),goafricaonline.com,Education & Formation,gestion de projet,Non spécifié,,
Assistant-e Gestionnaire de Caisse,Dakar,2025-12-19,2025-12-01,CDD,CARITAS SENEGAL,goafricaonline.com,ONG & Humanitaire,"gestion de projet, finance",4,4.0,4.0
Assistant de projet – Africa Connect Digital Campus (ACDC),Dakar,2025-12-19,2025-12-01,CDD,Auf / Agence Universitaire De La Francophonie,goafricaonline.com,"Finance, Banque & Comptabilité","finance, logistique, gestion de projet",Non spécifié,,
Finance & Administration Senior Manager,Dakar,2025-12-19,2025-12-01,CDD,UNOPS,goafricaonline.com,ONG & Humanitaire,"finance, gestion de projet",9,9.0,9.0
Conseiller en suivi évaluation et apprentissage,Dakar,2025-12-19,2025-12-01,CDD,JHPIEGO,goafricaonline.com,ONG & Humanitaire,"visualisation de données, data analyse, santé, gestion de projet",6,6.0,6.0
Conseiller en santé néonatale,Dakar,2025-12-19,2025-12-01,CDD,JHPIEGO,goafricaonline.com,ONG & Humanitaire,"gestion de projet, santé",6,6.0,6.0
Responsable Technico-Commercial AF,Dakar,2025-12-19,2025-12-01,CDD,Phoenix Consulting Group - Pcg,goafricaonline.com,RH & Recrutement,"vente, communication, gestion de projet",3-5,3.0,5.0
Vendeur Motorisé Agroalimentaire (F/H),Dakar,2025-12-19,2025-12-01,CDD,GLOBAL TALENT,goafricaonline.com,"Finance, Banque & Comptabilité","vente, marketing",2,2.0,2.0
Ingénieur Projets,Dakar,2025-12-19,2025-12-01,CDD,Phoenix Consulting Group - Pcg,goafricaonline.com,RH & Recrutement,"communication, gestion de projet",3-7,3.0,7.0
Acheteur Mines,Dakar,2025-12-19,2025-12-01,CDD,Phoenix Consulting Group - Pcg,goafricaonline.com,RH & Recrutement,logistique,5,5.0,5.0
Chef cuisinier,Dakar,2025-12-19,2025-12-01,CDD,AGENCE HYBRIDE,goafricaonline.com,RH & Recrutement,,Non spécifié,,
Future Pro – Relations publiques et communications,Dakar,2025-12-19,2025-12-01,CDD,FBNBank,goafricaonline.com,"Finance, Banque & Comptabilité","finance, communication",Non spécifié,,
Responsable Ressources Humaines (F/H/X),Dakar,,,Stage,CANAL+ SENEGAL,goafricaonline.com,Marketing & Communication,"marketing, vente, communication, rh, gestion de projet",2,2.0,2.0
Responsable administration et logistique,Dakar,2025-12-19,2025-12-01,CDD,PROFIL,goafricaonline.com,"Finance, Banque & Comptabilité",logistique,Non spécifié,,
Opérateur commercial – centre d’appels,Dakar,2025-12-19,2025-12-01,CDD/Freelance,KITKONECT,goafricaonline.com,Transport & Logistique,"vente, gestion de projet",Non spécifié,,
Responsable administratif et financier,Dakar,2025-12-19,2025-12-01,CDD,MUSLIM HANDS SENEGAL,goafricaonline.com,ONG & Humanitaire,"finance, logistique, gestion de projet",Non spécifié,,
Interprète billingue chinois-anglais,Dakar,2025-12-19,2025-12-01,CDD/CDI,MBS GROUP,goafricaonline.com,BTP & Industrie,communication,Non spécifié,,
Professeur (Cours particuliers),Dakar,2025-12-19,2025-12-01,Non spécifié,JANGALMA,goafricaonline.com,Education & Formation,"communication, programmation",5,5.0,5.0
Responsable de projet – Programme GPE-KIX Afrique 21,Dakar,2025-12-19,2025-12-01,CDD,Auf / Agence Universitaire De La Francophonie,goafricaonline.com,"Finance, Banque & Comptabilité","communication, logistique, gestion de projet",Non spécifié,,
"Senior program officer, Strengthening Infectious Disease Detection Systems, Epidemic Preparedness & Response",Dakar,2025-12-19,2025-12-01,CDD,PATH,goafricaonline.com,ONG & Humanitaire,"gestion de projet, santé",Non spécifié,,
Auditeur interne sénior,Dakar,2025-12-19,2025-12-01,CDD,PROFIL,goafricaonline.com,"Finance, Banque & Comptabilité",,Non spécifié,,
Support IT & systèmes de sécurité,Dakar,2025-12-19,2025-12-01,CDD,SAGAM ELECTRONICS,goafricaonline.com,Agriculture & Agroalimentaire,gestion de projet,3-5,3.0,5.0
Représentant.e Pays Adjoint.e,Dakar,2025-12-19,2025-12-01,CDD,IMPACT COMMUNICATION,goafricaonline.com,Marketing & Communication,programmation,Non spécifié,,
Responsable de recherche,Dakar,2025-12-19,2025-12-01,CDD,IMPACT COMMUNICATION,goafricaonline.com,Marketing & Communication,"data analyse, gestion de projet",Non spécifié,,
Superviseur commercial,Dakar,2025-12-19,2025-12-01,CDD,GLOBAL BUSINESS GROUP - GBG,goafricaonline.com,"Finance, Banque & Comptabilité","vente, rh",Non spécifié,,
Responsable contrôle permanent,Dakar,2025-12-19,2025-12-01,CDD,PROFIL,goafricaonline.com,"Finance, Banque & Comptabilité","vente, finance",Non spécifié,,
Agent commercial expérimenté,Dakar,2025-12-19,2025-12-01,CDD,IMMODAKAR.COM,goafricaonline.com,BTP & Industrie,"marketing, vente, finance, programmation, communication, rh, gestion de projet",2,2.0,2.0
Chef de département Contrôle en vol,Dakar,2025-12-15,2025-12-01,CDD,ASECNA,goafricaonline.com,Sécurité,,Non spécifié,,
Superviseur Administratif(ve),Thiès,2025-12-15,2025-12-01,CDD,SAMA MBEY,goafricaonline.com,ONG & Humanitaire,"communication, logistique",3,3.0,3.0
Community manager Cuisine Pulaagu,Dakar,2025-12-15,2025-12-01,CDD,CANAL + SENEGAL,goafricaonline.com,Marketing & Communication,"communication, marketing",Non spécifié,,
Spécialiste en sauvegarde environnementale et sociale,Dakar,2025-12-15,2025-12-01,CDD,Organisation Des Nations Unies Pour L'Alimentation Et L'Agriculture - Fao,goafricaonline.com,ONG & Humanitaire,gestion de projet,Non spécifié,,
Expert en communication,Dakar,2025-12-15,2025-12-01,Stage,GIZ,goafricaonline.com,Administration & Services publics,"communication, gestion de projet",Non spécifié,,
Directeur des affaires mondiales,Dakar,2025-12-15,2025-12-01,CDD/CDI,PLAN INTERNATIONAL SENEGAL,goafricaonline.com,ONG & Humanitaire,communication,Non spécifié,,
Directeur de l’impact,Dakar,2025-12-15,2025-12-01,CDD/CDI,PLAN INTERNATIONAL SENEGAL,goafricaonline.com,ONG & Humanitaire,"communication, programmation",Non spécifié,,
"Data, monitoring & reporting analyst",Dakar,2025-12-15,2025-12-01,CDD,ONU-FEMMES,goafricaonline.com,ONG & Humanitaire,"communication, finance, data analyse, gestion de projet",2,2.0,2.0
Agent de nettoyage,Dakar,2025-12-15,2025-12-01,CDD,CLEANIC,goafricaonline.com,BTP & Industrie,santé,Non spécifié,,
Chef comptable,Non spécifié,2025-12-15,2025-12-01,CDD,AMD CORPORATE,goafricaonline.com,Non spécifié,"finance, programmation, rh",Non spécifié,,
Coordonnateur/trice technique de projet,Dakar,2025-12-15,2025-12-01,CDD,Organisation Des Nations Unies Pour L'Alimentation Et L'Agriculture - Fao,goafricaonline.com,ONG & Humanitaire,"finance, rh, gestion de projet",Non spécifié,,
Chargé(e) de qualité – service à la clientèle,Dakar,2025-12-15,2025-12-01,Stage,GRAZEINA TECHNOLOGIES,goafricaonline.com,Sécurité,"marketing, vente, communication, rh, logistique",2,2.0,2.0
Front Desk Officer,Dakar,2025-12-15,2025-12-01,CDD,RELIANCE HEATH,goafricaonline.com,Transport & Logistique,"vente, marketing, communication",Non spécifié,,
Production Manager,Dakar,2025-12-15,2025-12-01,CDD,GPF SARL,goafricaonline.com,"Finance, Banque & Comptabilité","rh, finance",Non spécifié,,
Psychologue régional unité de support psycho-social,Dakar,2025-12-15,2025-12-01,CDD/CDI/Stage,MSF ENGENHARIA SA,goafricaonline.com,BTP & Industrie,"data analyse, santé",Non spécifié,,
Manager People Strategy & Transformation,Dakar,2025-12-15,2025-12-01,CDI,KPMG AUDIT SENEGAL,goafricaonline.com,Technologie & Informatique,"gestion de projet, vente",5-7,5.0,7.0
Consultant Junior Advisory,Dakar,2025-12-15,2025-12-01,CDI,KPMG AUDIT SENEGAL,goafricaonline.com,Technologie & Informatique,vente,Non spécifié,,
Assistant Administratif et Business Development Advisory,Dakar,2025-12-15,2025-12-01,Non spécifié,KPMG AUDIT SENEGAL,goafricaonline.com,Technologie & Informatique,"vente, communication, data analyse, gestion de projet",3-5,3.0,5.0
Senior Manager People Strategy & Transformation,Dakar,2025-12-15,2025-12-01,CDI,KPMG AUDIT SENEGAL,goafricaonline.com,Technologie & Informatique,"gestion de projet, vente",Non spécifié,,
Technico-commercial,Dakar,2025-12-15,2025-12-01,CDD,INTERNATIONAL STAFFING COMPANY,goafricaonline.com,RH & Recrutement,"vente, communication",Non spécifié,,
2 commerciaux,Dakar,2025-12-15,2025-12-01,CDD,GRAVUPUB,goafricaonline.com,Marketing & Communication,"marketing, communication, vente",Non spécifié,,
Responsable administratif et financier (Muslim Hands Sénégal),Dakar,2025-12-15,2025-12-01,CDD,MUSLIM HANDS SENEGAL,goafricaonline.com,ONG & Humanitaire,"finance, communication, gestion de projet",9,9.0,9.0
Stagiaire en communication digitale,Dakar,2025-12-15,2025-12-01,Non spécifié,MSF SARL SENEGAL,goafricaonline.com,Santé & Bien-être,"marketing, communication",Non spécifié,,
Assistant(e) administratif(ve) & communicatio,Dakar,2025-12-15,2025-12-01,CDD,BANK OF AFRICA,goafricaonline.com,"Finance, Banque & Comptabilité","marketing, vente, communication, finance",3,3.0,3.0
Comptable et administrateur rh,Dakar,2025-12-15,2025-12-01,CDD,GPF SARL,goafricaonline.com,"Finance, Banque & Comptabilité","rh, finance",Non spécifié,,
Senior procurement specialist,Dakar,2025-12-15,2025-12-01,CDD,BANQUE MONDIALE,goafricaonline.com,ONG & Humanitaire,"gestion de projet, finance",8,8.0,8.0
Responsable maintenance mécanique,Dakar,,,CDD,TOPWORK SENEGAL,goafricaonline.com,RH & Recrutement,"vente, gestion de projet",5-10,5.0,10.0
Senior hr business partner,Dakar,2025-12-15,2025-12-01,CDD,Unfpa (Fonds Des Nations Unies Pour La Population),goafricaonline.com,ONG & Humanitaire,"communication, rh",10,10.0,10.0
Commerciaux de terrain,Dakar,2025-12-15,2025-12-01,Stage,NETSYSTEME,goafricaonline.com,Technologie & Informatique,"vente, marketing, communication",Non spécifié,,
Gouvernante,Dakar,2025-12-15,2025-12-01,CDD,ELITE RH,goafricaonline.com,RH & Recrutement,rh,Non spécifié,,
Responsable du développement commercial (H/F),Dakar,2025-12-15,2025-12-01,CDD,GLOBAL TALENT,goafricaonline.com,"Finance, Banque & Comptabilité","vente, communication, data analyse, logistique",5,5.0,5.0
Assistant.e de projet – Programme APPRENDRE,Dakar,2025-12-15,2025-12-01,CDD,Auf / Agence Universitaire De La Francophonie,goafricaonline.com,"Finance, Banque & Comptabilité","finance, logistique, gestion de projet",Non spécifié,,
Adjoint administratif principal (Chargé(e) administratif(ve) principal(e)),Dakar,2025-12-15,2025-12-01,CDD,Unhcr (Haut Commissariat Des Nations Unies Pour Les Refugies),goafricaonline.com,ONG & Humanitaire,"logistique, rh",Non spécifié,,
Analyste de la protection,Dakar,2025-12-15,2025-12-01,CDD,Unhcr (Haut Commissariat Des Nations Unies Pour Les Refugies),goafricaonline.com,ONG & Humanitaire,"data analyse, gestion de projet",Non spécifié,,
Data Scientist,Dakar,2025-12-15,2025-12-01,CDD,Unhcr (Haut Commissariat Des Nations Unies Pour Les Refugies),goafricaonline.com,ONG & Humanitaire,"visualisation de données, data analyse, gestion de projet",Non spécifié,,
Assistant Administratif et Business Development Advisory (H/F),Dakar,2025-12-15,2025-12-01,Non spécifié,KPMG AUDIT SENEGAL,goafricaonline.com,Technologie & Informatique,"vente, communication, data analyse, gestion de projet",Non spécifié,,
"Consultant Chargé de la mise en œuvre et de la coordination de la Plateforme Mondiale pour l'Accès aux Médicaments Anticancéreux de l'Enfant (GPACCM) SSA, (NOB",Dakar,2025-12-15,2025-12-01,CDD,Oms (Organisation Mondiale De La Sante),goafricaonline.com,ONG & Humanitaire,"communication, santé, logistique, gestion de projet",Non spécifié,,
Assistant gestionnaire certificat FASE,Dakar,2025-12-15,2025-12-01,CDD,Onecca (Ordre National Des Experts Comptables Et Comptables Agrees Du Senegal),goafricaonline.com,Administration & Services publics,communication,Non spécifié,,
Spécialiste du développement des systèmes,Dakar,2025-12-15,2025-12-01,CDD,Unhcr (Haut Commissariat Des Nations Unies Pour Les Refugies),goafricaonline.com,ONG & Humanitaire,"data analyse, gestion de projet",Non spécifié,,
Conducteurs d’engins lourds,Dakar,2025-12-15,2025-12-01,CDD,TERANGA AGENCE,goafricaonline.com,Tourisme & Hôtellerie,,Non spécifié,,
Responsable maintenance électricité,Dakar,,,CDD,TOPWORK SENEGAL,goafricaonline.com,RH & Recrutement,vente,5,5.0,5.0
Ingénieur métallurgiste sénior,Dakar,2025-12-15,2025-12-01,CDD,GPF SARL,goafricaonline.com,"Finance, Banque & Comptabilité","data analyse, communication",5,5.0,5.0
Senior administrative associate,Dakar,2025-12-15,2025-12-01,CDD,Unhcr (Haut Commissariat Des Nations Unies Pour Les Refugies),goafricaonline.com,ONG & Humanitaire,"finance, logistique",Non spécifié,,
Chargé d’Animation Editoriale Web,Dakar,2025-12-15,2025-12-01,CDD,CANAL + SENEGAL,goafricaonline.com,Marketing & Communication,"marketing, rh",Non spécifié,,
Senior Learning & Development Officer,Dakar,2025-12-15,2025-12-01,CDD,WAVE,goafricaonline.com,"Finance, Banque & Comptabilité",data analyse,Non spécifié,,
Responsable Suivi Evaluation Et Intelligence De Données,Dakar,2025-12-15,2025-12-01,CDI,Institut Pasteur De Dakar,goafricaonline.com,Education & Formation,"finance, data analyse, gestion de projet",Non spécifié,,
"Driver, Malaria and Neglected Tropical Diseases (MNTD), REACH Malaria",Dakar,2025-12-15,2025-12-01,CDD,PATH,goafricaonline.com,ONG & Humanitaire,"santé, logistique, gestion de projet",Non spécifié,,
Technico-Commercial en électromécanique,Dakar,2025-12-15,2025-12-01,CDD,ELITE RH,goafricaonline.com,RH & Recrutement,"vente, marketing, gestion de projet",2,2.0,2.0
Responsable Stratégie et Coordination (National),Dakar,2025-12-15,2025-12-01,CDD,Acf (Action Contre La Faim),goafricaonline.com,ONG & Humanitaire,"finance, programmation, rh, logistique, gestion de projet",Non spécifié,,
Senior Communications Manager,Dakar,2025-12-15,2025-12-01,CDD,SPEAK UP AFRICA,goafricaonline.com,ONG & Humanitaire,communication,Non spécifié,,
Consultant – Communications Advisor,Dakar,2025-12-15,2025-12-01,CDD,SPEAK UP AFRICA,goafricaonline.com,ONG & Humanitaire,communication,Non spécifié,,
Conseillère Showroom & Suivi des Commandes,Dakar,2025-12-15,2025-12-01,CDD,AGENCE HYBRIDE,goafricaonline.com,RH & Recrutement,non spécifié,Non spécifié,,
Manager Développeur en Nettoiement,Dakar,2025-12-15,2025-12-01,CDD,Leader Interim et Services,goafricaonline.com,RH & Recrutement,vente,Non spécifié,,
Développeur Fullstack Sénior .NET / C#,Dakar,2025-12-15,2025-12-01,Stage,GALIMATECH,goafricaonline.com,Technologie & Informatique,programmation,7,7.0,7.0
100 Professeurs de Maths et SVT,Dakar,2025-12-15,2025-12-01,Non spécifié,JANGALMA,goafricaonline.com,Education & Formation,"communication, gestion de projet",2,2.0,2.0
ET Consultant – GFF Country Coordinator,Dakar,2025-12-15,2025-12-01,CDD,WORLD VISION SENEGAL,goafricaonline.com,ONG & Humanitaire,communication,Non spécifié,,
Vendeurs,Non spécifié,2025-12-15,2025-12-01,CDD,AMD CORPORATE,goafricaonline.com,Non spécifié,vente,Non spécifié,,
People and Culture Director,Dakar,2025-12-15,2025-12-01,CDD,GREENPEACE,goafricaonline.com,ONG & Humanitaire,rh,10,10.0,10.0
Agent de comptoir vente,Dakar,2025-12-15,2025-12-01,CDD,SERVTEC Sénégal,goafricaonline.com,RH & Recrutement,"vente, logistique",Non spécifié,,
Head of Programme,Dakar,2025-12-15,2025-12-01,CDD,UNOPS,goafricaonline.com,ONG & Humanitaire,"communication, gestion de projet, rh",12,12.0,12.0
"Consultant, Diaspora Engagement",Dakar,2025-12-15,2025-12-01,CDD,ONU-FEMMES,goafricaonline.com,ONG & Humanitaire,finance,5,5.0,5.0
Superviseur QA/QC,Dakar,2025-12-15,2025-12-01,CDD,TOPWORK SENEGAL,goafricaonline.com,RH & Recrutement,"communication, gestion de projet",Non spécifié,,
Responsable Commercial,Dakar,2025-12-15,2025-12-01,CDD,WARABA BUSINESS,goafricaonline.com,Non spécifié,vente,Non spécifié,,
Ingénieur procédures de maintenance usine,Dakar,,,CDI,Css (Caisse De Securite Sociale),goafricaonline.com,Administration & Services publics,non spécifié,Non spécifié,,
Gestionnaire de Programme de Formation,Dakar,2025-12-15,2025-12-01,CDD,Onecca (Ordre National Des Experts Comptables Et Comptables Agrees Du Senegal),goafricaonline.com,Administration & Services publics,communication,Non spécifié,,
Responsable Commercial(e,Dakar,2025-12-15,2025-12-01,CDD,ELITE RH,goafricaonline.com,RH & Recrutement,"vente, communication, logistique",4,4.0,4.0
Guichetier payeur,Dakar,2025-12-15,2025-12-01,CDD,RMO,goafricaonline.com,RH & Recrutement,"finance, communication",2,2.0,2.0
Stagiaire Technicien Informatique / Électricien,Dakar,2025-12-15,2025-12-01,CDI,La Laiterie Du Berger,goafricaonline.com,Agriculture & Agroalimentaire,gestion de projet,Non spécifié,,
Gestionnaire du stock (Agent de Sortie qui contrôle des Sorties de bagages),Dakar,2025-12-15,2025-12-01,CDI,Holly Trans Limited Senegal,goafricaonline.com,Technologie & Informatique,logistique,Non spécifié,,
Traducteur Chinois - Français,Dakar,2025-12-15,2025-12-01,CDD,GPF SARL,goafricaonline.com,"Finance, Banque & Comptabilité",communication,1-3,1.0,3.0
Gestionnaire de compte – Exploitant,Dakar,2025-12-15,2025-12-01,CDD,RMO,goafricaonline.com,RH & Recrutement,"marketing, vente, finance, communication",3,3.0,3.0
Mécaniciens Concasseurs,Dakar,2025-12-15,2025-12-01,CDD,GPF SARL,goafricaonline.com,"Finance, Banque & Comptabilité",,2,2.0,2.0
Technicien de mécanique,Dakar,2025-12-15,2025-12-01,CDD,TOPWORK SENEGAL,goafricaonline.com,RH & Recrutement,,Non spécifié,,
Technicien instrumentation & contrôle,Dakar,2025-12-15,2025-12-01,CDD,TOPWORK SENEGAL,goafricaonline.com,RH & Recrutement,non spécifié,Non spécifié,,
Chef(fe) de Projet,Dakar,2025-12-15,2025-12-01,CDD,MARIE STOPES INTERNATIONALE,goafricaonline.com,Santé & Bien-être,"gestion de projet, santé",10,10.0,10.0
Technicien électricien,Dakar,2025-12-15,2025-12-01,CDD,TOPWORK SENEGAL,goafricaonline.com,RH & Recrutement,,Non spécifié,,
Workshop Supervisor,Dakar,2025-12-15,2025-12-01,Non spécifié,MAERSK SENEGAL,goafricaonline.com,Transport & Logistique,"communication, vente",Non spécifié,,
Responsable Grandes et Moyennes Surfaces (GMS,Non spécifié,2025-12-15,2025-12-01,CDD,AMD CORPORATE,goafricaonline.com,Non spécifié,vente,Non spécifié,,
Superviseur de Zone,Non spécifié,2025-12-15,2025-12-01,CDD,AMD CORPORATE,goafricaonline.com,Non spécifié,vente,Non spécifié,,
Chef de Zone,Non spécifié,2025-12-15,2025-12-01,CDD,AMD CORPORATE,goafricaonline.com,Non spécifié,vente,Non spécifié,,
Chef de Secteur,Non spécifié,2025-12-15,2025-12-01,CDD,AMD CORPORATE,goafricaonline.com,Non spécifié,vente,Non spécifié,,
Responsable Commercial(e,Non spécifié,2025-12-15,2025-12-01,CDD,AMD CORPORATE,goafricaonline.com,Non spécifié,vente,Non spécifié,,
Business Analys,Dakar,2025-12-15,2025-12-01,CDI,Africa Global Logistics Sénégal,goafricaonline.com,Transport & Logistique,logistique,Non spécifié,,
"Cuisiniers, Serveurs",Dakar,2025-12-15,2025-12-01,CDD/CDI,DESK Suarl,goafricaonline.com,Commerce & Vente,,Non spécifié,,
Conducteur Camion Benne,Dakar,2025-12-15,2025-12-01,CDD,RESIDENCE KALIA,goafricaonline.com,BTP & Industrie,,Non spécifié,,
Chef Cuisinier,Dakar,2025-12-15,2025-12-01,CDD/CDI,DESK Suarl,goafricaonline.com,Commerce & Vente,,5,5.0,5.0
Commercial Terrain Agroalimentaire,Dakar,2025-12-15,2025-12-01,CDD,GLOBAL TALENT,goafricaonline.com,"Finance, Banque & Comptabilité","vente, marketing, finance, santé",2,2.0,2.0
Magasinier,Dakar,2025-12-15,2025-12-01,CDD,GPF SARL,goafricaonline.com,"Finance, Banque & Comptabilité",,Non spécifié,,
Administrateur Projet/ Programme,Saint-Louis,2025-12-15,2025-12-01,CDD,ENGIM,goafricaonline.com,ONG & Humanitaire,"finance, rh, gestion de projet",3,3.0,3.0
Chargé de projet,Dakar,2025-12-15,2025-12-01,CDD,IPSIA,goafricaonline.com,ONG & Humanitaire,"communication, gestion de projet",3,3.0,3.0
Directeur Général Adjoint (DGA,Dakar,2025-12-15,2025-12-01,CDD,PROFIL,goafricaonline.com,"Finance, Banque & Comptabilité","finance, communication, gestion de projet",10,10.0,10.0
Health Service Delivery Experts / Consultant Roster,Dakar,2025-12-15,2025-12-01,CDD,MSH,goafricaonline.com,Santé & Bien-être,"communication, finance, data analyse, santé, logistique, gestion de projet",Non spécifié,,
Business Development Specialist / New Business Hunter,Dakar,2025-12-15,2025-12-01,CDD/CDI,DHL GLOBAL FORWARDING,goafricaonline.com,Transport & Logistique,"vente, marketing, logistique",Non spécifié,,
Health Systems Strengthening Experts / Consultant Roster,Dakar,2025-12-15,2025-12-01,CDD,MSH,goafricaonline.com,Santé & Bien-être,"communication, finance, data analyse, santé, logistique, gestion de projet",Non spécifié,,
"Management, Finance, & Operations Experts",Dakar,2025-12-15,2025-12-01,CDD,MSH,goafricaonline.com,Santé & Bien-être,santé,Non spécifié,,
Expert en Gestion et Organisation,Dakar,2025-12-15,2025-12-01,CDD,GPF SARL,goafricaonline.com,"Finance, Banque & Comptabilité",,7,7.0,7.0
Conseiller.ère en développement et accompagnement des micro-entreprises,Dakar,2025-12-15,2025-12-01,CDD,GIZ,goafricaonline.com,Administration & Services publics,"vente, finance, gestion de projet",2,2.0,2.0
Conducteur de pelle excavatrice (500 T),Dakar,2025-12-15,2025-12-01,CDD,TERANGA TRAVEL TOURS,goafricaonline.com,Tourisme & Hôtellerie,"vente, finance, rh, data analyse, logistique, gestion de projet",2,2.0,2.0
Supply Chain & Pharmaceutical System Strengthening Experts,Dakar,2025-12-15,2025-12-01,CDD,MSH,goafricaonline.com,Santé & Bien-être,"logistique, santé",Non spécifié,,
"Area Head of ATR and Financial Controlling, WAF",Dakar,2025-12-15,2025-12-01,Non spécifié,MAERSK SENEGAL,goafricaonline.com,Transport & Logistique,"finance, communication",Non spécifié,,
Télévendeur(euse) Téléphonie Samsung,Thiès,2025-12-15,2025-12-01,CDD,Electronic Services,goafricaonline.com,Marketing & Communication,"vente, communication",Non spécifié,,
Pharmacien biologiste,Dakar,2025-12-15,2025-12-01,CDI,Ucad (Universite Cheikh Anta Diop),goafricaonline.com,Education & Formation,santé,3,3.0,3.0
Directeur·rice Artistique Senior (Digital & Print),Dakar,2025-12-15,2025-12-01,Non spécifié,HAVAS MEDIA SENEGAL,goafricaonline.com,Marketing & Communication,gestion de projet,5+,5.0,5.0
Ingénieur procédures de maintenance usine,Dakar,,,CDI,Compagnie Sucriere Senegalaise - Css,goafricaonline.com,BTP & Industrie,non spécifié,Non spécifié,,
Expert en météorologie,Dakar,2025-12-15,2025-12-01,CDD,ASECNA,goafricaonline.com,Sécurité,gestion de projet,2,2.0,2.0
Chargé enseignements - ERNAM,Dakar,2025-12-15,2025-12-01,CDD,ASECNA,goafricaonline.com,Sécurité,,Non spécifié,,
Chef centre AVSEC / OACI – ERNAM,Dakar,2025-12-15,2025-12-01,CDD,ASECNA,goafricaonline.com,Sécurité,communication,Non spécifié,,
Cuisinière & Femme de ménage,Dakar,2025-11-14,2025-11-01,CDD,AGENCE HYBRIDE,goafricaonline.com,RH & Recrutement,"marketing, vente, finance, communication, data analyse, programmation, rh, santé, gestion de projet",3,3.0,3.0
Enseignant chercheur – Productions Végétales et Agronomies,Dakar,2025-11-14,2025-11-01,CDD,Université Gaston Berger,goafricaonline.com,Education & Formation,"marketing, programmation, vente, communication, finance, rh, santé, gestion de projet",2,2.0,2.0
"Enseignant chercheur-Assistant, spécialiste en Aviculture",Dakar,2025-11-14,2025-11-01,CDD,Université Gaston Berger,goafricaonline.com,Education & Formation,"marketing, programmation, vente, communication, finance, rh, santé, gestion de projet",2,2.0,2.0
"Enseignant(e)-chercheur(e) Assistant(e), spécialiste en Économie de l’élevage",Dakar,2025-11-14,2025-11-01,CDD,Université Gaston Berger,goafricaonline.com,Education & Formation,"marketing, programmation, vente, communication, finance, rh, santé, gestion de projet",2,2.0,2.0
Attachée commerciale senior en expertise comptable,Dakar,2025-11-14,2025-11-01,Non spécifié,TERANGA AGENCE,goafricaonline.com,Tourisme & Hôtellerie,"vente, finance, communication, data analyse, rh, logistique, gestion de projet",2,2.0,2.0
Enseignant chercheur-Technologies et de Génie des Procédés industriels,Dakar,2025-11-14,2025-11-01,CDD,Université Gaston Berger,goafricaonline.com,Education & Formation,"marketing, programmation, vente, communication, finance, rh, santé, gestion de projet",2,2.0,2.0
Risk & Internal Control Officer,Dakar,2025-11-14,2025-11-01,CDD,WAVE,goafricaonline.com,"Finance, Banque & Comptabilité","marketing, vente, finance, communication, data analyse, programmation, santé, logistique, gestion de projet",5,5.0,5.0
Ethical Hacker / Pentester,Dakar,2025-11-14,2025-11-01,Stage,ARUO SERVICES,goafricaonline.com,Technologie & Informatique,,2-4,2.0,4.0
Program Policy Offer/CST II,Dakar,2025-11-14,2025-11-01,CDD,WORLD FOOD PROGRAMME,goafricaonline.com,ONG & Humanitaire,"communication, programmation, gestion de projet, data analyse",Non spécifié,,
Pharmacien biologiste,Dakar,2025-11-14,2025-11-01,CDD,Centre De Calcul Informatique Ucad,goafricaonline.com,Education & Formation,"marketing, programmation, vente, communication, finance, santé, gestion de projet",3,3.0,3.0
Ingénieur Senior Réseaux IP,Dakar,2025-11-14,2025-11-01,Stage,SENEGAL NUMERIQUE SA,goafricaonline.com,Technologie & Informatique,"marketing, communication, gestion de projet",Non spécifié,,
20 Agents call center,Dakar,2025-11-14,2025-11-01,CDD,Icom B Call Center,goafricaonline.com,Technologie & Informatique,"marketing, vente, finance, programmation, communication, data analyse, rh, gestion de projet",2,2.0,2.0
Stagiaire en Marketing & Communication Digitale,Dakar,2025-11-14,2025-11-01,Stage,SOGIP,goafricaonline.com,BTP & Industrie,"marketing, programmation, communication, logistique, santé, gestion de projet",3,3.0,3.0
Techniciens de Maintenance,Dakar,,,CDI,Institut Pasteur De Dakar,goafricaonline.com,Education & Formation,"programmation, finance, data analyse, rh, santé, logistique, gestion de projet",2,2.0,2.0
"Responsable des Études, Ingénierie et Architecture des Réseaux",Dakar,2025-11-14,2025-11-01,Stage,SENEGAL NUMERIQUE SA,goafricaonline.com,Technologie & Informatique,"marketing, communication, gestion de projet",Non spécifié,,
Ingénieur Systèmes Microsoft Exchange,Dakar,2025-11-14,2025-11-01,Stage,SENEGAL NUMERIQUE SA,goafricaonline.com,Technologie & Informatique,"marketing, communication, gestion de projet",Non spécifié,,
Ingénieur Radio,Dakar,2025-11-14,2025-11-01,Stage,SENEGAL NUMERIQUE SA,goafricaonline.com,Technologie & Informatique,"marketing, communication, gestion de projet",Non spécifié,,
Responsable Conduite du Changement,Dakar,2025-11-14,2025-11-01,Stage,SENEGAL NUMERIQUE SA,goafricaonline.com,Technologie & Informatique,"marketing, communication, gestion de projet",Non spécifié,,
Assistant chargé des systèmes de suivi,Dakar,2025-11-14,2025-11-01,Stage,Senelec (Societe Nationale D'Electricite),goafricaonline.com,Technologie & Informatique,"marketing, communication, logistique, gestion de projet",Non spécifié,,
Ingénieur biomedical,Dakar,2025-11-14,2025-11-01,CDD,Sonia Sarl (Ste Nouvelle D'Industrie Alimentaire),goafricaonline.com,Agriculture & Agroalimentaire,"marketing, vente, finance, communication, data analyse, programmation, rh, santé, gestion de projet",5,5.0,5.0
Spécialiste .NET & Frontend,Dakar,2025-11-14,2025-11-01,CDD,LNG CONSULTING,goafricaonline.com,Santé & Bien-être,programmation,Non spécifié,,
Ingénieur Géomatique,Dakar,2025-11-14,2025-11-01,Stage,SENEGAL NUMERIQUE SA,goafricaonline.com,Technologie & Informatique,"marketing, communication, gestion de projet",Non spécifié,,
Architecte cloud,Dakar,2025-11-14,2025-11-01,Stage,SENEGAL NUMERIQUE SA,goafricaonline.com,Technologie & Informatique,"marketing, communication, gestion de projet",Non spécifié,,
Architecte Solution,Dakar,2025-11-14,2025-11-01,Stage,SENEGAL NUMERIQUE SA,goafricaonline.com,Technologie & Informatique,"marketing, communication, gestion de projet",Non spécifié,,
Ingénieur Transmission DWDM,Dakar,2025-11-14,2025-11-01,Stage,SENEGAL NUMERIQUE SA,goafricaonline.com,Technologie & Informatique,"marketing, communication, gestion de projet",Non spécifié,,
Chargé du Suivi-Évaluation (PAAICE),Dakar,2025-11-14,2025-11-01,Non spécifié,Adepme (Agence De Developpement Et D'Encadrement Des Petites Et Moyennes Entreprises),goafricaonline.com,"Finance, Banque & Comptabilité","marketing, finance, programmation, communication, data analyse, rh, logistique, gestion de projet",3,3.0,3.0
Assistants(es) en communication,Dakar,2025-11-14,2025-11-01,Non spécifié,Adepme (Agence De Developpement Et D'Encadrement Des Petites Et Moyennes Entreprises),goafricaonline.com,"Finance, Banque & Comptabilité","marketing, finance, programmation, communication, data analyse, rh, logistique, gestion de projet",2,2.0,2.0
Assistants(es) chargé de projets,Dakar,2025-11-14,2025-11-01,Non spécifié,Adepme (Agence De Developpement Et D'Encadrement Des Petites Et Moyennes Entreprises),goafricaonline.com,"Finance, Banque & Comptabilité","marketing, finance, programmation, communication, data analyse, rh, logistique, gestion de projet",2,2.0,2.0
Assistant Suivi-Évaluation (Stage),Dakar,2025-11-14,2025-11-01,Non spécifié,Adepme (Agence De Developpement Et D'Encadrement Des Petites Et Moyennes Entreprises),goafricaonline.com,"Finance, Banque & Comptabilité","marketing, finance, programmation, communication, data analyse, rh, logistique, gestion de projet",2,2.0,2.0
Ingénieur Devops,Dakar,2025-11-11,2025-11-01,Non spécifié,Senegal Numerique - Senum Sa,goafricaonline.com,Marketing & Communication,"communication, gestion de projet",Non spécifié,,
Chauffeur,Dakar,2025-11-11,2025-11-01,CDD,Fawe Forum Des Educatrices Africaines Section Senegalaise,goafricaonline.com,ONG & Humanitaire,logistique,5,5.0,5.0
Commis de salle,Dakar,2025-11-11,2025-11-01,CDD,TOPWORK SENEGAL,goafricaonline.com,RH & Recrutement,communication,Non spécifié,,
02 Serveurs confirmés,Dakar,2025-11-11,2025-11-01,CDD,TOPWORK SENEGAL,goafricaonline.com,RH & Recrutement,communication,3,3.0,3.0
Architecte solution,Dakar,2025-11-11,2025-11-01,Non spécifié,Senegal Numerique - Senum Sa,goafricaonline.com,Marketing & Communication,communication,Non spécifié,,
Charge/Chargee d’Etudes Digital,Dakar,2025-11-11,2025-11-01,CDD,CANAL + SENEGAL,goafricaonline.com,Marketing & Communication,"marketing, vente, communication, data analyse, rh, gestion de projet",Non spécifié,,
Procurement Associate,Dakar,2025-11-11,2025-11-01,CDD,ONU-FEMMES,goafricaonline.com,ONG & Humanitaire,"data analyse, gestion de projet",Non spécifié,,
Agent commercial terrain,Dakar,2025-11-11,2025-11-01,Stage,TERANGA TECH,goafricaonline.com,Technologie & Informatique,"vente, communication",Non spécifié,,
Responsable des Moyens Généraux,Dakar,2025-11-11,2025-11-01,CDD,GPF SARL,goafricaonline.com,"Finance, Banque & Comptabilité","finance, rh, logistique",4,4.0,4.0
Rédacteurs GBP Francophone,Dakar,2025-11-11,2025-11-01,Non spécifié,LEADS,goafricaonline.com,Commerce & Vente,,Non spécifié,,
Pilote intervention SAV Client,Dakar,2025-11-11,2025-11-01,CDD,GPF SARL,goafricaonline.com,"Finance, Banque & Comptabilité",logistique,Non spécifié,,
Conducteur mini chargeuse,Dakar,2025-11-11,2025-11-01,Non spécifié,RESIDENCE KALIA,goafricaonline.com,BTP & Industrie,,Non spécifié,,
Support Group Lead,Dakar,2025-11-11,2025-11-01,CDD,WAVE,goafricaonline.com,"Finance, Banque & Comptabilité","marketing, vente, communication, programmation, finance, data analyse, santé, logistique, gestion de projet",2,2.0,2.0
Senior Operations Expert,Dakar,2025-11-11,2025-11-01,Non spécifié,Wartsila West Africa Sa,goafricaonline.com,BTP & Industrie,data analyse,Non spécifié,,
Gestionnaire Immobilier(e),Dakar,2025-11-11,2025-11-01,CDD,RPORTH,goafricaonline.com,"Finance, Banque & Comptabilité","data analyse, communication",Non spécifié,,
Project Manager,Dakar,2025-11-11,2025-11-01,CDD/CDI/Stage,MSF ENGENHARIA SA,goafricaonline.com,BTP & Industrie,"communication, programmation, rh, santé, logistique, gestion de projet",5,5.0,5.0
Chef de Projet,Dakar,2025-11-11,2025-11-01,CDD/CDI/Stage,MSF ENGENHARIA SA,goafricaonline.com,BTP & Industrie,"communication, programmation, rh, santé, logistique, gestion de projet",5,5.0,5.0
"Ingénieur (Mécanique, Électrique ou Civil)",Dakar,2025-11-11,2025-11-01,CDD,TERANGA MANPOWER,goafricaonline.com,RH & Recrutement,"vente, communication, gestion de projet",Non spécifié,,
Responsable de site construction – Energies renouvelables,Dakar,2025-11-11,2025-11-01,CDD,TOPWORK SENEGAL,goafricaonline.com,RH & Recrutement,gestion de projet,10,10.0,10.0
Chargé d’études digitales,Dakar,2025-11-11,2025-11-01,Non spécifié,CANAL + SENEGAL,goafricaonline.com,Marketing & Communication,"marketing, vente, data analyse",Non spécifié,,
Associé en finances,Dakar,2025-11-11,2025-11-01,CDD,ONU-FEMMES,goafricaonline.com,ONG & Humanitaire,finance,Non spécifié,,
Agent des opérations,Dakar,2025-11-11,2025-11-01,CDI,Vfs (Vision Fun Senegal),goafricaonline.com,"Finance, Banque & Comptabilité",,Non spécifié,,
Chauffeur,Dakar,2025-11-11,2025-11-01,Non spécifié,Adepme (Agence De Developpement Et D'Encadrement Des Petites Et Moyennes Entreprises),goafricaonline.com,"Finance, Banque & Comptabilité","data analyse, marketing, programmation, finance, rh, logistique, communication, gestion de projet",7,7.0,7.0
Inventoriste,Dakar,2025-11-11,2025-11-01,CDI,AUCHAN,goafricaonline.com,Commerce & Vente,"finance, communication, programmation, data analyse, rh, santé, gestion de projet",2,2.0,2.0
(03) Secrétaires bureautiques,Dakar,2025-11-11,2025-11-01,CDD,Centre De Calcul Informatique Ucad,goafricaonline.com,Education & Formation,"marketing, programmation, vente, communication, finance, santé, gestion de projet",2,2.0,2.0
Responsable des opérations,Non spécifié,2025-11-11,2025-11-01,CDD,AMD CORPORATE,goafricaonline.com,Non spécifié,"finance, programmation, rh",Non spécifié,,
Directeur business Development bilingue,Non spécifié,2025-11-11,2025-11-01,CDD,AMD CORPORATE,goafricaonline.com,Non spécifié,"finance, programmation, rh",Non spécifié,,
Chef administratif et financier,Non spécifié,2025-11-11,2025-11-01,CDD,AMD CORPORATE,goafricaonline.com,Non spécifié,"finance, programmation, rh",Non spécifié,,
Technicien Senior,Dakar,2025-11-11,2025-11-01,CDD,ELITE RH,goafricaonline.com,RH & Recrutement,,5,5.0,5.0
Mécanicien Poids Lourds,Dakar,2025-11-11,2025-11-01,Non spécifié,RESIDENCE KALIA,goafricaonline.com,BTP & Industrie,"communication, programmation, logistique, santé, gestion de projet",3,3.0,3.0
Chargé(e) de référencement – SEO,Dakar,2025-11-11,2025-11-01,Non spécifié,LEADS,goafricaonline.com,Commerce & Vente,,Non spécifié,,
Assistant RH,Dakar,2025-11-11,2025-11-01,CDD,ONU-FEMMES,goafricaonline.com,ONG & Humanitaire,"rh, logistique",Non spécifié,,
Responsable Administratif(ve) des RH,Dakar,2025-11-11,2025-11-01,CDD,INTERNATIONAL STAFFING COMPANY,goafricaonline.com,RH & Recrutement,rh,Non spécifié,,
Responsable Financier,Dakar,2025-11-11,2025-11-01,CDD,Winrock International - Wi,goafricaonline.com,ONG & Humanitaire,"communication, finance, gestion de projet",Non spécifié,,
Responsable comptable fiscaliste,Dakar,2025-11-11,2025-11-01,CDD,Phoenix Consulting Group - Pcg,goafricaonline.com,RH & Recrutement,,Non spécifié,,
Esthéticienne,Dakar,2025-11-11,2025-11-01,CDD,OLAM SENEGAL,goafricaonline.com,Agriculture & Agroalimentaire,"marketing, vente, finance, communication, data analyse, programmation, rh, santé, gestion de projet",5,5.0,5.0
Apprenti(e) Serveuse / Serveur,Dakar,2025-11-11,2025-11-01,CDD/CDI,grillade de Total gazole station,goafricaonline.com,Commerce & Vente,"communication, finance, gestion de projet",2,2.0,2.0
Représentant des Ventes,Dakar,2025-11-11,2025-11-01,Non spécifié,DABA INDUSTRIE,goafricaonline.com,BTP & Industrie,"vente, gestion de projet",2-3,2.0,3.0
Stagiaire Chargé de Suivi des Dossiers Visa,Non spécifié,2025-11-11,2025-11-01,Non spécifié,EAZY-VISA,goafricaonline.com,Non spécifié,"vente, finance, communication, rh, data analyse, logistique, gestion de projet",2,2.0,2.0
Assistant Administratif Bilingue,Dakar,2025-11-11,2025-11-01,CDD,PHOENIX SENEGAL,goafricaonline.com,RH & Recrutement,"communication, finance, rh",5,5.0,5.0
Directeur des Opérations,Dakar,2025-11-11,2025-11-01,CDD,PHOENIX SENEGAL,goafricaonline.com,RH & Recrutement,"logistique, gestion de projet",5-10,5.0,10.0
Chef Comptable,Dakar,2025-11-11,2025-11-01,CDD,PHOENIX SENEGAL,goafricaonline.com,RH & Recrutement,finance,5,5.0,5.0
Auditeur IT Stagiaire,Dakar,2025-11-06,2025-11-01,Non spécifié,DELOITTE SENEGAL,goafricaonline.com,Technologie & Informatique,"data analyse, gestion de projet",Non spécifié,,
Chef d’équipe commercial,Dakar,2025-11-06,2025-11-01,CDD,DEXINTEC,goafricaonline.com,BTP & Industrie,"vente, communication, logistique",Non spécifié,,
Superviseur électromécanique,Dakar,2025-11-06,2025-11-01,CDD,TOPWORK SENEGAL,goafricaonline.com,RH & Recrutement,gestion de projet,10,10.0,10.0
Assistant administratif aux opérations du programme,Dakar,2025-11-06,2025-11-01,CDD,"Unesco (Organisation Des Nations Unies Pour L'Education, La Science Et La Culture)",goafricaonline.com,ONG & Humanitaire,"finance, communication, gestion de projet",5,5.0,5.0
Junior Business Development Manager / Trainee,Dakar,2025-11-06,2025-11-01,Non spécifié,GIE RABALMA,goafricaonline.com,BTP & Industrie,"marketing, vente, programmation, communication, rh, santé, gestion de projet",2-3,2.0,3.0
Téléconseillers / Vendeurs,Dakar,2025-11-06,2025-11-01,Non spécifié,MOUABI GROUP,goafricaonline.com,Santé & Bien-être,,Non spécifié,,
Responsable IT Terrain (F/H),Dakar,2025-11-06,2025-11-01,Non spécifié,MSF SARL SENEGAL,goafricaonline.com,Santé & Bien-être,"communication, data analyse, programmation, rh, santé, logistique, gestion de projet",5,5.0,5.0
Rédacteur Web – SEO,Dakar,2025-11-06,2025-11-01,Non spécifié,LEADS,goafricaonline.com,Commerce & Vente,"vente, marketing, gestion de projet",Non spécifié,,
rogramme Associate,Dakar,2025-11-06,2025-11-01,CDD,ONU-FEMMES,goafricaonline.com,ONG & Humanitaire,"communication, finance, logistique, gestion de projet",Non spécifié,,
Specialiste mondial du commerce electronique,Dakar,2025-11-06,2025-11-01,Non spécifié,CMA CGM SENEGAL,goafricaonline.com,Transport & Logistique,"vente, communication, data analyse",Non spécifié,,
Charge de projets (1),Dakar,2025-11-06,2025-11-01,CDD,La Chaine De L'Espoir,goafricaonline.com,ONG & Humanitaire,"communication, data analyse, logistique, gestion de projet",Non spécifié,,
Expert en sante publique et epidemiologie,Dakar,2025-11-06,2025-11-01,CDD,EXPERTISE FRANCE,goafricaonline.com,ONG & Humanitaire,"finance, logistique",Non spécifié,,
Senior Product Marketing Manager,Dakar,2025-11-06,2025-11-01,CDD,WAVE,goafricaonline.com,"Finance, Banque & Comptabilité","marketing, vente, communication, finance, data analyse, programmation, santé, gestion de projet",10,10.0,10.0
Responsable IT Terrrain,Dakar,2025-11-06,2025-11-01,Non spécifié,MSF SARL SENEGAL,goafricaonline.com,Santé & Bien-être,"communication, programmation, rh, logistique, santé, gestion de projet, data analyse",5,5.0,5.0
Project and Programme Management Specialist,Dakar,2025-11-06,2025-11-01,CDD,PLAN INTERNATIONAL SENEGAL,goafricaonline.com,ONG & Humanitaire,gestion de projet,Non spécifié,,
Project Management – BAL Production,Dakar,2025-11-06,2025-11-01,CDD,FBNBANK SENEGAL,goafricaonline.com,"Finance, Banque & Comptabilité","marketing, communication, gestion de projet",Non spécifié,,
Superviseur renforcement du Système de santé,Dakar,2025-11-06,2025-11-01,CDD,MARIE STOPES INTERNATIONALE,goafricaonline.com,Santé & Bien-être,santé,Non spécifié,,
Agent de Saisie Bilingue,Dakar,2025-11-06,2025-11-01,CDD,SUNDA INTERNATIONAL,goafricaonline.com,BTP & Industrie,"communication, logistique, data analyse",Non spécifié,,
AI Engineer,Dakar,2025-11-06,2025-11-01,Stage,NIXACOM,goafricaonline.com,Technologie & Informatique,"finance, data analyse, programmation",Non spécifié,,
Information Management System Officer,Dakar,2025-11-06,2025-11-01,Stage,DRC,goafricaonline.com,Technologie & Informatique,"visualisation de données, data analyse, gestion de projet",Non spécifié,,
spécialiste en gestion de projets agricoles,Dakar,2025-11-06,2025-11-01,CDD,Food And Agriculture Organization Of The United Nations-Fao,goafricaonline.com,ONG & Humanitaire,"communication, gestion de projet",Non spécifié,,
Ingénieur ML_NPL,Dakar,2025-11-06,2025-11-01,CDD,PCCI,goafricaonline.com,Marketing & Communication,"communication, gestion de projet",Non spécifié,,
Ingénieur UX_UI Designer,Dakar,2025-11-06,2025-11-01,CDD,PCCI,goafricaonline.com,Marketing & Communication,"communication, gestion de projet",Non spécifié,,
Data Scientist,Dakar,2025-11-06,2025-11-01,CDD,PCCI,goafricaonline.com,Marketing & Communication,"communication, gestion de projet",Non spécifié,,
HR Administrative Assistant,Dakar,2025-11-06,2025-11-01,CDD,WAVE,goafricaonline.com,"Finance, Banque & Comptabilité","marketing, vente, communication, finance, data analyse, programmation, rh, santé, logistique, gestion de projet",2,2.0,2.0
Coordinateur/coordinatrice de terrain,Dakar,2025-11-06,2025-11-01,CDD,ISCOS/UNCO,goafricaonline.com,ONG & Humanitaire,"finance, logistique, gestion de projet",Non spécifié,,
Internal Controller Executive,Dakar,2025-11-06,2025-11-01,CDD,OLAM AGRI,goafricaonline.com,BTP & Industrie,finance,2-3,2.0,3.0
Chef de projet Gates,Dakar,2025-11-06,2025-11-01,CDD,MARIE STOPES INTERNATIONALE,goafricaonline.com,Santé & Bien-être,"gestion de projet, santé",10,10.0,10.0
Graphic Designer,Dakar,2025-11-06,2025-11-01,Non spécifié,GROUPE KIRENE,goafricaonline.com,BTP & Industrie,"marketing, vente, programmation, communication, rh, santé, gestion de projet",3-5,3.0,5.0
Chef de projet,Dakar,2025-11-06,2025-11-01,CDD,MARIE STOPES INTERNATIONALE,goafricaonline.com,Santé & Bien-être,"gestion de projet, santé",Non spécifié,,
Responsable des Ressources Humaines,Dakar,,,CDD,MANDARINE,goafricaonline.com,Marketing & Communication,"communication, programmation, rh, santé",Non spécifié,,
Coordinateur projets,Dakar,2025-11-06,2025-11-01,Non spécifié,Africa Global Logistics Sénégal,goafricaonline.com,Transport & Logistique,"finance, data analyse, logistique, gestion de projet",Non spécifié,,
Cariste,Dakar,2025-11-06,2025-11-01,Non spécifié,Africa Global Logistics Sénégal,goafricaonline.com,Transport & Logistique,,Non spécifié,,
Assistant Administratif et Logistique,Dakar,2025-11-06,2025-11-01,CDD,Iucn (Union Mondiale Pour La Conservation De La Nature),goafricaonline.com,ONG & Humanitaire,"finance, communication, logistique, gestion de projet",3,3.0,3.0
Réceptionniste – Hôtel 5★,Dakar,2025-11-06,2025-11-01,CDD,SUNUGAL SARL,goafricaonline.com,Commerce & Vente,communication,Non spécifié,,
Chef(fe) de Réception – Hôtel 5★,Dakar,2025-11-06,2025-11-01,CDD,SUNUGAL SARL,goafricaonline.com,Commerce & Vente,"communication, vente",3,3.0,3.0
Conseiller-ère en plaidoyer et communication digitale,Dakar,2025-11-06,2025-11-01,CDD,Centre Canadien D'Etudes Et De Cooperation Internationale - Ceci,goafricaonline.com,ONG & Humanitaire,"programmation, communication, marketing",Non spécifié,,
Conseiller-ère en agroécologie et gestion d’entreprises agricoles,Dakar,2025-11-06,2025-11-01,CDD,Centre Canadien D'Etudes Et De Cooperation Internationale - Ceci,goafricaonline.com,ONG & Humanitaire,,Non spécifié,,
"Conseiller-ère en égalité, droits et diversité",Dakar,2025-11-06,2025-11-01,CDD,Centre Canadien D'Etudes Et De Cooperation Internationale - Ceci,goafricaonline.com,ONG & Humanitaire,"communication, gestion de projet",Non spécifié,,
Conseiller-ère en gestion de projet,Dakar,2025-11-06,2025-11-01,CDD,Centre Canadien D'Etudes Et De Cooperation Internationale - Ceci,goafricaonline.com,ONG & Humanitaire,"finance, communication, gestion de projet",Non spécifié,,
Conseiller-ère en égalité des genres et intersectionnalité,Dakar,2025-11-06,2025-11-01,CDD,Centre Canadien D'Etudes Et De Cooperation Internationale - Ceci,goafricaonline.com,ONG & Humanitaire,gestion de projet,Non spécifié,,
Audit et certification | auditeur informatique stagiaire,Non spécifié,2025-11-06,2025-11-01,Non spécifié,AUDIT ET CERTIFICATION,goafricaonline.com,Technologie & Informatique,"gestion de projet, visualisation de données",Non spécifié,,
Charge d’affaires institutionnels,Dakar,2025-11-06,2025-11-01,CDD,CORIS BANK SENEGAL,goafricaonline.com,"Finance, Banque & Comptabilité",vente,Non spécifié,,
Conseiller clientele pme (,Dakar,2025-11-06,2025-11-01,CDD,CORIS BANK SENEGAL,goafricaonline.com,"Finance, Banque & Comptabilité",vente,Non spécifié,,
Shift miller,Dakar,2025-11-06,2025-11-01,CDD,OLAM SENEGAL,goafricaonline.com,Agriculture & Agroalimentaire,"marketing, vente, finance, communication, data analyse, programmation, rh, santé, gestion de projet",5-6,5.0,6.0
Charge suivi sommiers,Dakar,2025-11-06,2025-11-01,Non spécifié,Africa Global Logistics Sénégal,goafricaonline.com,Transport & Logistique,"logistique, communication",Non spécifié,,
Specialiste en gestion de projets agricoles,Dakar,2025-11-06,2025-11-01,CDD,Organisation Des Nations Unies Pour L'Alimentation Et L'Agriculture - Fao,goafricaonline.com,ONG & Humanitaire,"finance, communication, gestion de projet, data analyse",3,3.0,3.0
"Responsable du systeme de gestion de l'information, srf (",Dakar,2025-11-06,2025-11-01,CDD/CDI,Dji Na Rafete Couture - Drc,goafricaonline.com,BTP & Industrie,"visualisation de données, finance, data analyse, gestion de projet",Non spécifié,,
Data specialist and foresight officer,Dakar,2025-11-06,2025-11-01,CDD,United Nations Office For West Africa - Unowa,goafricaonline.com,ONG & Humanitaire,"visualisation de données, data analyse, gestion de projet",Non spécifié,,
Opérateur central à béton,Dakar,2025-11-06,2025-11-01,Non spécifié,RESIDENCE KALIA,goafricaonline.com,BTP & Industrie,,Non spécifié,,
Assistant administratif,Dakar,2025-11-06,2025-11-01,CDD,TOPWORK SENEGAL,goafricaonline.com,RH & Recrutement,santé,1-2,1.0,2.0
Technicien de supervision solution,Dakar,2025-11-06,2025-11-01,CDD,GLOBAL BUSINESS GROUP - GBG,goafricaonline.com,"Finance, Banque & Comptabilité","data analyse, communication",Non spécifié,,
Superviseur commercial bilingue ( FR/ANG),Dakar,2025-11-06,2025-11-01,CDD,CARLCARE SERVICE,goafricaonline.com,Transport & Logistique,"vente, marketing, communication",Non spécifié,,
Agent Commercial Terrain,Dakar,2025-11-06,2025-11-01,Stage,HOLLY TRANS LIMITED,goafricaonline.com,Transport & Logistique,"marketing, vente, finance, communication, programmation, logistique",2,2.0,2.0
Commercial Terrain,Dakar,2025-11-06,2025-11-01,CDD,ELITE RH,goafricaonline.com,RH & Recrutement,"marketing, vente, rh",Non spécifié,,
Senior Data Analyst,Dakar,2025-11-06,2025-11-01,CDD,BAAMTU SARL,goafricaonline.com,Sécurité,"data analyse, communication, visualisation de données",Non spécifié,,
"Monitoring, Evaluation, Research, and Learning (MERL) Specialist",Dakar,2025-11-06,2025-11-01,CDD,INTERNATIONAL STAFFING COMPANY,goafricaonline.com,RH & Recrutement,"data analyse, gestion de projet",Non spécifié,,
Techno-pédagogue,Dakar,2025-11-06,2025-11-01,CDD,Direction des Systèmes d'Information (DSI) Université Iba Der THIAM de Thies,goafricaonline.com,Education & Formation,"marketing, programmation, vente, communication, finance, santé, gestion de projet",3,3.0,3.0
Assistant(e) Administratif(ve) pour la Direction,Dakar,2025-11-06,2025-11-01,CDD,Direction des Systèmes d'Information (DSI) Université Iba Der THIAM de Thies,goafricaonline.com,Education & Formation,"marketing, programmation, vente, communication, finance, santé, gestion de projet",2,2.0,2.0
Assistante Clientèle,Dakar,2025-10-30,2025-10-01,CDD,SUNDA INTERNATIONAL,goafricaonline.com,BTP & Industrie,"marketing, vente, communication, data analyse",Non spécifié,,
Agents Formateurs,Thiès,2025-10-30,2025-10-01,CDD,SAMA MBEY,goafricaonline.com,ONG & Humanitaire,gestion de projet,Non spécifié,,
Assisitant(e) de Direction Bilingue,Dakar,2025-10-30,2025-10-01,CDD,RPORTH,goafricaonline.com,"Finance, Banque & Comptabilité",logistique,5,5.0,5.0
Chef de site,Dakar,2025-10-30,2025-10-01,CDD,TOPWORK SENEGAL,goafricaonline.com,RH & Recrutement,gestion de projet,10,10.0,10.0
Consultant Conseil en planification financière et budget personnel,Dakar,2025-10-30,2025-10-01,CDD,UNICEF,goafricaonline.com,ONG & Humanitaire,finance,Non spécifié,,
Développeur Fullstack Expérimenté Node.js / React (H/F),Dakar,2025-10-30,2025-10-01,Stage,GALIMATECH,goafricaonline.com,Technologie & Informatique,programmation,3-7,3.0,7.0
Développeur Sénior Full-stack Java Angular,Dakar,2025-10-30,2025-10-01,Stage,GALIMATECH,goafricaonline.com,Technologie & Informatique,"programmation, gestion de projet",Non spécifié,,
Responsable Comptable Fiscaliste (H/F),Dakar,2025-10-30,2025-10-01,CDD,Phoenix Consulting Group Sn,goafricaonline.com,RH & Recrutement,"finance, data analyse, santé",10,10.0,10.0
Commercial(e),Dakar,2025-10-30,2025-10-01,CDD,ELITE RH,goafricaonline.com,RH & Recrutement,"vente, marketing, finance, santé, logistique",2,2.0,2.0
Responsable Controleur de Gestion,Dakar,2025-10-30,2025-10-01,CDD,Phoenix Consulting Group Sn,goafricaonline.com,RH & Recrutement,"finance, data analyse, santé, gestion de projet",10,10.0,10.0
Commercial(e),Dakar,2025-10-30,2025-10-01,CDD,OLAM SENEGAL,goafricaonline.com,Agriculture & Agroalimentaire,"marketing, vente, finance, communication, data analyse, programmation, rh, santé, gestion de projet",5,5.0,5.0
Superviseur Commercial – Vente de Vitres,Dakar,2025-10-30,2025-10-01,Non spécifié,SUNDA INTERNATIONAL,goafricaonline.com,BTP & Industrie,"marketing, vente, finance, programmation, communication, data analyse, logistique, santé, gestion de projet",3,3.0,3.0
Commerciaux,Dakar,2025-10-29,2025-10-01,CDD,ELITE RH,goafricaonline.com,RH & Recrutement,"vente, marketing, communication",Non spécifié,,
"Agents commerciaux expérimentés dans la vente de pneus, vitres et vaisselles",Dakar,2025-10-29,2025-10-01,Non spécifié,SUNDA INTERNATIONAL,goafricaonline.com,BTP & Industrie,"marketing, vente, finance, programmation, communication, data analyse, logistique, santé, gestion de projet",8,8.0,8.0
"Manager commercial confirmé, spécialisé dans la vente et la distribution de produits sidérurgiques (acier, fer, tôles, etc",Dakar,2025-10-29,2025-10-01,Non spécifié,SUNDA INTERNATIONAL,goafricaonline.com,BTP & Industrie,"marketing, vente, finance, programmation, communication, data analyse, logistique, santé, gestion de projet",5,5.0,5.0
Vendeur showroom,Dakar,2025-10-29,2025-10-01,CDD,RMO,goafricaonline.com,RH & Recrutement,vente,Non spécifié,,
Agent Patrimoine et Maintenance,Dakar,,,CDD,ASSI SARL,goafricaonline.com,RH & Recrutement,"marketing, vente, finance, communication, data analyse, programmation, rh, santé, gestion de projet",2-3,2.0,3.0
"Resource Mobilization Support, non-traditional donors",Dakar,2025-10-29,2025-10-01,CDD,ONU-FEMMES,goafricaonline.com,ONG & Humanitaire,finance,Non spécifié,,
Chef de parc _ Engins Lourds et Véhicules,Dakar,2025-10-29,2025-10-01,CDD,Mkea Transports Et Logistiques,goafricaonline.com,Transport & Logistique,,Non spécifié,,
Commerciaux / Vente de SIM Kirène,Dakar,2025-10-29,2025-10-01,CDD,Leader Interim et Services,goafricaonline.com,RH & Recrutement,vente,Non spécifié,,
Data Scientist,Dakar,2025-10-29,2025-10-01,CDD,ATOS SENEGAL,goafricaonline.com,Technologie & Informatique,"vente, programmation, communication, data analyse, gestion de projet",5,5.0,5.0
Développeur Front-end,Dakar,2025-10-29,2025-10-01,CDD,ATOS SENEGAL,goafricaonline.com,Technologie & Informatique,"vente, programmation, communication, data analyse, gestion de projet",5,5.0,5.0
Développeur Android,Dakar,2025-10-29,2025-10-01,CDD,ATOS SENEGAL,goafricaonline.com,Technologie & Informatique,"vente, programmation, communication, data analyse, gestion de projet",5,5.0,5.0
Consultant- e- pour l'animation de l'atelier de lancement du Programme de Mentorat AWLN.,Dakar,2025-10-27,2025-10-01,CDD,ONU-FEMMES,goafricaonline.com,ONG & Humanitaire,,Non spécifié,,
Appel a candidature pour participer au camp de codage 6,Dakar,2025-10-27,2025-10-01,CDD,ONU-FEMMES,goafricaonline.com,ONG & Humanitaire,,Non spécifié,,
Électricien,Dakar,2025-10-27,2025-10-01,CDD,ETS Sarl (QUIPEMENT TRUCKS SERVICES),goafricaonline.com,BTP & Industrie,"vente, finance",Non spécifié,,
"Support technique (Data, Dev, Chef de projet) – Projet Goin’Digital",Dakar,2025-10-27,2025-10-01,CDD,GOPA,goafricaonline.com,Agriculture & Agroalimentaire,"programmation, communication, gestion de projet",Non spécifié,,
Senior Admin Comptable,Dakar,2025-10-27,2025-10-01,CDD,GOPA,goafricaonline.com,Agriculture & Agroalimentaire,"finance, gestion de projet",Non spécifié,,
Assistante administrative,Dakar,2025-10-27,2025-10-01,CDD,GOPA,goafricaonline.com,Agriculture & Agroalimentaire,"finance, logistique, gestion de projet",Non spécifié,,
Stagiaire Menuisier,Dakar,2025-10-27,2025-10-01,CDD,ETS Sarl (QUIPEMENT TRUCKS SERVICES),goafricaonline.com,BTP & Industrie,"vente, finance",1-2,1.0,2.0
Stagiaire Assistant Réception Logistique,Dakar,2025-10-27,2025-10-01,CDD,ETS Sarl (QUIPEMENT TRUCKS SERVICES),goafricaonline.com,BTP & Industrie,"vente, finance, logistique",Non spécifié,,
Digital Manager,Dakar,2025-10-27,2025-10-01,Freelance/Stage,LES BARBUS,goafricaonline.com,Marketing & Communication,"marketing, vente, finance, programmation, communication, rh, logistique, gestion de projet",3,3.0,3.0
Directeur Artistique,Dakar,2025-10-27,2025-10-01,Freelance/Stage,LES BARBUS,goafricaonline.com,Marketing & Communication,"marketing, vente, finance, programmation, communication, rh, logistique, gestion de projet",5,5.0,5.0
Rédacteurs GBP Francophone – Dakar,Dakar,2025-10-27,2025-10-01,Non spécifié,LEADS,goafricaonline.com,Commerce & Vente,,Non spécifié,,
Chef de Projet,Dakar,2025-10-27,2025-10-01,Freelance/Stage,LES BARBUS,goafricaonline.com,Marketing & Communication,"marketing, vente, finance, programmation, communication, rh, logistique, gestion de projet",5,5.0,5.0
UI/UX Designer,Dakar,2025-10-27,2025-10-01,Freelance/Stage,LES BARBUS,goafricaonline.com,Marketing & Communication,"marketing, vente, finance, programmation, communication, rh, logistique, gestion de projet",2,2.0,2.0
Ingénieur Data,Dakar,2025-10-27,2025-10-01,CDI,BAOBAB SENEGAL,goafricaonline.com,"Finance, Banque & Comptabilité",,Non spécifié,,
Directeur Commercial,Dakar,2025-10-27,2025-10-01,CDD,JUMIA SENEGAL,goafricaonline.com,Commerce & Vente,vente,Non spécifié,,
Responsable des Achats,Dakar,2025-10-27,2025-10-01,CDD,Winrock International - Wi,goafricaonline.com,ONG & Humanitaire,"vente, finance, logistique, gestion de projet",Non spécifié,,
Interprète chinois,Dakar,2025-10-27,2025-10-01,Non spécifié,SUNDA INTERNATIONAL,goafricaonline.com,BTP & Industrie,"marketing, vente, finance, programmation, communication, data analyse, logistique, santé, gestion de projet",8,8.0,8.0
Responsable Développement Commercial,Dakar,2025-10-27,2025-10-01,CDD,TOPWORK SENEGAL,goafricaonline.com,RH & Recrutement,"vente, marketing",Non spécifié,,
Principal Banker – Financial Institutions,Dakar,2025-10-27,2025-10-01,CDD,EBRD,goafricaonline.com,"Finance, Banque & Comptabilité","gestion de projet, finance",Non spécifié,,
Comptable Sénior,Dakar,2025-10-27,2025-10-01,CDD,CHILD FUND SENEGAL,goafricaonline.com,ONG & Humanitaire,finance,6-8,6.0,8.0
élévendeur,Dakar,2025-10-27,2025-10-01,CDD/CDI,INTELCIA,goafricaonline.com,Marketing & Communication,"vente, marketing, communication",Non spécifié,,
Consultant pour l’animation de l’atelier de lancement du Programme de Mentorat AWLN,Dakar,2025-10-27,2025-10-01,CDD,ONU-FEMMES,goafricaonline.com,ONG & Humanitaire,,Non spécifié,,
Acheteur scientifique,Dakar,2025-10-27,2025-10-01,CDI,Institut Pasteur De Dakar,goafricaonline.com,Education & Formation,"vente, communication, programmation, finance, data analyse, rh, santé, logistique, gestion de projet",5,5.0,5.0
Principal Banker,Dakar,2025-10-27,2025-10-01,CDD,EBRD,goafricaonline.com,"Finance, Banque & Comptabilité","vente, finance, gestion de projet",Non spécifié,,
Chargé(e) de référencement SEO,Dakar,2025-10-27,2025-10-01,Non spécifié,LEADS,goafricaonline.com,Commerce & Vente,data analyse,Non spécifié,,
Consultant- e- pour l’animation de l’atelier de lancement du Programme de Mentorat AWLN,Dakar,2025-10-27,2025-10-01,CDD,ONU-FEMMES,goafricaonline.com,ONG & Humanitaire,communication,Non spécifié,,
Chargé de Qualité Service à la clientèle,Dakar,2025-10-27,2025-10-01,Stage,GRAZEINA TECHNOLOGIES,goafricaonline.com,Sécurité,"marketing, vente, communication, rh, logistique",2,2.0,2.0
Gérante Opérationnelle,Dakar,2025-10-27,2025-10-01,Non spécifié,BODY ZEN,goafricaonline.com,Santé & Bien-être,"marketing, vente, communication, finance, programmation, logistique, gestion de projet",5,5.0,5.0
hef de Site / Site Manager (H/F),Dakar,2025-10-27,2025-10-01,CDD,RMO,goafricaonline.com,RH & Recrutement,gestion de projet,10,10.0,10.0
Comptable Freelance / Consultant Financier,Dakar,2025-10-27,2025-10-01,Non spécifié,BODY ZEN,goafricaonline.com,Santé & Bien-être,"vente, finance, logistique, gestion de projet",5,5.0,5.0
Assistante Commerciale et Administrative,Dakar,2025-10-27,2025-10-01,CDD,GLOBAL BUSINESS GROUP - GBG,goafricaonline.com,"Finance, Banque & Comptabilité","finance, vente, communication, data analyse",Non spécifié,,
Bilingual HR Supervisor,Dakar,2025-10-27,2025-10-01,CDD,GLOBAL BUSINESS GROUP - GBG,goafricaonline.com,"Finance, Banque & Comptabilité","finance, rh",3,3.0,3.0
Archiviste,Dakar,2025-10-27,2025-10-01,CDD,Agence Senegalaise De La Reforestation Et De La Grande Muraille Verte,goafricaonline.com,BTP & Industrie,"communication, vente",Non spécifié,,
Auditeur Interne,Dakar,2025-10-27,2025-10-01,CDD,Agence Senegalaise De La Reforestation Et De La Grande Muraille Verte,goafricaonline.com,BTP & Industrie,"communication, vente",Non spécifié,,
Assistant Comptable,Dakar,2025-10-27,2025-10-01,CDD,Agence Senegalaise De La Reforestation Et De La Grande Muraille Verte,goafricaonline.com,BTP & Industrie,"communication, vente",Non spécifié,,
Responsable Sécurité Informatique,Dakar,2025-10-27,2025-10-01,CDD,SONAGED,goafricaonline.com,ONG & Humanitaire,finance,7,7.0,7.0
Informaticien support trésorerie,Dakar,2025-10-27,2025-10-01,CDD,Boa (Bank Of Africa),goafricaonline.com,"Finance, Banque & Comptabilité","finance, communication, data analyse",Non spécifié,,
Responsable Placement et Etude Statistique Santé & Vie,Dakar,2025-10-27,2025-10-01,CDD,Willis Towers Watson Senegal,goafricaonline.com,"Finance, Banque & Comptabilité","marketing, vente, communication, programmation, finance, data analyse, santé, logistique, gestion de projet",5-7,5.0,7.0
"Technicien en Maintenance Électrique, Électronique et Froid",Thiès,,,CDD,Direction des Systèmes d'Information (DSI) Université Iba Der THIAM de Thies,goafricaonline.com,Education & Formation,"marketing, programmation, vente, communication, finance, santé, gestion de projet",5,5.0,5.0
Spécialiste en Affaires Juridiques,Thiès,2025-10-27,2025-10-01,CDD,Direction des Systèmes d'Information (DSI) Université Iba Der THIAM de Thies,goafricaonline.com,Education & Formation,"marketing, programmation, vente, communication, finance, santé, gestion de projet",5,5.0,5.0
Responsable des déchets biomédicaux,Dakar,,,CDD,SONAGED,goafricaonline.com,ONG & Humanitaire,finance,7,7.0,7.0
Technicien en Génie Civil et Topographie,Dakar,2025-10-27,2025-10-01,CDD,Direction des Systèmes d'Information (DSI) Université Iba Der THIAM de Thies,goafricaonline.com,Education & Formation,"marketing, programmation, vente, communication, finance, data analyse, santé, gestion de projet",5,5.0,5.0
Agent Technique Expérimenté en Horticulture,Dakar,2025-10-27,2025-10-01,CDD,Direction des Systèmes d'Information (DSI) Université Iba Der THIAM de Thies,goafricaonline.com,Education & Formation,"marketing, programmation, vente, communication, finance, santé, gestion de projet",5,5.0,5.0
Superviseur Montage Mécanique,Dakar,2025-10-27,2025-10-01,CDD,RMO,goafricaonline.com,RH & Recrutement,"communication, gestion de projet",3,3.0,3.0
Commercial bilingue spécialisé dans les matériaux de construction,Dakar,2025-10-27,2025-10-01,CDD,Cabinet Rh Conseils Group,goafricaonline.com,"Finance, Banque & Comptabilité","vente, marketing, finance, rh",2,2.0,2.0
Comptable bilingue,Dakar,2025-10-27,2025-10-01,CDD,Cabinet Rh Conseils Group,goafricaonline.com,"Finance, Banque & Comptabilité","finance, rh",2,2.0,2.0
Project and Programme Management Specialist,Dakar,2025-10-27,2025-10-01,CDD,CABINET MEDICAL YEMALIN,goafricaonline.com,ONG & Humanitaire,gestion de projet,2,2.0,2.0
Contrôleur de gestion Groupe,Dakar,2025-10-27,2025-10-01,CDD,BAOBAB SENEGAL,goafricaonline.com,Santé & Bien-être,"finance, vente, communication, programmation, data analyse, santé, logistique, gestion de projet",3,3.0,3.0
Responsable People & Culture,Dakar,2025-10-27,2025-10-01,CDD,TANEL,goafricaonline.com,Santé & Bien-être,"vente, communication, programmation, finance, data analyse, rh, santé, logistique, gestion de projet",4-7,4.0,7.0
Rédacteur de sinistres – Santé,Dakar,2025-10-27,2025-10-01,CDD,TANEL,goafricaonline.com,Santé & Bien-être,"vente, communication, programmation, finance, data analyse, santé, logistique, gestion de projet",6,6.0,6.0
Office Manager,Dakar,2025-10-27,2025-10-01,CDD,TANEL,goafricaonline.com,Santé & Bien-être,"finance, vente, communication, programmation, data analyse, rh, santé, logistique, gestion de projet",2,2.0,2.0
Ingénieur Full Stack,Dakar,2025-10-27,2025-10-01,CDD,TANEL,goafricaonline.com,Santé & Bien-être,"programmation, vente, communication, finance, data analyse, santé, logistique, gestion de projet",6,6.0,6.0
Chef de service trésorerie,Dakar,2025-10-27,2025-10-01,CDD,Petrosen (Societe Des Petroles Du Senegal),goafricaonline.com,Energie & Environnement,finance,Non spécifié,,
Expert suivi-évaluation,Dakar,2025-10-27,2025-10-01,CDD,Agence Senegalaise De La Reforestation Et De La Grande Muraille Verte,goafricaonline.com,BTP & Industrie,"communication, vente",Non spécifié,,
Contrôleur de gestion,Dakar,2025-10-27,2025-10-01,CDD,Agence Senegalaise De La Reforestation Et De La Grande Muraille Verte,goafricaonline.com,BTP & Industrie,"communication, vente",Non spécifié,,
Chef de division des semences et pépinières,Dakar,2025-10-27,2025-10-01,CDD,Agence Senegalaise De La Reforestation Et De La Grande Muraille Verte,goafricaonline.com,BTP & Industrie,"communication, vente",Non spécifié,,
Chef de division de la trésorerie et des recettes,Dakar,2025-10-27,2025-10-01,CDD,Agence Senegalaise De La Reforestation Et De La Grande Muraille Verte,goafricaonline.com,BTP & Industrie,"communication, vente",Non spécifié,,
Cards & Payment Manager (Senior Commercial),Dakar,2025-10-27,2025-10-01,Stage,VIVO ENERGY,goafricaonline.com,Transport & Logistique,"marketing, vente, finance, communication, data analyse, logistique, gestion de projet",2,2.0,2.0
Spécialistes HSE,Dakar,2025-10-27,2025-10-01,CDD,TERANGA MANPOWER,goafricaonline.com,RH & Recrutement,"gestion de projet, finance",Non spécifié,,
Mechanical Site Supervisor,Dakar,2025-10-27,2025-10-01,CDD,SERVTEC Sénégal,goafricaonline.com,RH & Recrutement,"marketing, vente, finance, communication, data analyse, programmation, rh, santé, gestion de projet",3,3.0,3.0
Comptable Bilingue,Dakar,2025-10-27,2025-10-01,CDD,RMO,goafricaonline.com,RH & Recrutement,"finance, rh",2-3,2.0,3.0
Apprenti comis en cuisine,Louga,2025-10-27,2025-10-01,CDD/CDI,grillade de Total gazole station,goafricaonline.com,Commerce & Vente,"communication, finance, gestion de projet",2,2.0,2.0
Téléconseiller prise de rendez vous téléphonique,Dakar,2025-10-27,2025-10-01,CDD,GROWTH CONTINUE CONSULTING,goafricaonline.com,Technologie & Informatique,"marketing, vente, finance, programmation, communication, data analyse, rh, gestion de projet",2,2.0,2.0
Finance Officer,Dakar,2025-10-22,2025-10-01,CDD,Winrock International - Wi,goafricaonline.com,ONG & Humanitaire,"finance, logistique, gestion de projet",Non spécifié,,
Commercial terrain,Dakar,2025-10-22,2025-10-01,CDD,GLOBAL BUSINESS GROUP - GBG,goafricaonline.com,"Finance, Banque & Comptabilité","vente, finance, rh",Non spécifié,,
Chauffeur,Dakar,2025-10-22,2025-10-01,CDD,GLOBAL BUSINESS GROUP - GBG,goafricaonline.com,"Finance, Banque & Comptabilité",logistique,Non spécifié,,
Office and Logistic Coordinator,Dakar,2025-10-22,2025-10-01,CDD,Winrock International - Wi,goafricaonline.com,ONG & Humanitaire,"communication, logistique, gestion de projet",5,5.0,5.0
Assistant QHSE,Dakar,2025-10-22,2025-10-01,CDD,IQRA BILINGUAL ACADEMY,goafricaonline.com,Education & Formation,,Non spécifié,,
Archiviste / Gestionnaire documentaire,Dakar,2025-10-22,2025-10-01,CDD,IQRA BILINGUAL ACADEMY,goafricaonline.com,Education & Formation,,Non spécifié,,
Corporate Service Manager,Dakar,2025-10-22,2025-10-01,CDD,Wvi (World Vision International),goafricaonline.com,ONG & Humanitaire,"finance, logistique",5,5.0,5.0
Assistant de projet,Dakar,2025-10-22,2025-10-01,Non spécifié,Auf / Agence Universitaire De La Francophonie,goafricaonline.com,"Finance, Banque & Comptabilité","marketing, finance, programmation, communication, data analyse, rh, logistique, gestion de projet",2,2.0,2.0
Concierge,Dakar,2025-10-22,2025-10-01,CDD,RPORTH,goafricaonline.com,"Finance, Banque & Comptabilité",,Non spécifié,,
Surveillant des travaux,Dakar,2025-10-22,2025-10-01,Non spécifié,RESIDENCE KALIA,goafricaonline.com,BTP & Industrie,"communication, programmation, logistique, santé, gestion de projet",3,3.0,3.0
Assistant(e) de Direction,Dakar,2025-10-22,2025-10-01,CDD/CDI,NETSYSTEME,goafricaonline.com,Technologie & Informatique,"vente, programmation, finance, logistique, gestion de projet",Non spécifié,,
Conseillers Commerciaux,Dakar,2025-10-22,2025-10-01,CDD/CDI,NETSYSTEME,goafricaonline.com,Technologie & Informatique,"vente, programmation, finance, logistique, gestion de projet",Non spécifié,,
Apprenti serveuse /serveur,Dakar,2025-10-22,2025-10-01,CDD/CDI,grillade de Total gazole station,goafricaonline.com,Commerce & Vente,"communication, finance, gestion de projet",2,2.0,2.0
Commerciaux Terrain,Dakar,2025-10-22,2025-10-01,CDD,Leader Interim et Services,goafricaonline.com,RH & Recrutement,,Non spécifié,,
Mathematics Teacher,Dakar,2025-10-22,2025-10-01,CDD,IQRA BILINGUAL ACADEMY,goafricaonline.com,Education & Formation,"marketing, programmation, vente, communication, finance, santé, gestion de projet",2,2.0,2.0
Ingénieur technico-commercial junior,Dakar,2025-10-22,2025-10-01,CDD/CDI,Lub & Supply Sarl,goafricaonline.com,Transport & Logistique,"vente, gestion de projet",Non spécifié,,
Ingénieur electromécanicien,Dakar,2025-10-20,2025-10-01,CDD,INTERNATIONAL STAFFING COMPANY,goafricaonline.com,RH & Recrutement,"communication, gestion de projet",3-5,3.0,5.0
Graphiste / Motion Designer,Dakar,2025-10-20,2025-10-01,CDD,INTERNATIONAL STAFFING COMPANY,goafricaonline.com,RH & Recrutement,"gestion de projet, communication, marketing",Non spécifié,,
Référenceur SEO Junior,Dakar,2025-10-20,2025-10-01,Non spécifié,LEADS,goafricaonline.com,Commerce & Vente,"vente, gestion de projet",Non spécifié,,
Secrétaire d’administration universitaire,Dakar,2025-10-20,2025-10-01,CDD,FASEG,goafricaonline.com,Education & Formation,"marketing, programmation, vente, communication, finance, santé, gestion de projet",2,2.0,2.0
Attaché(e) d’administration universitaire,Dakar,2025-10-20,2025-10-01,CDD,FASEG,goafricaonline.com,Education & Formation,"marketing, programmation, vente, communication, finance, santé, gestion de projet",2,2.0,2.0
Financial Inclusion Consultant,Dakar,2025-10-20,2025-10-01,CDD,Unhcr (Haut Commissariat Des Nations Unies Pour Les Refugies),goafricaonline.com,ONG & Humanitaire,,Non spécifié,,
Informaticien – Développeur,Dakar,2025-10-20,2025-10-01,CDD,EAZY-VISA,goafricaonline.com,Education & Formation,"marketing, vente, finance, programmation, communication, data analyse, rh, gestion de projet",2,2.0,2.0
Barista Polyvalent & Expérimenté (Serveur),Dakar,2025-10-20,2025-10-01,CDD/CDI,ESCALE GOURMANDE,goafricaonline.com,Commerce & Vente,"communication, finance, gestion de projet",2,2.0,2.0
Cuisinier Diplômé & Expérimenté,Dakar,2025-10-20,2025-10-01,CDD/CDI,ESCALE GOURMANDE,goafricaonline.com,Commerce & Vente,"communication, finance, gestion de projet",3,3.0,3.0
Regional Office Director,Dakar,2025-10-20,2025-10-01,Non spécifié,WISS AFRICA,goafricaonline.com,Marketing & Communication,"finance, communication",Non spécifié,,
Assistant de direction,Dakar,2025-10-20,2025-10-01,CDD,RMO,goafricaonline.com,RH & Recrutement,logistique,Non spécifié,,
Commercial – Agent de Comptoirs,Dakar,2025-10-20,2025-10-01,CDD,EAZY-VISA,goafricaonline.com,Education & Formation,"marketing, vente, finance, communication, programmation, rh, gestion de projet",2,2.0,2.0
(02) Chauffeurs,Dakar,2025-10-20,2025-10-01,CDD,RMO,goafricaonline.com,RH & Recrutement,logistique,Non spécifié,,
Assistant projet YEE,Dakar,2025-10-17,2025-10-01,CDD,PLAN INTERNATIONAL SENEGAL,goafricaonline.com,ONG & Humanitaire,"data analyse, gestion de projet",Non spécifié,,
estheticienne masseuse,Dakar,2025-10-17,2025-10-01,CDD,EXPAT-DAKAR.COM,goafricaonline.com,Commerce & Vente,vente,Non spécifié,,
Stage Intelligence Artificielle,Dakar,2025-10-17,2025-10-01,CDD,EXPAT-DAKAR.COM,goafricaonline.com,Commerce & Vente,"vente, communication",Non spécifié,,
Stage/Community Manager Polyvalent(e),Dakar,2025-10-17,2025-10-01,CDD,EXPAT-DAKAR.COM,goafricaonline.com,Commerce & Vente,"marketing, vente, communication, logistique, gestion de projet",Non spécifié,,
Directrice d’école maternelle moins de 40ans,Dakar,2025-10-17,2025-10-01,CDD,EXPAT-DAKAR.COM,goafricaonline.com,Commerce & Vente,"vente, communication",Non spécifié,,
Assistant(e) Administratif(ve) et Commercial(e),Dakar,2025-10-17,2025-10-01,CDD,AGENCE HYBRIDE,goafricaonline.com,RH & Recrutement,"marketing, vente, finance, communication, data analyse, programmation, rh, santé, gestion de projet",3,3.0,3.0
Assistante Polyvalente,Dakar,2025-10-17,2025-10-01,CDD,EXPAT-DAKAR.COM,goafricaonline.com,Commerce & Vente,"vente, communication, finance, logistique",Non spécifié,,
Responsable Pédagogique et Technique,Dakar,2025-10-17,2025-10-01,CDI,EXPAT-DAKAR.COM,goafricaonline.com,Commerce & Vente,,Non spécifié,,
Directeur Adjoint des Systèmes d’Information,Dakar,2025-10-17,2025-10-01,CDD,EXPAT-DAKAR.COM,goafricaonline.com,Commerce & Vente,"communication, gestion de projet",8,8.0,8.0
Gestionnaire de Projet du Projet de Soutien sur le Terrain (PSAT),Dakar,2025-10-17,2025-10-01,CDD,WUSC-EUMC,goafricaonline.com,ONG & Humanitaire,"communication, gestion de projet",Non spécifié,,
Construction Manager,Dakar,2025-10-17,2025-10-01,CDD,WAVE,goafricaonline.com,"Finance, Banque & Comptabilité",finance,Non spécifié,,
Chargé de replay,Dakar,2025-10-17,2025-10-01,Non spécifié,CANAL + SENEGAL,goafricaonline.com,Marketing & Communication,communication,Non spécifié,,
Conseiller.ère en renforcement des capacités judiciaires et indépendance de la justice,Dakar,2025-10-17,2025-10-01,Stage,GIZ,goafricaonline.com,Administration & Services publics,"finance, programmation, gestion de projet",Non spécifié,,
Rédacteurs GBP parfaitement francophone,Dakar,2025-10-17,2025-10-01,Non spécifié,LEADS,goafricaonline.com,Commerce & Vente,,Non spécifié,,
Téléopérateur,Dakar,2025-10-17,2025-10-01,CDD,NOVASEN,goafricaonline.com,Commerce & Vente,vente,Non spécifié,,
Inspecteur pétrolier,Dakar,2025-10-17,2025-10-01,CDD,GPF SARL,goafricaonline.com,"Finance, Banque & Comptabilité",santé,2,2.0,2.0
Technical Director,Dakar,2025-10-17,2025-10-01,CDD,Wvi (World Vision International),goafricaonline.com,ONG & Humanitaire,rh,Non spécifié,,
Marketing and Communications Intern,Dakar,2025-10-17,2025-10-01,Non spécifié,BRITISH COUNCIL,goafricaonline.com,Education & Formation,"marketing, programmation, communication, finance, data analyse, gestion de projet",2,2.0,2.0
HSSE Manager / CSO,Dakar,2025-10-17,2025-10-01,Stage,TOTAL ENERGIES,goafricaonline.com,Transport & Logistique,"marketing, vente, finance, communication, programmation, data analyse, santé, logistique, gestion de projet",2,2.0,2.0
Support Quality & Training Officer,Dakar,2025-10-17,2025-10-01,CDD,WAVE,goafricaonline.com,"Finance, Banque & Comptabilité",finance,Non spécifié,,
"Directeur Associé – Finances, EpiC Mali",Dakar,2025-10-16,2025-10-01,CDD,FHI 360,goafricaonline.com,ONG & Humanitaire,"finance, gestion de projet",Non spécifié,,
Opérateur d’entrepot,Dakar,2025-10-16,2025-10-01,CDI,Holly Trans Limited Senegal,goafricaonline.com,Technologie & Informatique,"vente, communication, logistique, gestion de projet",Non spécifié,,
Global eCommerce Specialist,Dakar,2025-10-16,2025-10-01,Non spécifié,CMA CGM SENEGAL,goafricaonline.com,Transport & Logistique,"vente, communication, data analyse",Non spécifié,,
SSE Assistant,Dakar,2025-10-16,2025-10-01,Non spécifié,CMA CGM SENEGAL,goafricaonline.com,Transport & Logistique,,Non spécifié,,
Chargé de mission,Thiès,2025-10-16,2025-10-01,CDD,Isep Thies (Institut Superieur D'Enseignement Professionnel),goafricaonline.com,Education & Formation,"marketing, programmation, vente, communication, finance, santé, gestion de projet",3,3.0,3.0
Stagiaire Finances,Dakar,2025-10-16,2025-10-01,CDD/CDI,Dji Na Rafete Couture - Drc,goafricaonline.com,BTP & Industrie,"finance, rh",Non spécifié,,
Consultant international,Dakar,2025-10-16,2025-10-01,CDD,UNICEF,goafricaonline.com,ONG & Humanitaire,,Non spécifié,,
Business Manager,Dakar,2025-10-16,2025-10-01,CDD,ELITE RH,goafricaonline.com,RH & Recrutement,"logistique, vente",Non spécifié,,
Adjoint Superviseur de Production,Dakar,2025-10-16,2025-10-01,CDD,ELITE RH,goafricaonline.com,RH & Recrutement,,Non spécifié,,
Agent administratif RH et contrôle interne sécurité,Dakar,2025-10-16,2025-10-01,CDD,GPF SARL,goafricaonline.com,"Finance, Banque & Comptabilité","rh, santé",Non spécifié,,
Chargé.e de communication interne,Dakar,2025-10-16,2025-10-01,CDD,MSF ENGENHARIA SA,goafricaonline.com,BTP & Industrie,"communication, programmation, data analyse, rh, santé, logistique, gestion de projet",2,2.0,2.0
Créateur Graphique : Vidéo et Animation Digitale,Dakar,2025-10-16,2025-10-01,CDD,GLOBAL BUSINESS GROUP - GBG,goafricaonline.com,"Finance, Banque & Comptabilité","marketing, communication",Non spécifié,,
Directeur,Dakar,2025-10-16,2025-10-01,CDD,MSC (MICROSAVE CONSULTING),goafricaonline.com,"Finance, Banque & Comptabilité","gestion de projet, vente",Non spécifié,,
12 Cadres Comptables,Dakar,2025-10-16,2025-10-01,CDD,SEN INTERIM,goafricaonline.com,RH & Recrutement,"marketing, vente, finance, communication, data analyse, programmation, rh, santé, gestion de projet",3,3.0,3.0
Graphic Designer : Video & Digital Animation,Dakar,2025-10-16,2025-10-01,CDD,KANMI-NIAN SPORT,goafricaonline.com,"Finance, Banque & Comptabilité","marketing, communication",Non spécifié,,
Stagiaire Communication,Dakar,2025-10-16,2025-10-01,CDD,Pnud (Programme Des Nations Unies Pour Le Developpement),goafricaonline.com,ONG & Humanitaire,"marketing, communication, logistique, gestion de projet",Non spécifié,,
Chargé d’animation éditoriale Web & App,Dakar,2025-10-16,2025-10-01,Non spécifié,CANAL + SENEGAL,goafricaonline.com,Marketing & Communication,"communication, finance, programmation, marketing, logistique",Non spécifié,,
CCO & Banking Head- Senegal- Director,Dakar,2025-10-16,2025-10-01,CDD,CITI SENEGAL,goafricaonline.com,"Finance, Banque & Comptabilité","vente, finance, communication, programmation, data analyse, rh, gestion de projet",15,15.0,15.0
Sales Manager – France,Dakar,2025-10-16,2025-10-01,CDI,ANYVAN,goafricaonline.com,Transport & Logistique,"marketing, vente, communication, data analyse, programmation, rh, logistique",2,2.0,2.0
Technicien en Logistique,Dakar,2025-10-16,2025-10-01,CDD,Agence Canaf Securite Senegal-Acss,goafricaonline.com,Sécurité,"finance, communication, santé, logistique",Non spécifié,,
Opérateur de Station de Pompage,Dakar,2025-10-16,2025-10-01,CDD/CDI,COMPAGNIE SUCRIERE SENEGALAISE,goafricaonline.com,Agriculture & Agroalimentaire,,Non spécifié,,
Commercial junior,Dakar,2025-10-16,2025-10-01,Non spécifié,SUNDA INTERNATIONAL,goafricaonline.com,BTP & Industrie,"marketing, vente, finance, programmation, communication, data analyse, logistique, santé, gestion de projet",8,8.0,8.0
Charge Moyens Généraux,Dakar,2025-10-16,2025-10-01,CDD/CDI,INTELCIA,goafricaonline.com,Marketing & Communication,logistique,3,3.0,3.0
Chef d’Équipe Maintenance,Dakar,,,CDD,KFC,goafricaonline.com,Commerce & Vente,,3-5,3.0,5.0
Coordinateur projet,Dakar,2025-10-16,2025-10-01,CDD,MSF ENGENHARIA SA,goafricaonline.com,BTP & Industrie,"communication, programmation, finance, rh, santé, logistique, gestion de projet, data analyse",5,5.0,5.0
Trainee Engineer (Shift Operations),Dakar,2025-10-16,2025-10-01,Non spécifié,Wartsila West Africa Sa,goafricaonline.com,BTP & Industrie,"programmation, communication, santé",Non spécifié,,
Coordinateurs financiers,Dakar,2025-10-16,2025-10-01,CDD,ALIMA,goafricaonline.com,Administration & Services publics,"finance, communication, data analyse, rh, santé, logistique, gestion de projet",5,5.0,5.0
Agent Polyvalent,Dakar,2025-10-16,2025-10-01,Stage,CLUB TIOSSANE,goafricaonline.com,Transport & Logistique,"marketing, communication, gestion de projet",Non spécifié,,
Gestionnaire de projet du projet de soutien sur le terrain,Dakar,2025-10-16,2025-10-01,CDD,WUSC-EUMC,goafricaonline.com,ONG & Humanitaire,"logistique, gestion de projet",Non spécifié,,
"Responsable administratif et financier, Projet de services d'appui sur le terrain (PSAT)",Dakar,2025-10-16,2025-10-01,CDD,WUSC-EUMC,goafricaonline.com,ONG & Humanitaire,"finance, logistique, gestion de projet",3,3.0,3.0
Auditeur interne,Dakar,2025-10-16,2025-10-01,CDD,Conseil Ouest Et Centre Africain Pour La Recherche Et Le Developpement Agricoles - Coraf,goafricaonline.com,ONG & Humanitaire,"finance, gestion de projet",Non spécifié,,
Responsable Relations Bailleurs (RRB),Dakar,2025-10-16,2025-10-01,CDD,ALIMA,goafricaonline.com,Administration & Services publics,"finance, data analyse, programmation, rh, santé, logistique, gestion de projet",3,3.0,3.0
Charge relations bailleurs (crb),Dakar,2025-10-16,2025-10-01,CDD,ALIMA,goafricaonline.com,Administration & Services publics,"finance, santé, logistique, gestion de projet",Non spécifié,,
Chef de division de la gestion du risque operationnel,Dakar,2025-10-16,2025-10-01,CDD,GAVIECO,goafricaonline.com,"Finance, Banque & Comptabilité",finance,10,10.0,10.0
Superviseur en sante mentale,Dakar,2025-10-16,2025-10-01,Non spécifié,MSF SARL SENEGAL,goafricaonline.com,Santé & Bien-être,"communication, rh, santé, gestion de projet, data analyse",3,3.0,3.0
Charge de communication interne,Dakar,2025-10-16,2025-10-01,Non spécifié,MSF SARL SENEGAL,goafricaonline.com,Santé & Bien-être,"communication, data analyse, rh, santé, gestion de projet",2,2.0,2.0
Directeur Adjoint des Systèmes d’Information,Dakar,2025-10-16,2025-10-01,CDD,PROFIL,goafricaonline.com,"Finance, Banque & Comptabilité","gestion de projet, finance",Non spécifié,,
Responsable des Applications Bancaires et Digitales,Dakar,2025-10-16,2025-10-01,CDD,PROFIL,goafricaonline.com,"Finance, Banque & Comptabilité","programmation, finance",Non spécifié,,
Pmo,Dakar,2025-10-16,2025-10-01,CDD,PROFIL,goafricaonline.com,"Finance, Banque & Comptabilité","communication, finance, gestion de projet",5,5.0,5.0
Chargé de replay,Dakar,2025-10-16,2025-10-01,Stage,CANAL+ SENEGAL,goafricaonline.com,Marketing & Communication,"marketing, vente, communication, rh, gestion de projet",2,2.0,2.0
Chargé d’animation éditoriale Web & App,Dakar,2025-10-16,2025-10-01,Stage,CANAL+ SENEGAL,goafricaonline.com,Marketing & Communication,"marketing, vente, communication, rh, gestion de projet",3,3.0,3.0
Ferrailleurs,Dakar,2025-10-16,2025-10-01,CDD,ELITE RH,goafricaonline.com,RH & Recrutement,rh,Non spécifié,,
05 Agents Conseillers Clients,Dakar,2025-10-16,2025-10-01,CDD,Senelec (Societe Nationale D'Electricite),goafricaonline.com,BTP & Industrie,"marketing, vente, communication",Non spécifié,,
02 Experts Conseillers Clientèle,Dakar,2025-10-16,2025-10-01,CDD,Senelec (Societe Nationale D'Electricite),goafricaonline.com,BTP & Industrie,"vente, communication",5,5.0,5.0
02 Assistants Archivistes,Dakar,2025-10-16,2025-10-01,CDD,Senelec (Societe Nationale D'Electricite),goafricaonline.com,BTP & Industrie,,2,2.0,2.0
Chargé Administration du Personnel Paie,Dakar,2025-10-16,2025-10-01,CDI,AUCHAN CI,goafricaonline.com,Commerce & Vente,"finance, communication, programmation, data analyse, rh, santé, gestion de projet",3,3.0,3.0
Project Officer,Dakar,2025-10-16,2025-10-01,CDD,Crs (Catholic Relief Services),goafricaonline.com,ONG & Humanitaire,"data analyse, gestion de projet",Non spécifié,,
Project & Finance Officer,Dakar,2025-10-16,2025-10-01,CDD,ECO AFRIQUE,goafricaonline.com,"Finance, Banque & Comptabilité","finance, rh, logistique, gestion de projet",3,3.0,3.0
"Responsable administratif et financier, Projet de services d'appui sur le terrain (PSAT)",Dakar,2025-10-16,2025-10-01,CDD,RMO,goafricaonline.com,"Finance, Banque & Comptabilité","finance, logistique, communication",Non spécifié,,
Ingénieur Superviseur des Travaux,Dakar,2025-10-16,2025-10-01,CDD,AFRI RH,goafricaonline.com,RH & Recrutement,gestion de projet,Non spécifié,,
Assistant de programme stagiaire,Dakar,2025-10-16,2025-10-01,CDD,DRC,goafricaonline.com,ONG & Humanitaire,"finance, communication, gestion de projet",Non spécifié,,
Chargé(e) de la clientèle B2B,Dakar,2025-10-16,2025-10-01,Stage,GRAZEINA TECHNOLOGIES,goafricaonline.com,Sécurité,"marketing, vente, communication, rh, logistique",2,2.0,2.0
Responsable Pièces de Rechange,Dakar,2025-10-10,2025-10-01,CDD,SERVTEC Sénégal,goafricaonline.com,RH & Recrutement,"marketing, vente, finance, communication, data analyse, programmation, rh, santé, gestion de projet",5,5.0,5.0
Coordinateur/ trice régional(e) en finance & contrôle,Kaolack,2025-10-10,2025-10-01,CDD,Sos Villages D'Enfants Senegal,goafricaonline.com,Santé & Bien-être,"finance, communication, programmation, data analyse, santé, gestion de projet",5,5.0,5.0
Auditeur junior h/f,Dakar,2025-10-10,2025-10-01,CDD,Banque Islamique Du Senegal-Bis,goafricaonline.com,"Finance, Banque & Comptabilité",,Non spécifié,,
Conseiller clientele institutionnelle,Dakar,2025-10-10,2025-10-01,CDD,Banque Islamique Du Senegal-Bis,goafricaonline.com,"Finance, Banque & Comptabilité","vente, finance, programmation",5-10,5.0,10.0
Chauffeurs,Dakar,2025-10-10,2025-10-01,CDD,NRC,goafricaonline.com,ONG & Humanitaire,logistique,Non spécifié,,
100 professeurs rentrée 2025-2026,Dakar,2025-10-10,2025-10-01,Non spécifié,JANGALMA,goafricaonline.com,Education & Formation,finance,2,2.0,2.0
Cadre Chargé(e) des Opérations,Dakar,2025-10-10,2025-10-01,CDD,RMO,goafricaonline.com,Education & Formation,"finance, rh",2,2.0,2.0
Gestionnaire de compte clients,Dakar,2025-10-10,2025-10-01,CDD,RMO,goafricaonline.com,Education & Formation,rh,2,2.0,2.0
Consultant – Recherche sur les Technologies d’Assistance,Dakar,2025-10-10,2025-10-01,CDD,HUMANITE & INCLUSION,goafricaonline.com,ONG & Humanitaire,logistique,Non spécifié,,
Stagiaire Assistante de Direction,Dakar,2025-10-10,2025-10-01,CDD,Terre Des Hommes Lausanne,goafricaonline.com,ONG & Humanitaire,communication,Non spécifié,,
GEF Projects Sub-Regional Coordinator,Dakar,2025-10-10,2025-10-01,CDD,Organisation Des Nations Unies Pour L'Alimentation Et L'Agriculture - Fao,goafricaonline.com,ONG & Humanitaire,"communication, data analyse, rh, gestion de projet",Non spécifié,,
Consultant Etude d’évaluabilité du Programme Pays,Dakar,2025-10-10,2025-10-01,CDD,UNICEF,goafricaonline.com,ONG & Humanitaire,"finance, rh",Non spécifié,,
Consultant national ou international,Dakar,2025-10-10,2025-10-01,CDD,UNICEF,goafricaonline.com,ONG & Humanitaire,"communication, data analyse",Non spécifié,,
Responsable Logistique et Approvisionnement,Dakar,2025-10-10,2025-10-01,CDD,ELITE RH,goafricaonline.com,RH & Recrutement,"marketing, finance, logistique",Non spécifié,,
11 Agents de sécurité,Dakar,2025-10-10,2025-10-01,Non spécifié,HOTEL TERROU BI,goafricaonline.com,Tourisme & Hôtellerie,,Non spécifié,,
Regional Coordinator – Marine & Coastal Areas,Dakar,2025-10-10,2025-10-01,CDD,Iucn (Union Mondiale Pour La Conservation De La Nature),goafricaonline.com,ONG & Humanitaire,communication,Non spécifié,,
Stagiaire en Achats & Logistique,Dakar,2025-10-10,2025-10-01,CDD,ARRAWTECH,goafricaonline.com,BTP & Industrie,logistique,Non spécifié,,
Stagiaire Comptable,Dakar,2025-10-10,2025-10-01,CDD,EAZY-VISA,goafricaonline.com,Education & Formation,"marketing, vente, finance, communication, data analyse, programmation, rh, gestion de projet",2,2.0,2.0
Conseiller Commercial expérimenté en Télévente,Dakar,2025-10-10,2025-10-01,CDD,EAZY-VISA,goafricaonline.com,Education & Formation,"marketing, vente, finance, communication, programmation, rh, gestion de projet",2,2.0,2.0
Chef d’Équipe Commercial,Dakar,2025-10-10,2025-10-01,CDD,SENAUBAINES,goafricaonline.com,Commerce & Vente,"vente, marketing",Non spécifié,,
Community Manager,Dakar,2025-10-10,2025-10-01,Non spécifié,BOUM MARKET,goafricaonline.com,BTP & Industrie,"vente, gestion de projet, marketing",2-3,2.0,3.0
Traducteur(trice) Anglais / Français,Dakar,2025-10-10,2025-10-01,CDD,MAG INTERNATIONAL,goafricaonline.com,ONG & Humanitaire,,Non spécifié,,
Commercial B2B,Dakar,2025-10-10,2025-10-01,CDD,Phoenix Consulting Group - Pcg,goafricaonline.com,"Finance, Banque & Comptabilité","vente, marketing",Non spécifié,,
Stagiaire Secrétaire Juridique,Dakar,2025-10-10,2025-10-01,CDD,FB AVOCAT IMMIGRATION,goafricaonline.com,"Finance, Banque & Comptabilité",,Non spécifié,,
Agent de sécurité,Dakar,2025-10-10,2025-10-01,CDD,AXESS SECURITE,goafricaonline.com,Sécurité,"communication, santé",Non spécifié,,
Professeur d’anglais,Dakar,2025-10-10,2025-10-01,CDD,CABINET RHSN,goafricaonline.com,RH & Recrutement,rh,2,2.0,2.0
Professeurs (rentrée 2025-2026),Dakar,2025-10-10,2025-10-01,Non spécifié,JANGALMA,goafricaonline.com,Education & Formation,finance,5,5.0,5.0
"Agent Ship Handling, Bunkers, Husbandry & Vessel Services",Dakar,2025-10-10,2025-10-01,CDD,TERANGA MANPOWER,goafricaonline.com,RH & Recrutement,logistique,3-5,3.0,5.0
Soudeurs Qualifiés,Dakar,2025-10-10,2025-10-01,CDD,TERANGA MANPOWER,goafricaonline.com,RH & Recrutement,santé,Non spécifié,,
Professeur d’Anglais,Dakar,2025-10-10,2025-10-01,CDD,LYCEE JEAN MERMOZ,goafricaonline.com,Education & Formation,,Non spécifié,,
Stagiaire Logistique & Supply Chain,Dakar,2025-10-10,2025-10-01,CDD,AFRETY,goafricaonline.com,Transport & Logistique,"logistique, data analyse",Non spécifié,,
"Freelance Telemedicine Doctor, Senegal",Dakar,,,CDD,RELIANCE HEATH,goafricaonline.com,Transport & Logistique,"communication, santé, logistique",0-3,0.0,3.0
Responsable Manoeuvre – Coupe & Assemblage (Stores & Rideaux),Dakar,2025-10-10,2025-10-01,CDD,AGENCE HYBRIDE,goafricaonline.com,RH & Recrutement,,Non spécifié,,
Chargé(e) d’Accueil,Dakar,2025-10-10,2025-10-01,CDD,ELITE RH,goafricaonline.com,RH & Recrutement,"vente, marketing, communication, logistique, gestion de projet",3,3.0,3.0
Gestionnaire Administratif,Dakar,2025-10-10,2025-10-01,CDD,UMO MALI,goafricaonline.com,RH & Recrutement,logistique,Non spécifié,,
Maintenance Manager,Dakar,,,CDD,ENERGIA,goafricaonline.com,RH & Recrutement,,Non spécifié,,
Superviseur RH,Dakar,2025-10-10,2025-10-01,CDD,ENERGIA,goafricaonline.com,RH & Recrutement,rh,Non spécifié,,
Directeur Administratif & Financier,Dakar,2025-10-10,2025-10-01,CDD,ENERGIA,goafricaonline.com,RH & Recrutement,"finance, communication",Non spécifié,,
Superviseur Mines,Dakar,2025-10-10,2025-10-01,CDD,ENERGIA,goafricaonline.com,RH & Recrutement,gestion de projet,Non spécifié,,
Coordonnateur Supply Chain,Dakar,2025-10-10,2025-10-01,CDD,Wvi (World Vision International),goafricaonline.com,ONG & Humanitaire,"logistique, communication, vente",Non spécifié,,
Agent de Pointage,Dakar,2025-10-10,2025-10-01,CDD,INTERNATIONAL STAFFING COMPANY,goafricaonline.com,RH & Recrutement,communication,Non spécifié,,
Directeur Commercial Pays,Dakar,2025-10-10,2025-10-01,CDD,BIA DAKAR,goafricaonline.com,Agriculture & Agroalimentaire,"vente, marketing, gestion de projet",5-7,5.0,7.0
Stagiaire en Sécurité des Systèmes d’Information (SSI),Dakar,2025-10-10,2025-10-01,CDI,La Laiterie Du Berger,goafricaonline.com,Agriculture & Agroalimentaire,,Non spécifié,,
Stagiaire Technicien Informatique,Dakar,2025-10-10,2025-10-01,CDI,La Laiterie Du Berger,goafricaonline.com,Agriculture & Agroalimentaire,gestion de projet,Non spécifié,,
Comptable Général,Dakar,2025-10-10,2025-10-01,CDI,La Laiterie Du Berger,goafricaonline.com,Agriculture & Agroalimentaire,finance,Non spécifié,,
Directeur Exécutif,Dakar,2025-10-10,2025-10-01,CDD,OXFAM GRANDE-BRETAGNE,goafricaonline.com,ONG & Humanitaire,,Non spécifié,,
"Ingénieur Fiabilité, Méthodes et Amélioration Continue",Dakar,2025-10-10,2025-10-01,CDI,Institut Pasteur De Dakar,goafricaonline.com,Santé & Bien-être,"communication, data analyse, programmation, santé",5,5.0,5.0
Communications Director,Dakar,2025-10-10,2025-10-01,CDD,OMEGA NRGI,goafricaonline.com,BTP & Industrie,"data analyse, communication",10,10.0,10.0
Assistant Administratif de Direction,Dakar,2025-10-10,2025-10-01,CDD,GPF SARL,goafricaonline.com,"Finance, Banque & Comptabilité","finance, communication, logistique, gestion de projet",3-5,3.0,5.0
Responsable Chaine d’Approvisionnement et Service Client,Dakar,2025-10-10,2025-10-01,CDD,GPF SARL,goafricaonline.com,"Finance, Banque & Comptabilité","vente, finance, logistique",Non spécifié,,
Agent de nettoyage,Dakar,2025-10-10,2025-10-01,CDD,RMO,goafricaonline.com,RH & Recrutement,rh,Non spécifié,,
Téléconseillers en prise de rendez-vous B to B – Dakar,Dakar,2025-10-10,2025-10-01,Non spécifié,LEADS,goafricaonline.com,Commerce & Vente,"vente, marketing, communication",5,5.0,5.0
Agent administratif,Dakar,2025-10-10,2025-10-01,CDD,RMO,goafricaonline.com,RH & Recrutement,rh,Non spécifié,,
2 Magasiniers,Dakar,2025-10-10,2025-10-01,CDD,RMO,goafricaonline.com,RH & Recrutement,rh,Non spécifié,,
3 Vendeuses,Dakar,2025-10-10,2025-10-01,CDD,RMO,goafricaonline.com,RH & Recrutement,rh,Non spécifié,,
2 Gérantes,Dakar,2025-10-10,2025-10-01,CDD,RMO,goafricaonline.com,RH & Recrutement,rh,Non spécifié,,
Agent.e administratif,Dakar,2025-10-10,2025-10-01,CDD/CDI,ALINEA,goafricaonline.com,Commerce & Vente,"marketing, vente, programmation, communication, finance, data analyse, logistique, gestion de projet",10,10.0,10.0
Ingénieur Électromécanique Offshore,Dakar,2025-10-10,2025-10-01,CDD,TERANGA MANPOWER,goafricaonline.com,RH & Recrutement,gestion de projet,3-5,3.0,5.0
Coordonnateur/trice de projet,Dakar,2025-10-10,2025-10-01,CDD/CDI,ALINEA,goafricaonline.com,Commerce & Vente,"marketing, vente, programmation, communication, finance, data analyse, logistique, gestion de projet",10,10.0,10.0
Chef du projet,Dakar,2025-10-10,2025-10-01,CDD/CDI,ALINEA,goafricaonline.com,Commerce & Vente,"marketing, vente, programmation, communication, finance, data analyse, logistique, gestion de projet",10,10.0,10.0
Responsable de la Mobilité dans les Villes Hôtes,Dakar,2025-10-10,2025-10-01,CDD,COJOJ DAKAR 2026,goafricaonline.com,Sport & Loisirs,logistique,Non spécifié,,
Data Scientist (h/f),Dakar,2025-10-10,2025-10-01,CDD,ATOS SENEGAL,goafricaonline.com,Technologie & Informatique,"vente, programmation, communication, data analyse, gestion de projet",5,5.0,5.0
Développeur Full-stack,Dakar,2025-10-10,2025-10-01,CDD,ATOS SENEGAL,goafricaonline.com,Technologie & Informatique,"vente, programmation, communication, data analyse, gestion de projet",5,5.0,5.0
Développeur PHP,Dakar,2025-10-10,2025-10-01,CDD,ATOS SENEGAL,goafricaonline.com,Technologie & Informatique,"vente, programmation, communication, data analyse, gestion de projet",5,5.0,5.0
Développeur Back-end,Dakar,2025-10-10,2025-10-01,CDD,ATOS SENEGAL,goafricaonline.com,Technologie & Informatique,"vente, programmation, communication, data analyse, gestion de projet",5,5.0,5.0
Data Engineer,Dakar,2025-10-10,2025-10-01,CDD,ATOS SENEGAL,goafricaonline.com,Technologie & Informatique,"vente, programmation, communication, data analyse, gestion de projet",5,5.0,5.0
Data Analyst,Dakar,2025-10-10,2025-10-01,CDD,ATOS SENEGAL,goafricaonline.com,Technologie & Informatique,"vente, programmation, communication, data analyse, gestion de projet",5,5.0,5.0
Chef de la Division Comptabilité,Dakar,2025-10-10,2025-10-01,CDD,Onfp (Office National De Formation Professionnelle),goafricaonline.com,Education & Formation,"marketing, finance, programmation, vente, communication, santé, gestion de projet",5,5.0,5.0
Chef du Centre de Ressources Documentation et Information,Dakar,2025-10-10,2025-10-01,CDD,Onfp (Office National De Formation Professionnelle),goafricaonline.com,Education & Formation,"marketing, programmation, vente, communication, finance, santé, gestion de projet",2,2.0,2.0
02 Ingénieurs de Formation Professionnelle et Technique,Dakar,2025-10-10,2025-10-01,CDD,Onfp (Office National De Formation Professionnelle),goafricaonline.com,Education & Formation,"marketing, programmation, vente, communication, finance, santé, logistique, gestion de projet",2,2.0,2.0
Assistant(e) de Direction,Dakar,2025-10-10,2025-10-01,CDD,Onfp (Office National De Formation Professionnelle),goafricaonline.com,Education & Formation,"marketing, programmation, vente, communication, finance, santé, gestion de projet",2,2.0,2.0
Responsable des Ressources Humaines,Dakar,,,Stage,GIZ,goafricaonline.com,Administration & Services publics,"communication, programmation, rh, gestion de projet",Non spécifié,,
Conseiller en mobilisation des entreprises dans la formation professionnelle,Dakar,2025-10-10,2025-10-01,Stage,GIZ,goafricaonline.com,Administration & Services publics,gestion de projet,Non spécifié,,
Annonce d'emploi,Dakar,2025-10-07,2025-10-01,CDD/CDI,QUEST INTERNATIONAL COMPANY,goafricaonline.com,Commerce & Vente,"marketing, vente, programmation, communication, data analyse, logistique, gestion de projet",2,2.0,2.0
Formation en Gestion des Stocks,Dakar,2025-10-05,2025-10-01,Alternance,AFRICAN BUSINESS ACADEMY,goafricaonline.com,Education & Formation,,2,2.0,2.0
Responsable Stock et Magasin,Dakar,2025-10-02,2025-10-01,CDD,Industries Chimiques Du Senegal,goafricaonline.com,BTP & Industrie,"communication, finance, rh",10-15,10.0,15.0
Éducatrice Préscolaire,Dakar,2025-10-02,2025-10-01,CDD,Industries Chimiques Du Senegal,goafricaonline.com,BTP & Industrie,"communication, finance, rh",5-8,5.0,8.0
Responsable de Pièces de Rechange Multi-sites,Dakar,2025-10-02,2025-10-01,CDI,La Laiterie Du Berger,goafricaonline.com,Agriculture & Agroalimentaire,logistique,Non spécifié,,
Assistant Administratif et RH,Dakar,2025-10-02,2025-10-01,CDD,GPF SARL,goafricaonline.com,"Finance, Banque & Comptabilité","rh, finance",Non spécifié,,
Contrôleur Financier Sénior,Dakar,2025-10-02,2025-10-01,CDD,ECO AFRIQUE,goafricaonline.com,"Finance, Banque & Comptabilité",finance,Non spécifié,,
Spécialiste VBG,Dakar,2025-10-02,2025-10-01,CDD,DRC,goafricaonline.com,ONG & Humanitaire,"gestion de projet, santé",Non spécifié,,
Cuisinier(e),Dakar,2025-10-02,2025-10-01,CDD,Meg&Mag Food,goafricaonline.com,Commerce & Vente,,Non spécifié,,
Senior Finance Coordinator,Dakar,2025-10-02,2025-10-01,CDD,HUMAN APPEAL INTER.,goafricaonline.com,ONG & Humanitaire,"finance, gestion de projet",Non spécifié,,
Responsable Électricité & Performance Énergétique,Dakar,2025-10-02,2025-10-01,Non spécifié,Senegalaise Industrie Commerce - Senico Sa,goafricaonline.com,BTP & Industrie,"marketing, vente, programmation, communication, rh, santé, gestion de projet",2-3,2.0,3.0
Responsable Maintenance Centrale,Dakar,,,Non spécifié,Senegalaise Industrie Commerce - Senico Sa,goafricaonline.com,BTP & Industrie,"marketing, vente, programmation, communication, rh, santé, gestion de projet",2-3,2.0,3.0
Infirmière Stagiaire,Dakar,2025-10-02,2025-10-01,CDD,TECTRA SENEGAL,goafricaonline.com,RH & Recrutement,,Non spécifié,,
Senior Associé - Auditeur Financier H/F,Dakar,2025-10-02,2025-10-01,CDI,CABINET CARREE,goafricaonline.com,"Finance, Banque & Comptabilité","finance, vente",Non spécifié,,
Responsable QHSE (H/F) -,Dakar,2025-10-02,2025-10-01,CDD,TECTRA SENEGAL,goafricaonline.com,RH & Recrutement,"programmation, gestion de projet",Non spécifié,,
Charge conformite charia h/f,Dakar,2025-10-02,2025-10-01,CDD,Banque Islamique Du Senegal-Bis,goafricaonline.com,"Finance, Banque & Comptabilité",finance,8,8.0,8.0
Chef de Parc Logistique,Dakar,2025-10-02,2025-10-01,CDI,ACL,goafricaonline.com,Transport & Logistique,"santé, logistique",2,2.0,2.0
Assistant(e) Chargé(e) de programmes,Dakar,2025-10-02,2025-10-01,CDD,VILLAGE PILOTE,goafricaonline.com,ONG & Humanitaire,"programmation, marketing, gestion de projet, data analyse",Non spécifié,,
Assistant de Direction H/F,Dakar,2025-10-02,2025-10-01,CDD,GPF SARL,goafricaonline.com,"Finance, Banque & Comptabilité",finance,10,10.0,10.0
Chef de Projet Télécom – Delivery center (H/F),Dakar,2025-10-02,2025-10-01,Stage,GALIMATECH,goafricaonline.com,Technologie & Informatique,"communication, gestion de projet",5,5.0,5.0
Agent Consulaire – Traitement et Suivi des Dossiers Visas,Dakar,2025-10-02,2025-10-01,CDD,Ambassade De France Au Senegal,goafricaonline.com,Administration & Services publics,,Non spécifié,,
Développeur·euse Fullstack React & Laravel,Dakar,2025-10-02,2025-10-01,CDD,Cocoon,goafricaonline.com,Santé & Bien-être,"gestion de projet, data analyse, programmation",Non spécifié,,
Designer Bilingue,Dakar,2025-10-02,2025-10-01,CDD,CARLCARE SERVICE,goafricaonline.com,Transport & Logistique,marketing,Non spécifié,,
Chargé de Clientèle en Réception d’Appels,Dakar,2025-10-02,2025-10-01,CDD/CDI,INTELCIA,goafricaonline.com,Marketing & Communication,"marketing, communication",Non spécifié,,
Spécialiste Régional de la Gestion des Subventions et des Opérations Multi-pays,Dakar,2025-10-02,2025-10-01,CDD,DRC,goafricaonline.com,ONG & Humanitaire,"finance, communication, gestion de projet",Non spécifié,,
HR Operations Coordinator,Dakar,2025-10-02,2025-10-01,CDD,DRC,goafricaonline.com,ONG & Humanitaire,rh,Non spécifié,,
Technicien IT,Dakar,2025-10-02,2025-10-01,CDD,Esmt (Ecole Superieure Multinationale Des Telecommunications),goafricaonline.com,Education & Formation,"marketing, programmation, vente, communication, finance, data analyse, santé, gestion de projet",2,2.0,2.0
06 Secrétaires,Dakar,2025-10-02,2025-10-01,CDD,Senelec (Societe Nationale D'Electricite),goafricaonline.com,BTP & Industrie,logistique,Non spécifié,,
Assistant chargé de la TVA et du BNC,Dakar,2025-10-02,2025-10-01,CDD,Senelec (Societe Nationale D'Electricite),goafricaonline.com,BTP & Industrie,data analyse,Non spécifié,,
03 Assistants Comptables et Financiers,Dakar,2025-10-02,2025-10-01,CDD,Senelec (Societe Nationale D'Electricite),goafricaonline.com,BTP & Industrie,finance,2,2.0,2.0
10 Agents Commerciaux et Digitaux,Dakar,2025-10-02,2025-10-01,CDD,TERANGA GROUP,goafricaonline.com,Technologie & Informatique,"marketing, vente, programmation, communication, data analyse, gestion de projet",5,5.0,5.0
Gestionnaire de Paie Confirmé,Dakar,2025-10-02,2025-10-01,CDD,NEOPROD iNTERNATIONAL,goafricaonline.com,"Finance, Banque & Comptabilité",finance,1,1.0,1.0
Community Manager,Dakar,2025-10-02,2025-10-01,Stage,PREINOV AFRIQUE,goafricaonline.com,Technologie & Informatique,"marketing, communication, gestion de projet",Non spécifié,,
Stage d’adaptation Technico-commercial(e),Dakar,2025-10-02,2025-10-01,Stage,GRAZEINA TECHNOLOGIES,goafricaonline.com,Sécurité,"marketing, vente, communication, data analyse, rh, logistique",2,2.0,2.0
Chef d’Ateliers Mecaniques Agricole,Dakar,2025-10-02,2025-10-01,CDD,RPORTH,goafricaonline.com,"Finance, Banque & Comptabilité",rh,Non spécifié,,
Stagiaire Chargé d’Animaiton Éditoriale Web & App,Dakar,,,Stage,CANAL+ SENEGAL,goafricaonline.com,Marketing & Communication,"marketing, vente, communication, rh, gestion de projet",2,2.0,2.0
Responsable Training Factory,Dakar,2025-10-02,2025-10-01,Stage,CANAL+ SENEGAL,goafricaonline.com,Marketing & Communication,"marketing, vente, programmation, communication, rh, gestion de projet",5,5.0,5.0
Charge (e) de suivit évaluation,Dakar,2025-10-02,2025-10-01,CDD,ANPE,goafricaonline.com,RH & Recrutement,"communication, data analyse, gestion de projet",2,2.0,2.0
Agent commercial,Non spécifié,2025-10-02,2025-10-01,CDD,GROUPE 2IJ CONSULTING,goafricaonline.com,Non spécifié,"marketing, vente, finance, communication, programmation, rh, gestion de projet",10,10.0,10.0
Responsable Veille éditoriale,Dakar,2025-10-02,2025-10-01,CDD,ELITE RH,goafricaonline.com,RH & Recrutement,communication,Non spécifié,,
Assistante Bureautique (Stagiaire),Dakar,2025-10-02,2025-10-01,CDD,Estel (Ecole Superieure Des Metiers Du Management Et Des Langues),goafricaonline.com,Education & Formation,"marketing, programmation, vente, communication, finance, santé, logistique, gestion de projet",2,2.0,2.0
(06) Educateurs spécialisés (stagiaires),Dakar,2025-10-02,2025-10-01,CDD,Estel (Ecole Superieure Des Metiers Du Management Et Des Langues),goafricaonline.com,Education & Formation,"communication, gestion de projet",2,2.0,2.0
Programme de Stagiaires Diplomés – Nestlé Sénégal,Dakar,2025-10-02,2025-10-01,Non spécifié,NESTLE SENEGAL,goafricaonline.com,BTP & Industrie,"communication, gestion de projet",2,2.0,2.0
Reconciliation Officer,Dakar,2025-10-02,2025-10-01,CDD,WAVE,goafricaonline.com,"Finance, Banque & Comptabilité","finance, data analyse, programmation, gestion de projet",3,3.0,3.0
Stagiaire en Ingénierie calcul scientifique,Dakar,2025-10-02,2025-10-01,Stage,CINERI,goafricaonline.com,Technologie & Informatique,"finance, logistique, gestion de projet",Non spécifié,,
tagiaire en Administration Système HPC,Dakar,2025-10-02,2025-10-01,Stage,CINERI,goafricaonline.com,Technologie & Informatique,"finance, logistique, gestion de projet",Non spécifié,,
Ingénierie expert pour le calcul scientifique,Dakar,2025-10-02,2025-10-01,Stage,CINERI,goafricaonline.com,Technologie & Informatique,"finance, logistique, gestion de projet",Non spécifié,,
Administrateur Système HPC,Dakar,2025-10-02,2025-10-01,Stage,CINERI,goafricaonline.com,Technologie & Informatique,"finance, logistique, gestion de projet",Non spécifié,,
Responsable des ventes – France,Dakar,2025-10-02,2025-10-01,CDI,ANYVAN,goafricaonline.com,Transport & Logistique,"marketing, vente, communication, data analyse, programmation, rh, logistique",2,2.0,2.0
"Talent Acquisition Partner – France (Contract, Dakar)",Dakar,2025-10-02,2025-10-01,CDI,ANYVAN,goafricaonline.com,Transport & Logistique,"marketing, vente, communication, data analyse, programmation, rh, logistique",2,2.0,2.0
Sales Executive – France,Dakar,2025-10-02,2025-10-01,CDI,ANYVAN,goafricaonline.com,Transport & Logistique,"marketing, vente, communication, data analyse, programmation, rh, logistique",2,2.0,2.0
Directeur financier et comptable (,Dakar,2025-10-02,2025-10-01,CDD,ALDELIA SENEGAL,goafricaonline.com,RH & Recrutement,finance,Non spécifié,,
Auditeur it,Dakar,2025-10-02,2025-10-01,CDD,Fbn Bank Senegal Ltd,goafricaonline.com,"Finance, Banque & Comptabilité","communication, finance",Non spécifié,,
Responsable technique terrain – chef d'equipe (1),Dakar,2025-10-02,2025-10-01,CDD,MAG INTERNATIONAL,goafricaonline.com,ONG & Humanitaire,communication,Non spécifié,,
Chef·fe de projet développement du parasport,Dakar,2025-10-02,2025-10-01,CDD,France Volontaires // Espace Volontariats Senegal,goafricaonline.com,ONG & Humanitaire,"finance, logistique, gestion de projet",Non spécifié,,
Chauffeur – Livreur,Dakar,2025-10-02,2025-10-01,CDD,RPORTH,goafricaonline.com,"Finance, Banque & Comptabilité",logistique,2,2.0,2.0
Assistant(e) logistique,Dakar,2025-10-02,2025-10-01,CDD,OXFAM AMERICA,goafricaonline.com,ONG & Humanitaire,logistique,Non spécifié,,
Technico commercial Pièces de Rechange Auto,Dakar,2025-10-02,2025-10-01,CDD,SERVTEC Sénégal,goafricaonline.com,RH & Recrutement,"marketing, vente, finance, communication, data analyse, programmation, rh, santé, gestion de projet",2-3,2.0,3.0
Cadre commercial,Dakar,2025-10-02,2025-10-01,CDD,SERVTEC Sénégal,goafricaonline.com,RH & Recrutement,"marketing, vente, finance, communication, data analyse, programmation, rh, santé, gestion de projet",4,4.0,4.0
Directeur commercial,Dakar,2025-10-02,2025-10-01,CDD,SERVTEC Sénégal,goafricaonline.com,RH & Recrutement,"marketing, vente, finance, communication, data analyse, programmation, rh, santé, gestion de projet",5,5.0,5.0
Chef d’atelier carrosserie,Dakar,2025-10-02,2025-10-01,CDD,SERVTEC Sénégal,goafricaonline.com,RH & Recrutement,"marketing, vente, finance, communication, data analyse, programmation, rh, santé, gestion de projet",5,5.0,5.0
Responsable Agronomie,Dakar,2025-10-02,2025-10-01,CDD,PROFIL,goafricaonline.com,"Finance, Banque & Comptabilité",data analyse,5-10,5.0,10.0
Responsable Comptable,Dakar,2025-10-02,2025-10-01,CDD,MYRIAD,goafricaonline.com,Marketing & Communication,"vente, finance, programmation, communication, rh",2-3,2.0,3.0
Assistant Audit,Dakar,2025-10-02,2025-10-01,CDD,WORLD VISION SENEGAL,goafricaonline.com,ONG & Humanitaire,"finance, rh",Non spécifié,,
Studio Design Manage,Dakar,2025-09-26,2025-09-01,CDD,COJOJ DAKAR 2026,goafricaonline.com,Sport & Loisirs,"communication, gestion de projet",5,5.0,5.0
Assistant Activités Culturelles,Dakar,2025-09-26,2025-09-01,CDD,COJOJ DAKAR 2026,goafricaonline.com,Sport & Loisirs,"communication, logistique, gestion de projet",2-5,2.0,5.0
Régisseur d’Évènement,Dakar,2025-09-26,2025-09-01,CDD,COJOJ DAKAR 2026,goafricaonline.com,Sport & Loisirs,"communication, logistique, gestion de projet",5,5.0,5.0
Coordinateur post-production,Dakar,2025-09-26,2025-09-01,CDD,COJOJ DAKAR 2026,goafricaonline.com,Sport & Loisirs,"communication, gestion de projet",Non spécifié,,
Portfolio Senior Assistant,Dakar,2025-09-26,2025-09-01,CDD,UNOPS,goafricaonline.com,ONG & Humanitaire,"communication, finance, data analyse, logistique, gestion de projet",5,5.0,5.0
Scheduling Manager,Dakar,2025-09-26,2025-09-01,CDD,WAVE,goafricaonline.com,"Finance, Banque & Comptabilité","data analyse, communication",5,5.0,5.0
Coordinateur·rice National·e. – FAWE Sénégal,Dakar,2025-09-26,2025-09-01,CDD,Fawe Forum Des Educatrices Africaines Section Senegalaise,goafricaonline.com,ONG & Humanitaire,"finance, gestion de projet",Non spécifié,,
Stage Chargé(e) création de contenu 1 mois non rémunéré,Dakar,2025-09-26,2025-09-01,Stage,GRAZEINA TECHNOLOGIES,goafricaonline.com,Sécurité,"marketing, vente, communication, rh, logistique",2,2.0,2.0
Testeur Fonctionnel SQUASH,Dakar,2025-09-26,2025-09-01,Stage,GALIMATECH,goafricaonline.com,Technologie & Informatique,,3,3.0,3.0
Chargé des Ressources Humaines et de l’Administration,Dakar,,,CDD,Ficr (Federation Internationale Des Societes De La Croix-Rouge Et Du Croissant-Rouge),goafricaonline.com,ONG & Humanitaire,rh,Non spécifié,,
Ingénieur Qualité Logicielle (QA / TEST),Dakar,2025-09-25,2025-09-01,CDD,COJOJ DAKAR 2026,goafricaonline.com,Sport & Loisirs,"programmation, gestion de projet",3,3.0,3.0
Responsable des Ressources Humaines,Dakar,,,CDD,TOPWORK SENEGAL,goafricaonline.com,RH & Recrutement,"communication, rh",Non spécifié,,
Graphiste Print Confirmé,Dakar,2025-09-25,2025-09-01,Stage,CANAL+ SENEGAL,goafricaonline.com,Marketing & Communication,"marketing, vente, communication, rh, gestion de projet",2,2.0,2.0
Stagiaire – Infographiste / Designer visuel (H/F),Dakar,2025-09-25,2025-09-01,Stage,GALIMATECH,goafricaonline.com,Technologie & Informatique,"marketing, communication, finance, logistique, gestion de projet",Non spécifié,,
Recruteur Technique,Dakar,2025-09-25,2025-09-01,CDD,WAVE,goafricaonline.com,"Finance, Banque & Comptabilité",,Non spécifié,,
Responsable des opérations financières,Dakar,2025-09-25,2025-09-01,CDD,MASTERCARD FOUNDATION,goafricaonline.com,ONG & Humanitaire,"communication, finance, gestion de projet",Non spécifié,,
Representant Commercial Independant,Dakar,2025-09-25,2025-09-01,Stage,SORIBA BAYO COMPANY,goafricaonline.com,Technologie & Informatique,"vente, marketing",0-2,0.0,2.0
Coursier,Dakar,2025-09-25,2025-09-01,CDD,Phoenix Consulting Group Sn,goafricaonline.com,RH & Recrutement,"logistique, finance",2,2.0,2.0
Assistant QHSE & Logistique,Dakar,2025-09-25,2025-09-01,CDI,La Laiterie Du Berger,goafricaonline.com,Agriculture & Agroalimentaire,"logistique, communication",3,3.0,3.0
Comptable,Dakar,2025-09-25,2025-09-01,CDD,Phoenix Consulting Group Sn,goafricaonline.com,RH & Recrutement,finance,Non spécifié,,
Chauffeur,Dakar,2025-09-25,2025-09-01,CDD,Phoenix Consulting Group Sn,goafricaonline.com,RH & Recrutement,logistique,3,3.0,3.0
Gérante Opérationnelle / Responsable de Salon,Dakar,2025-09-25,2025-09-01,Non spécifié,BODY ZEN,goafricaonline.com,Santé & Bien-être,"marketing, vente, communication, finance, programmation, logistique, gestion de projet",Non spécifié,,
Agent de Sécurité,Dakar,2025-09-25,2025-09-01,CDD,MAG INTERNATIONAL,goafricaonline.com,ONG & Humanitaire,"logistique, communication",Non spécifié,,
Agent de Ménage & Cuisine,Dakar,2025-09-25,2025-09-01,CDD,MAG INTERNATIONAL,goafricaonline.com,ONG & Humanitaire,logistique,Non spécifié,,
Stagiaire en Moyens Généraux - Dakar,Dakar,2025-09-25,2025-09-01,CDD,Majorel Site Jambaar,goafricaonline.com,Marketing & Communication,"logistique, communication",Non spécifié,,
"Directeur de la Communication Stratégique, du Lobbying, de l’Influence",Dakar,2025-09-25,2025-09-01,CDI,TECTRA SENEGAL,goafricaonline.com,RH & Recrutement,"marketing, communication, finance",Non spécifié,,
"Responsable ESG, Impact et Assistance Technique (H/F)",Dakar,2025-09-25,2025-09-01,CDD,TECTRA SENEGAL,goafricaonline.com,RH & Recrutement,"finance, communication, data analyse",Non spécifié,,
Portier,Dakar,2025-09-25,2025-09-01,CDI,HOTEL RESIDENCE NGARY,goafricaonline.com,Tourisme & Hôtellerie,logistique,Non spécifié,,
Concierge,Dakar,2025-09-25,2025-09-01,CDI,HOTEL RESIDENCE NGARY,goafricaonline.com,Tourisme & Hôtellerie,,Non spécifié,,
Chef Cuisinier,Dakar,2025-09-25,2025-09-01,CDI,HOTEL RESIDENCE NGARY,goafricaonline.com,Tourisme & Hôtellerie,,Non spécifié,,
Réceptionniste,Dakar,2025-09-25,2025-09-01,CDI,HOTEL RESIDENCE NGARY,goafricaonline.com,Tourisme & Hôtellerie,,Non spécifié,,
Comptable,Dakar,2025-09-25,2025-09-01,CDI,HOTEL RESIDENCE NGARY,goafricaonline.com,Tourisme & Hôtellerie,finance,Non spécifié,,
Directeur d’Hôtel,Dakar,2025-09-25,2025-09-01,CDI,HOTEL RESIDENCE NGARY,goafricaonline.com,Tourisme & Hôtellerie,"finance, communication, vente",Non spécifié,,
Technicien d’Intervention en Hauteur,Dakar,2025-09-25,2025-09-01,CDD,AFRIC MANAGEMENT,goafricaonline.com,RH & Recrutement,"marketing, vente, finance, communication, data analyse, programmation, rh, santé, gestion de projet",2,2.0,2.0
100 Professeurs,Dakar,2025-09-25,2025-09-01,Non spécifié,JANGALMA,goafricaonline.com,Education & Formation,finance,5,5.0,5.0
Administrateur(rice) de Bureau de Casamance,Dakar,2025-09-25,2025-09-01,CDD,MAG INTERNATIONAL,goafricaonline.com,ONG & Humanitaire,"finance, rh",Non spécifié,,
Enquêteur Sénior,Dakar,2025-09-25,2025-09-01,CDD,SEN INTERIM,goafricaonline.com,RH & Recrutement,"marketing, vente, finance, communication, data analyse, programmation, rh, santé, gestion de projet",3,3.0,3.0
Enquêteur Junior,Dakar,2025-09-25,2025-09-01,CDD,SEN INTERIM,goafricaonline.com,RH & Recrutement,"marketing, vente, finance, communication, data analyse, programmation, rh, santé, gestion de projet",3,3.0,3.0
Coordinateur de Projets Stratégiques,Dakar,2025-09-25,2025-09-01,CDD,ENKO INTERNATIONAL SCHOOL,goafricaonline.com,Education & Formation,"marketing, programmation, vente, communication, finance, santé, gestion de projet",2,2.0,2.0
Data Analyst,Dakar,2025-09-25,2025-09-01,CDD,WAVE,goafricaonline.com,"Finance, Banque & Comptabilité","visualisation de données, data analyse, santé, gestion de projet",Non spécifié,,
Juriste Sénior,Dakar,2025-09-25,2025-09-01,CDD,ECO AFRIQUE,goafricaonline.com,"Finance, Banque & Comptabilité","vente, finance",4,4.0,4.0
Chargé Développement du Capital Humain,Dakar,,,CDD,ECO AFRIQUE,goafricaonline.com,"Finance, Banque & Comptabilité",,Non spécifié,,
Directeur Financier et Comptable Groupe,Dakar,2025-09-25,2025-09-01,CDD,TOPWORK SENEGAL,goafricaonline.com,RH & Recrutement,"visualisation de données, finance, communication, data analyse",5,5.0,5.0
Représentant Commercial Micro Grid,Dakar,2025-09-25,2025-09-01,CDD,GLOBAL BUSINESS GROUP - GBG,goafricaonline.com,"Finance, Banque & Comptabilité","finance, gestion de projet, vente",Non spécifié,,
"Assistant aux opérations, au budget et aux reporting",Dakar,2025-09-25,2025-09-01,CDD,Pnud (Programme Des Nations Unies Pour Le Developpement),goafricaonline.com,ONG & Humanitaire,"finance, data analyse, logistique, gestion de projet",Non spécifié,,
Responsable suivi-évaluation,Dakar,2025-09-25,2025-09-01,CDD,Cradesc (Centre De Recherche Et D'Action Sur Les Droits Economique Sociaux Et Culturels),goafricaonline.com,ONG & Humanitaire,"finance, gestion de projet",Non spécifié,,
Graphic Design Specialist,Dakar,2025-09-25,2025-09-01,CDD,VOX AGENCY SAS,goafricaonline.com,Marketing & Communication,"gestion de projet, communication, marketing",Non spécifié,,
Commercial sur le terrain porte à porte,Dakar,2025-09-25,2025-09-01,Stage,SORIBA BAYO COMPANY,goafricaonline.com,Technologie & Informatique,"vente, programmation, communication, finance, data analyse",Non spécifié,,
Agent de Sécurité,Dakar,2025-09-25,2025-09-01,CDD,Leader Interim et Services,goafricaonline.com,"Finance, Banque & Comptabilité","communication, finance, rh",Non spécifié,,
Stage charge d'animation editoriale web & app (1),Dakar,2025-09-25,2025-09-01,Stage,CANAL+ SENEGAL,goafricaonline.com,Marketing & Communication,"marketing, vente, rh",Non spécifié,,
Agent de Sécurité (Sous réserve de financement),Dakar,2025-09-25,2025-09-01,CDD,MAG INTERNATIONAL,goafricaonline.com,ONG & Humanitaire,"logistique, communication",2,2.0,2.0
Chef de service moyens generaux,Non spécifié,2025-09-25,2025-09-01,CDI,Orabank Sénégal,goafricaonline.com,Non spécifié,"logistique, finance",Non spécifié,,
Responsable des verifications & analyses (1,Non spécifié,2025-09-25,2025-09-01,CDD,Orabank Sénégal,goafricaonline.com,Non spécifié,"finance, vente",Non spécifié,,
Directeur commercial et responsable banque (1),Dakar,2025-09-25,2025-09-01,CDD,CITIBANK SENEGAL,goafricaonline.com,"Finance, Banque & Comptabilité","rh, vente",Non spécifié,,
Développeur Full Stack Web & Mobile,Dakar,2025-09-25,2025-09-01,Non spécifié,OUMOU GROUP,goafricaonline.com,Santé & Bien-être,"programmation, communication, rh, santé, data analyse",3,3.0,3.0
Stagiaires Acheteurs (secteur hôtellerie,Dakar,2025-09-25,2025-09-01,CDD,Direction De L'Emploi Du Senegal,goafricaonline.com,RH & Recrutement,,Non spécifié,,
Stagiaires Économes,Dakar,2025-09-25,2025-09-01,CDD,Direction De L'Emploi Du Senegal,goafricaonline.com,RH & Recrutement,,Non spécifié,,
Stagiaire Project Manager Officer,Dakar,2025-09-25,2025-09-01,CDD,Direction De L'Emploi Du Senegal,goafricaonline.com,RH & Recrutement,gestion de projet,Non spécifié,,
Stagiaires Ingénieurs Commerciaux IT,Dakar,2025-09-25,2025-09-01,CDD,Direction De L'Emploi Du Senegal,goafricaonline.com,RH & Recrutement,vente,Non spécifié,,
Stagiaires Archivistes,Dakar,2025-09-25,2025-09-01,CDD,Direction De L'Emploi Du Senegal,goafricaonline.com,RH & Recrutement,,Non spécifié,,
Analyste Senior en Création de Valeur,Dakar,2025-09-25,2025-09-01,CDD,GPF SARL,goafricaonline.com,"Finance, Banque & Comptabilité",gestion de projet,3,3.0,3.0
Senior Project Manager,Dakar,2025-09-25,2025-09-01,CDD,GPF SARL,goafricaonline.com,"Finance, Banque & Comptabilité","finance, communication, gestion de projet",Non spécifié,,
Gestionnaire Qualité Opérationnel,Dakar,2025-09-25,2025-09-01,CDI,La Laiterie Du Berger,goafricaonline.com,Agriculture & Agroalimentaire,communication,2,2.0,2.0
Designer Graphique,Dakar,2025-09-22,2025-09-01,Stage,SWALA AGENCY,goafricaonline.com,Technologie & Informatique,"marketing, communication, gestion de projet",Non spécifié,,
Coordonnateur Adjoint des Responsables Techniques Nationaux,Dakar,2025-09-22,2025-09-01,CDD,COJOJ DAKAR 2026,goafricaonline.com,Sport & Loisirs,"marketing, communication",2,2.0,2.0
Coordonateur Adjoint des Bénévoles Sportifs,Dakar,2025-09-22,2025-09-01,CDD,COJOJ DAKAR 2026,goafricaonline.com,Sport & Loisirs,"marketing, communication",2,2.0,2.0
Assistante Principale des Relations et Services IF,Dakar,2025-09-22,2025-09-01,CDD,COJOJ DAKAR 2026,goafricaonline.com,Sport & Loisirs,"communication, logistique",Non spécifié,,
Assistant Senior Programmes d’initiation,Dakar,2025-09-22,2025-09-01,CDD,COJOJ DAKAR 2026,goafricaonline.com,Sport & Loisirs,"communication, logistique, gestion de projet",Non spécifié,,
Manager des Equipements Sportifs,Dakar,2025-09-22,2025-09-01,CDD,COJOJ DAKAR 2026,goafricaonline.com,Sport & Loisirs,"communication, logistique",Non spécifié,,
Assistant Manager Compétition (Planification multisport),Dakar,2025-09-22,2025-09-01,CDD,COJOJ DAKAR 2026,goafricaonline.com,Sport & Loisirs,,Non spécifié,,
Responsable Technique Présentation Sportive (H/F),Dakar,2025-09-22,2025-09-01,CDD,COJOJ DAKAR 2026,goafricaonline.com,Sport & Loisirs,,Non spécifié,,
CCO & Banking Head – Senegal- Director,Dakar,2025-09-22,2025-09-01,CDD,CITI SENEGAL,goafricaonline.com,"Finance, Banque & Comptabilité","vente, finance, communication, programmation, data analyse, rh, gestion de projet",15,15.0,15.0
Responsable Administratif et Financier du Projet WASOP,Dakar,2025-09-22,2025-09-01,CDD,Iucn (Union Mondiale Pour La Conservation De La Nature),goafricaonline.com,ONG & Humanitaire,"finance, data analyse, gestion de projet",Non spécifié,,
Programme Management Specialist,Dakar,2025-09-22,2025-09-01,CDD,ONU-FEMMES,goafricaonline.com,ONG & Humanitaire,gestion de projet,Non spécifié,,
Grants & Partnerships Associate,Dakar,2025-09-22,2025-09-01,CDD,CHAI AFRICA PROTEINE,goafricaonline.com,Commerce & Vente,finance,Non spécifié,,
Aide-documentaliste,Dakar,2025-09-22,2025-09-01,CDD,BCEAO,goafricaonline.com,ONG & Humanitaire,,2,2.0,2.0
Auditeur Interne,Dakar,2025-09-22,2025-09-01,CDD,Ics Sa (Industries Chimiques Du Senegal),goafricaonline.com,Agriculture & Agroalimentaire,"finance, communication, data analyse",3,3.0,3.0
Responsable incendie,Dakar,2025-09-22,2025-09-01,CDD,Ics Sa (Industries Chimiques Du Senegal),goafricaonline.com,Agriculture & Agroalimentaire,,12,12.0,12.0
Ingénieur support et développement d’applications,Dakar,2025-09-22,2025-09-01,CDD,Ics Sa (Industries Chimiques Du Senegal),goafricaonline.com,Agriculture & Agroalimentaire,"programmation, gestion de projet",5,5.0,5.0
Ingénieur environnementaliste,Dakar,2025-09-22,2025-09-01,CDD,Ics Sa (Industries Chimiques Du Senegal),goafricaonline.com,Agriculture & Agroalimentaire,,5,5.0,5.0
Coursier,Dakar,2025-09-22,2025-09-01,CDD,AGROPONIC,goafricaonline.com,Agriculture & Agroalimentaire,"vente, programmation, logistique, gestion de projet",5,5.0,5.0
Responsable Ressources Humaines H/F – Diamniadio,Dakar,,,CDD,GPF SARL,goafricaonline.com,"Finance, Banque & Comptabilité",rh,5,5.0,5.0
Stagiaires Paies GMS,Dakar,2025-09-22,2025-09-01,CDD,KPMG SENEGAL,goafricaonline.com,"Finance, Banque & Comptabilité","marketing, finance, communication, rh",1-3,1.0,3.0
Conducteur Dumper,Dakar,2025-09-22,2025-09-01,CDD,SERVTEC Sénégal,goafricaonline.com,RH & Recrutement,"marketing, vente, finance, communication, data analyse, programmation, rh, santé, gestion de projet",3,3.0,3.0
Conducteur Bobcat,Dakar,2025-09-22,2025-09-01,CDD,SERVTEC Sénégal,goafricaonline.com,RH & Recrutement,"marketing, vente, finance, communication, data analyse, programmation, rh, santé, gestion de projet",3,3.0,3.0
Conducteur Mini-pelle,Dakar,2025-09-22,2025-09-01,CDD,SERVTEC Sénégal,goafricaonline.com,RH & Recrutement,"marketing, vente, finance, communication, data analyse, programmation, rh, santé, gestion de projet",3,3.0,3.0
Cariste,Dakar,2025-09-22,2025-09-01,CDD,INTERNATIONAL STAFFING COMPANY,goafricaonline.com,RH & Recrutement,logistique,Non spécifié,,
Ingénieur Méthodes Levage & Maintenance,Dakar,,,CDI,ERAMET,goafricaonline.com,BTP & Industrie,gestion de projet,Non spécifié,,
Directeur Marketing et Communication,Dakar,2025-09-22,2025-09-01,CDD,Caisse Des Depots Et Consignations,goafricaonline.com,"Finance, Banque & Comptabilité","marketing, communication, finance, gestion de projet",10,10.0,10.0
Directeur Général CDC Capital,Dakar,2025-09-22,2025-09-01,CDD,Caisse Des Depots Et Consignations,goafricaonline.com,"Finance, Banque & Comptabilité","finance, gestion de projet",15,15.0,15.0
Directeur Général CDC AGRO,Dakar,2025-09-22,2025-09-01,CDD,Caisse Des Depots Et Consignations,goafricaonline.com,"Finance, Banque & Comptabilité","finance, gestion de projet",15,15.0,15.0
Fiscaliste H/F,Dakar,2025-09-22,2025-09-01,CDI,AUCHAN,goafricaonline.com,Commerce & Vente,"finance, communication, programmation, data analyse, rh, santé, gestion de projet",2,2.0,2.0
Contrôleur de gestion Sénior H/F,Dakar,2025-09-22,2025-09-01,CDI,AUCHAN,goafricaonline.com,Commerce & Vente,"finance, communication, programmation, data analyse, rh, santé, gestion de projet",2,2.0,2.0
Gestionnaire de stocks (1),Dakar,2025-09-18,2025-09-01,Non spécifié,Africa Global Logistics Sénégal,goafricaonline.com,Transport & Logistique,,Non spécifié,,
Conjoncturiste,Dakar,2025-09-18,2025-09-01,CDD,BCEAO,goafricaonline.com,ONG & Humanitaire,"data analyse, finance",Non spécifié,,
Aide documentaliste (1),Dakar,2025-09-18,2025-09-01,CDD,BCEAO,goafricaonline.com,ONG & Humanitaire,,2,2.0,2.0
Directeur de l'audit interne ecobank senegal,Dakar,2025-09-18,2025-09-01,CDD,ECOBANK,goafricaonline.com,"Finance, Banque & Comptabilité",finance,Non spécifié,,
Expert environnementaux et sociaux (rse),Dakar,2025-09-18,2025-09-01,CDD,SOCIETE GENERALE SENEGAL-SGS,goafricaonline.com,"Finance, Banque & Comptabilité","finance, vente",Non spécifié,,
Responsable des ventes (1),Dakar,2025-09-18,2025-09-01,CDD,RMO,goafricaonline.com,RH & Recrutement,"vente, marketing, communication",5,5.0,5.0
Stagiaire assistant customer experience,Dakar,2025-09-18,2025-09-01,CDD,Groupe Cofina (Compagnie Financiere Africaine),goafricaonline.com,"Finance, Banque & Comptabilité","marketing, finance, data analyse, gestion de projet",2,2.0,2.0
Stagiaire assistant marketing,Dakar,2025-09-18,2025-09-01,CDD,Groupe Cofina (Compagnie Financiere Africaine),goafricaonline.com,"Finance, Banque & Comptabilité","vente, marketing, data analyse",2,2.0,2.0
Responsable de la resilience sous-regionale (chef d’equipe),Dakar,2025-09-18,2025-09-01,CDD,Food And Agriculture Organization Of The United Nations-Fao,goafricaonline.com,ONG & Humanitaire,gestion de projet,Non spécifié,,
Specialiste en gestion administrative et financiere waca-bar (1),Dakar,2025-09-18,2025-09-01,CDD,Iucn (Union Mondiale Pour La Conservation De La Nature),goafricaonline.com,ONG & Humanitaire,"communication, finance, gestion de projet",Non spécifié,,
Specialiste en passation de marches waca-bar (1),Dakar,2025-09-18,2025-09-01,CDD,Iucn (Union Mondiale Pour La Conservation De La Nature),goafricaonline.com,ONG & Humanitaire,"communication, gestion de projet, finance",Non spécifié,,
Specialiste en suivi-evaluation de waca resip (1,Dakar,2025-09-18,2025-09-01,CDD,Iucn (Union Mondiale Pour La Conservation De La Nature),goafricaonline.com,ONG & Humanitaire,"data analyse, gestion de projet",Non spécifié,,
Directeur financier et comptable,Dakar,2025-09-18,2025-09-01,CDD,ALDELIA SENEGAL,goafricaonline.com,RH & Recrutement,finance,5,5.0,5.0
Consultant en education et genre (financee par l'ungei/gci),Dakar,2025-09-18,2025-09-01,CDD,Fonds Des Nations Unies Pour L'Enfance - Unicef,goafricaonline.com,ONG & Humanitaire,,Non spécifié,,
Stagiaire technico-commercial (1),Dakar,2025-09-18,2025-09-01,Stage,Fonds Des Nations Unies Pour L'Enfance - Unicef,goafricaonline.com,Sécurité,"marketing, vente, communication, rh, logistique",2,2.0,2.0
Assistant (e) Marketing et Communication,Dakar,2025-09-18,2025-09-01,CDD,Nouvelles Editions Africaine Du Senegal - Neas,goafricaonline.com,Marketing & Communication,"marketing, finance, programmation, communication, logistique, gestion de projet",5,5.0,5.0
Regional Humanitarian & Emergency Affairs (HEA) and Public Engagement Director,Dakar,2025-09-18,2025-09-01,CDD,WORLD VISION SENEGAL,goafricaonline.com,ONG & Humanitaire,communication,Non spécifié,,
Directeur régional des affaires humanitaires et d'urgence (HEA) et de l'engagement du public,Dakar,2025-09-18,2025-09-01,CDD,WORLD VISION SENEGAL,goafricaonline.com,ONG & Humanitaire,communication,Non spécifié,,
People & Culture (HR) Director,Dakar,2025-09-18,2025-09-01,CDD,WORLD VISION SENEGAL,goafricaonline.com,ONG & Humanitaire,gestion de projet,Non spécifié,,
"Senior Advisor, Global Safeguarding Prevention",Dakar,2025-09-18,2025-09-01,CDD,WORLD VISION SENEGAL,goafricaonline.com,ONG & Humanitaire,,Non spécifié,,
"Conseiller principal, Prévention de la protection mondiale",Dakar,2025-09-18,2025-09-01,CDD,WORLD VISION SENEGAL,goafricaonline.com,ONG & Humanitaire,,Non spécifié,,
Responsable Supply Chain,Dakar,2025-09-18,2025-09-01,CDD,WORLD VISION SENEGAL,goafricaonline.com,ONG & Humanitaire,"communication, gestion de projet",Non spécifié,,
Responsable des opérations du programme,Dakar,2025-09-18,2025-09-01,CDD,MASTERCARD FOUNDATION,goafricaonline.com,ONG & Humanitaire,"finance, programmation, gestion de projet",10,10.0,10.0
"Lead, Program Operations",Dakar,2025-09-18,2025-09-01,CDD,MASTERCARD FOUNDATION,goafricaonline.com,ONG & Humanitaire,"finance, gestion de projet",10,10.0,10.0
Assistant comptable,Dakar,2025-09-18,2025-09-01,CDD,Nouvelles Editions Africaine Du Senegal - Neas,goafricaonline.com,Marketing & Communication,"vente, finance",Non spécifié,,
Team Leader Campaign Management,Dakar,2025-09-18,2025-09-01,CDD,GPF SARL,goafricaonline.com,"Finance, Banque & Comptabilité","vente, marketing, communication, logistique",Non spécifié,,
Téléconseiller,Dakar,2025-09-17,2025-09-01,CDD,GROWTH CONTINUE CONSULTING,goafricaonline.com,Technologie & Informatique,"marketing, vente, finance, programmation, communication, data analyse, rh, gestion de projet",2,2.0,2.0
Conseiller Junior en Santé,Dakar,2025-09-17,2025-09-01,Stage,GIZ,goafricaonline.com,Administration & Services publics,"finance, gestion de projet",Non spécifié,,
Comptable,Dakar,2025-09-17,2025-09-01,CDD,GPF SARL,goafricaonline.com,"Finance, Banque & Comptabilité","finance, data analyse",2-3,2.0,3.0
Chauffeur de Direction,Dakar,2025-09-17,2025-09-01,Non spécifié,RESIDENCE KALIA,goafricaonline.com,BTP & Industrie,"communication, programmation, logistique, santé, gestion de projet",3,3.0,3.0
02 Commerciaux,Dakar,2025-09-17,2025-09-01,CDD,ENKO INTERNATIONAL SCHOOL,goafricaonline.com,Education & Formation,"marketing, vente, programmation, communication, finance, data analyse, santé, gestion de projet",3-5,3.0,5.0
Assistant de Paiement Premium,Dakar,2025-09-17,2025-09-01,CDD,WAVE,goafricaonline.com,"Finance, Banque & Comptabilité","communication, finance, santé, gestion de projet",2,2.0,2.0
Conseillère clientèle,Dakar,2025-09-17,2025-09-01,CDD,OLAM SENEGAL,goafricaonline.com,Agriculture & Agroalimentaire,"marketing, vente, finance, communication, data analyse, programmation, rh, santé, gestion de projet",5,5.0,5.0
Téléopérateur,Dakar,2025-09-17,2025-09-01,CDD,OLAM SENEGAL,goafricaonline.com,Agriculture & Agroalimentaire,"marketing, vente, finance, communication, data analyse, programmation, rh, santé, gestion de projet",5,5.0,5.0
Déclarant en Douane,Dakar,,,CDD,GPF SARL,goafricaonline.com,"Finance, Banque & Comptabilité",logistique,5,5.0,5.0
Formatrice en Gestion de caisse,Dakar,2025-09-17,2025-09-01,CDD,OLAM SENEGAL,goafricaonline.com,Agriculture & Agroalimentaire,"marketing, vente, finance, communication, data analyse, programmation, rh, santé, gestion de projet",5,5.0,5.0
Coordinateur IT,Dakar,2025-09-17,2025-09-01,CDD,Clinique Hlm Grand Yoff De Dakar - Marie Stopes Senegal,goafricaonline.com,Santé & Bien-être,"programmation, finance, rh, logistique",Non spécifié,,
Responsable du Marketing Commercial,Dakar,2025-09-17,2025-09-01,CDD,ELITE RH,goafricaonline.com,RH & Recrutement,"marketing, vente, communication, data analyse, rh",Non spécifié,,
Stagaire Infographiste,Non spécifié,2025-09-17,2025-09-01,Stage,Agent immobilier,goafricaonline.com,BTP & Industrie,"marketing, vente, communication, gestion de projet",Non spécifié,,
Stagiaire IT,Dakar,2025-09-16,2025-09-01,Non spécifié,RESIDENCE KALIA,goafricaonline.com,BTP & Industrie,"communication, programmation, logistique, santé, gestion de projet",3,3.0,3.0
100 professeurs à Mbour pour la rentée 2025-2026,Dakar,2025-09-16,2025-09-01,Alternance,JANGALMA,goafricaonline.com,Education & Formation,finance,2,2.0,2.0
Community Manager & Créateur de Contenu,Dakar,2025-09-16,2025-09-01,CDD,Cocoon,goafricaonline.com,Santé & Bien-être,"marketing, communication, gestion de projet",Non spécifié,,
Responsable Ressources Humaines H/F,Dakar,,,CDD,GPF SARL,goafricaonline.com,"Finance, Banque & Comptabilité",rh,5,5.0,5.0
Sage-femme Rayonniste & Vendeuse,Dakar,2025-09-16,2025-09-01,CDD,PHARMACIE GAMBETTA,goafricaonline.com,Santé & Bien-être,"vente, santé",2,2.0,2.0
Regional Information Management and Technology (IMT) Officer (P),Dakar,2025-09-16,2025-09-01,CDD,Oim (Organisation Internationale Pour Les Migrations),goafricaonline.com,ONG & Humanitaire,data analyse,Non spécifié,,
Consultant en Appui a la Conception d’une Formation sur les Sige/Ressources Éducatives,Dakar,2025-09-16,2025-09-01,CDD,"Unesco (Organisation Des Nations Unies Pour L'Education, La Science Et La Culture)",goafricaonline.com,ONG & Humanitaire,"data analyse, gestion de projet",Non spécifié,,
Responsable des admissions,Dakar,2025-09-16,2025-09-01,CDD,ENKO INTERNATIONAL SCHOOL,goafricaonline.com,Education & Formation,"marketing, programmation, vente, communication, finance, data analyse, santé, gestion de projet",2,2.0,2.0
"Ingénieur Réseaux, Smart Security",Dakar,2025-09-16,2025-09-01,Stage,NEUROTECH,goafricaonline.com,Technologie & Informatique,"communication, gestion de projet",Non spécifié,,
Assistant Relationnel Publique,Dakar,2025-09-16,2025-09-01,Freelance/Stage,EVENTS,goafricaonline.com,Marketing & Communication,"marketing, vente, finance, programmation, communication, rh, logistique, gestion de projet",2-3,2.0,3.0
Stage d’adaptation Technico-commercial(e) – Non rémunéré 1 mois,Dakar,2025-09-16,2025-09-01,Stage,GRAZEINA TECHNOLOGIES,goafricaonline.com,Sécurité,"marketing, vente, communication, data analyse, rh, logistique",2,2.0,2.0
Comptable,Dakar,2025-09-16,2025-09-01,CDI,Poteaux Beton Du Senegal,goafricaonline.com,BTP & Industrie,"vente, finance, communication, rh, gestion de projet",5-10,5.0,10.0
Assistante Personnelle & Projets / Opérations,Dakar,2025-09-16,2025-09-01,Non spécifié,BODY ZEN,goafricaonline.com,Santé & Bien-être,"vente, communication, finance, logistique, gestion de projet",2,2.0,2.0
Stage Professionnel Chargé(e) de la clientèle B2B – 3 mois,Dakar,2025-09-16,2025-09-01,Stage,GRAZEINA TECHNOLOGIES,goafricaonline.com,Sécurité,"marketing, vente, communication, rh, logistique",2,2.0,2.0
Chef de Département Achats,Dakar,2025-09-16,2025-09-01,CDI,ERAMET,goafricaonline.com,BTP & Industrie,logistique,Non spécifié,,
Stagiare Hotesse Acceuil dans un Centre de Bien Être,Dakar,2025-09-16,2025-09-01,Non spécifié,REVIVE,goafricaonline.com,Santé & Bien-être,"vente, finance, programmation, logistique, gestion de projet",Non spécifié,,
Auxiliaire de Vie Scolaire (AVS),Dakar,2025-09-16,2025-09-01,Non spécifié,TUTO SN,goafricaonline.com,Education & Formation,"marketing, programmation, communication, finance, data analyse, gestion de projet",2,2.0,2.0
Télévendeur Expérimenté – Télétravail,Dakar,2025-09-16,2025-09-01,Freelance/Stage,ENECOM,goafricaonline.com,Marketing & Communication,"vente, communication",2,2.0,2.0
Facility & Sustainability Coordinator,Dakar,2025-09-12,2025-09-01,CDD,TOPWORK SENEGAL,goafricaonline.com,RH & Recrutement,gestion de projet,Non spécifié,,
Formation et Stage d’Entreprise Gratuits sur le Marketing Digital et l’Intelligence Artificielle,Dakar,2025-09-12,2025-09-01,CDD,WEBGRAM,goafricaonline.com,Technologie & Informatique,"marketing, vente, programmation, communication, data analyse, gestion de projet",5,5.0,5.0
Caissiers,Non spécifié,2025-09-12,2025-09-01,CDD,AMD CORPORATE,goafricaonline.com,Non spécifié,"finance, programmation, rh",2,2.0,2.0
Informaticien,Dakar,2025-09-12,2025-09-01,CDD,Quality center,goafricaonline.com,Marketing & Communication,"communication, gestion de projet",Non spécifié,,
Chargé de dossiers administratifs,Dakar,2025-09-12,2025-09-01,Stage,GIZ,goafricaonline.com,Administration & Services publics,"finance, logistique, gestion de projet",Non spécifié,,
Apprenti.e Serveur / Serveuse,Dakar,2025-09-12,2025-09-01,CDD/CDI,grillade de Total gazole station,goafricaonline.com,Commerce & Vente,"communication, finance, gestion de projet",2,2.0,2.0
Comptable,Dakar,2025-09-12,2025-09-01,CDD,FGDR-UMOA,goafricaonline.com,"Finance, Banque & Comptabilité","finance, data analyse, gestion de projet",4,4.0,4.0
Mécanicien Qualifié,Dakar,2025-09-12,2025-09-01,CDD,INTERNATIONAL STAFFING COMPANY,goafricaonline.com,RH & Recrutement,,Non spécifié,,
Consultant/Expert en Microbiologie,Dakar,2025-09-12,2025-09-01,CDD,FONDATION MERIEUX,goafricaonline.com,ONG & Humanitaire,"data analyse, rh",Non spécifié,,
Stagiaire comptable (h/f),Dakar,2025-09-10,2025-09-01,Non spécifié,Team Transit & Logistics,goafricaonline.com,Transport & Logistique,finance,Non spécifié,,
Sociologue,Dakar,2025-09-10,2025-09-01,CDD,MD HOLDING INTERNATIONAL,goafricaonline.com,RH & Recrutement,"rh, gestion de projet",Non spécifié,,
Chef de service paie,Dakar,2025-09-10,2025-09-01,CDI,Sns - Societe De Networking De Salaries,goafricaonline.com,RH & Recrutement,"marketing, vente, finance, communication, data analyse, programmation, rh, santé, gestion de projet",6-8,6.0,8.0
Assistant Spécial de l'Ambassadeur AO,Dakar,2025-09-10,2025-09-01,CDD,AMBASSADE DU ROYAUME-UNI,goafricaonline.com,Administration & Services publics,"communication, marketing",Non spécifié,,
Agents AGR (02),Dakar,2025-09-10,2025-09-01,CDD,ONG SOLIDARITES INTERNATIONAL,goafricaonline.com,ONG & Humanitaire,"data analyse, logistique, gestion de projet",Non spécifié,,
Demande de proposition assurance maladie,Dakar,2025-09-10,2025-09-01,CDD,Danish Refugee Council (Drc Niger),goafricaonline.com,ONG & Humanitaire,"finance, santé",Non spécifié,,
Gestionnaire de stock,Dakar,2025-09-10,2025-09-01,CDD,Leader Interim et Services,goafricaonline.com,RH & Recrutement,,2,2.0,2.0
Médiateur(trice) d’exposition,Dakar,2025-09-10,2025-09-01,CDD,INSTITUT FRANÇAIS,goafricaonline.com,Tourisme & Hôtellerie,"communication, rh, gestion de projet",2,2.0,2.0
Responsable Maneuvre à la coupe et l’assemblage de stores et rideaux,Dakar,2025-09-10,2025-09-01,CDD,AGENCE HYBRIDE,goafricaonline.com,RH & Recrutement,,Non spécifié,,
Déclarant en Douane,Dakar,,,Non spécifié,Africa Global Logistics Sénégal,goafricaonline.com,Transport & Logistique,vente,3,3.0,3.0
Consultant – Health Systems Strengthening and Primary Health Care life-course expertise,Dakar,2025-09-10,2025-09-01,CDD,PATH,goafricaonline.com,ONG & Humanitaire,"finance, data analyse, santé, gestion de projet",Non spécifié,,
Agent commercial,Non spécifié,2025-09-10,2025-09-01,Stage,Royal Voyage Group Ci,goafricaonline.com,Non spécifié,"marketing, vente, finance, communication, rh, logistique, data analyse, gestion de projet",2,2.0,2.0
30 jeunes conducteurs de motos taxi,Dakar,2025-09-08,2025-09-01,CDD,Anpej (Agence Nationale Pour La Promotion De L’Emploi Des Jeunes),goafricaonline.com,Administration & Services publics,"logistique, gestion de projet",1,1.0,1.0
Collaborateur universitaire,Dakar,2025-09-08,2025-09-01,CDD,AMBASSADE DE BELGIQUE,goafricaonline.com,Administration & Services publics,communication,Non spécifié,,
Responsable Environnement & Social (E&S),Dakar,2025-09-08,2025-09-01,CDD,RMO,goafricaonline.com,RH & Recrutement,"logistique, rh, gestion de projet",3-5,3.0,5.0
Africa Regional Manager,Dakar,2025-09-08,2025-09-01,Non spécifié,Idc - Tp (Internationale De Construction Et De Travaux Publics),goafricaonline.com,BTP & Industrie,"vente, communication, data analyse, marketing, santé, gestion de projet",2,2.0,2.0
Vendeuse Nems et Fataya,Dakar,2025-09-08,2025-09-01,CDD/CDI,SECK BUSINESS,goafricaonline.com,Commerce & Vente,"marketing, vente, programmation, communication, data analyse, logistique, gestion de projet",2,2.0,2.0
Auditeur interne,Dakar,2025-09-08,2025-09-01,CDD,Cetud (Conseil Excecutif Des Transports Urbains De Dakar),goafricaonline.com,Transport & Logistique,logistique,10,10.0,10.0
Responsable Régulation,Dakar,2025-09-08,2025-09-01,CDD,SONAGED,goafricaonline.com,ONG & Humanitaire,,7,7.0,7.0
Graduate Trainee,Dakar,2025-09-08,2025-09-01,Non spécifié,Wartsila West Africa Sa,goafricaonline.com,BTP & Industrie,,2,2.0,2.0
Testeur Fonctionnel IPTV / STB (H/F),Dakar,2025-09-08,2025-09-01,Stage,GALIMATECH,goafricaonline.com,Technologie & Informatique,,2,2.0,2.0
Directeur de l’Espace Campus France au Sénégal,Dakar,2025-09-08,2025-09-01,CDD,INSTITUT FRANÇAIS,goafricaonline.com,Tourisme & Hôtellerie,"communication, rh, gestion de projet",2,2.0,2.0
2 stagiaires e-commerce,Dakar,2025-09-08,2025-09-01,CDD,DECATHLON SENEGAL,goafricaonline.com,Commerce & Vente,"vente, marketing, communication, gestion de projet",2,2.0,2.0
Chargé(e) de la conformité Contenu local,Dakar,2025-09-08,2025-09-01,CDD,TOPWORK SENEGAL,goafricaonline.com,RH & Recrutement,"data analyse, gestion de projet",Non spécifié,,
Conseiller.ère en Résilience,Dakar,2025-09-08,2025-09-01,Stage,GIZ,goafricaonline.com,Administration & Services publics,finance,Non spécifié,,
Ingénieur Contrôle de Qualité,Dakar,2025-09-08,2025-09-01,CDD,TOPWORK SENEGAL,goafricaonline.com,RH & Recrutement,"data analyse, gestion de projet",2-5,2.0,5.0
Chef de mission – réseaux de transports,Dakar,2025-09-08,2025-09-01,CDD,GPC Sénégal,goafricaonline.com,"Finance, Banque & Comptabilité","finance, rh, logistique, gestion de projet",10,10.0,10.0
Gender Expert,Dakar,2025-09-08,2025-09-01,CDD,Food And Agriculture Organization Of The United Nations-Fao,goafricaonline.com,ONG & Humanitaire,"data analyse, gestion de projet",Non spécifié,,
Chargé(e) de Documentation en Douane,Dakar,2025-09-04,2025-09-01,CDD,SUNDA INTERNATIONAL,goafricaonline.com,BTP & Industrie,"logistique, data analyse",Non spécifié,,
Hôtesse d’accueil,Dakar,2025-09-04,2025-09-01,CDD,INTERNATIONAL STAFFING COMPANY,goafricaonline.com,RH & Recrutement,communication,Non spécifié,,
Responsable Marketing,Dakar,2025-09-04,2025-09-01,CDD,SONAGED,goafricaonline.com,ONG & Humanitaire,"marketing, communication, vente",7,7.0,7.0
Assistant Qualité COPC,Dakar,2025-09-04,2025-09-01,CDD,AFRIC MANAGEMENT,goafricaonline.com,RH & Recrutement,"marketing, vente, finance, communication, data analyse, programmation, rh, santé, gestion de projet",3,3.0,3.0
LOG Manager,Dakar,2025-09-04,2025-09-01,CDD/CDI/Stage,MSF ENGENHARIA SA,goafricaonline.com,BTP & Industrie,"communication, programmation, data analyse, rh, santé, logistique, gestion de projet",7,7.0,7.0
Spécialiste en gestion administrative et financière WACA-BAR,Dakar,2025-09-04,2025-09-01,CDD,Iucn (Union Mondiale Pour La Conservation De La Nature),goafricaonline.com,ONG & Humanitaire,"finance, logistique, gestion de projet",Non spécifié,,
Spécialiste en Suivi-Evaluation de WACA ReSIP,Dakar,2025-09-04,2025-09-01,CDD,Iucn (Union Mondiale Pour La Conservation De La Nature),goafricaonline.com,ONG & Humanitaire,"data analyse, gestion de projet",Non spécifié,,
Spécialiste en passation de marchés WACA-BAR,Dakar,2025-09-04,2025-09-01,CDD,Iucn (Union Mondiale Pour La Conservation De La Nature),goafricaonline.com,ONG & Humanitaire,"gestion de projet, finance",Non spécifié,,
Assistant(e) de direction (H/F),Dakar,2025-09-04,2025-09-01,CDD,BCEAO Siège,goafricaonline.com,"Finance, Banque & Comptabilité",,2,2.0,2.0
Area Sales Manager,Dakar,2025-09-04,2025-09-01,CDD,INTERNATIONAL STAFFING COMPANY,goafricaonline.com,RH & Recrutement,"vente, communication",Non spécifié,,
02 Surveillants des Systèmes de Paiement – Agence,Dakar,2025-09-04,2025-09-01,CDD,BCEAO Siège,goafricaonline.com,"Finance, Banque & Comptabilité",finance,Non spécifié,,
Coordonnateur Régional de Terrain (02 Postes),Thiès,2025-09-03,2025-09-01,CDD,SAMA MBEY,goafricaonline.com,ONG & Humanitaire,"vente, data analyse, programmation",5,5.0,5.0
Commercial / Business Developer,Dakar,2025-09-03,2025-09-01,CDD,WEBTEL,goafricaonline.com,Marketing & Communication,"vente, programmation",Non spécifié,,
AVP Chef de Brigade Sécurité incendie,Dakar,2025-09-03,2025-09-01,Non spécifié,Compagnie Sucriere Senegalaise - Css,goafricaonline.com,BTP & Industrie,"marketing, vente, programmation, communication, rh, santé, gestion de projet",2-3,2.0,3.0
Stagiaire BIA Académie Admin,Dakar,2025-09-03,2025-09-01,CDD,BIA DAKAR,goafricaonline.com,BTP & Industrie,"vente, finance, communication, data analyse, programmation, rh, logistique, gestion de projet",2,2.0,2.0
Apprenti Serveur,Louga,2025-09-03,2025-09-01,CDD/CDI,grillade de Total gazole station,goafricaonline.com,Commerce & Vente,,Non spécifié,,
Apprenti Comis Cuisinier,Dakar,2025-09-03,2025-09-01,CDD/CDI,grillade de Total gazole station,goafricaonline.com,Commerce & Vente,,Non spécifié,,
Data Engineer Expérimenté (H/F),Dakar,2025-09-03,2025-09-01,Stage,GALIMATECH,goafricaonline.com,Technologie & Informatique,communication,3-7,3.0,7.0
Senior : Ingénieur Logiciel Full Stack (Java 17 / Angular),Dakar,2025-09-03,2025-09-01,Stage,GALIMATECH,goafricaonline.com,Technologie & Informatique,"programmation, gestion de projet",Non spécifié,,
Representant commercial,Non spécifié,2025-09-02,2025-09-01,Freelance,Commerçant,goafricaonline.com,Juridique & Conseil,,Non spécifié,,
Assistant suivi projet soins spécialisés,Dakar,2025-09-01,2025-09-01,CDD,Terre Des Hommes Lausanne,goafricaonline.com,ONG & Humanitaire,santé,10,10.0,10.0
Coordinateur/rice technique des programmes développement local et cohésion sociale,Dakar,2025-09-01,2025-09-01,CDD,Grdr (Groupe De Recherche Et De Realisations Pour Le Developpement Rural),goafricaonline.com,ONG & Humanitaire,"communication, data analyse, programmation",Non spécifié,,
Comptable trésorerie,Dakar,2025-09-01,2025-09-01,CDD,GLOBAL BUSINESS GROUP - GBG,goafricaonline.com,"Finance, Banque & Comptabilité",finance,1-2,1.0,2.0
Deux (02) attaché(e)s d’administration universitaire,Dakar,2025-09-01,2025-09-01,CDD,Ucad (Universite Cheikh Anta Diop),goafricaonline.com,Education & Formation,"marketing, programmation, vente, communication, finance, santé, gestion de projet",2,2.0,2.0
Responsable Marketing et Commercial(e),Dakar,2025-09-01,2025-09-01,CDD,ELITE RH,goafricaonline.com,RH & Recrutement,"vente, marketing, data analyse",5,5.0,5.0
Direct Marketing Associate,Dakar,2025-09-01,2025-09-01,CDD,RELIANCE HEATH,goafricaonline.com,Transport & Logistique,"marketing, communication, santé, logistique",Non spécifié,,
Stagiaire Business Development,Dakar,2025-09-01,2025-09-01,CDD,OXFAM AMERICA,goafricaonline.com,Transport & Logistique,"finance, data analyse, rh, gestion de projet",Non spécifié,,
Magasinier(ère) (H/F),Dakar,2025-09-01,2025-09-01,CDD,RMO,goafricaonline.com,RH & Recrutement,rh,Non spécifié,,
Gender Expert,Dakar,2025-09-01,2025-09-01,CDD,Organisation Des Nations Unies Pour L'Alimentation Et L'Agriculture - Fao,goafricaonline.com,ONG & Humanitaire,"data analyse, gestion de projet",Non spécifié,,
Environmental and social safeguards Expert,Dakar,2025-09-01,2025-09-01,CDD,Organisation Des Nations Unies Pour L'Alimentation Et L'Agriculture - Fao,goafricaonline.com,ONG & Humanitaire,"programmation, communication, gestion de projet",Non spécifié,,
Strategic Plan Evaluation for Eye Health Senegal Consultancy,Dakar,2025-09-01,2025-09-01,CDD,SIGHTSAVERS INTERNATIONAL,goafricaonline.com,ONG & Humanitaire,"finance, data analyse, rh, santé",Non spécifié,,
(02) Attaché(e)s d’Administration Universitaire,Dakar,2025-09-01,2025-09-01,CDD,Centre De Calcul Informatique Ucad,goafricaonline.com,Education & Formation,"marketing, programmation, vente, communication, finance, santé, gestion de projet",2,2.0,2.0
Magasinier Bilingue,Dakar,2025-09-01,2025-09-01,CDD,RMO,goafricaonline.com,RH & Recrutement,rh,Non spécifié,,
Surveillants des systemes de paiement – agence,Dakar,2025-09-01,2025-09-01,CDD,BCEAO Siège,goafricaonline.com,"Finance, Banque & Comptabilité",finance,Non spécifié,,
Assistant de direction,Dakar,2025-09-01,2025-09-01,CDD,BCEAO Siège,goafricaonline.com,"Finance, Banque & Comptabilité",,2,2.0,2.0
Charge etude et developpement informatique (1),Dakar,2025-09-01,2025-09-01,Non spécifié,Compagnie Sucriere Senegalaise - Css,goafricaonline.com,BTP & Industrie,"marketing, vente, programmation, communication, data analyse, rh, santé, gestion de projet",2-3,2.0,3.0
Expert en mesures de protection environnementale et sociale,Dakar,2025-09-01,2025-09-01,CDD,Organisation Des Nations Unies Pour L'Alimentation Et L'Agriculture - Fao,goafricaonline.com,ONG & Humanitaire,"communication, gestion de projet",Non spécifié,,
Expert en genre - projets gcf/gef (1),Dakar,2025-09-01,2025-09-01,CDD,Organisation Des Nations Unies Pour L'Alimentation Et L'Agriculture - Fao,goafricaonline.com,ONG & Humanitaire,"communication, data analyse, gestion de projet",Non spécifié,,
Specialiste associe en politique educative (1),Dakar,2025-09-01,2025-09-01,CDD,"Unesco (Organisation Des Nations Unies Pour L'Education, La Science Et La Culture)",goafricaonline.com,ONG & Humanitaire,"communication, gestion de projet",2,2.0,2.0
Gestionnaire de bases de donnees,Dakar,2025-09-01,2025-09-01,CDI,Agence Nationale De La Statistique Et De La Demographie - Ansd,goafricaonline.com,Administration & Services publics,"marketing, programmation, communication, finance, data analyse, rh, santé, gestion de projet",3,3.0,3.0
Developpeurs informaticiens front-end,Dakar,2025-09-01,2025-09-01,CDI,Agence Nationale De La Statistique Et De La Demographie - Ansd,goafricaonline.com,Administration & Services publics,"marketing, programmation, communication, finance, data analyse, rh, santé, gestion de projet",5,5.0,5.0
Statisticien data-scientist,Dakar,2025-09-01,2025-09-01,CDI,Agence Nationale De La Statistique Et De La Demographie - Ansd,goafricaonline.com,Administration & Services publics,"marketing, visualisation de données, programmation, communication, finance, data analyse, rh, santé, gestion de projet",5,5.0,5.0
Animateur & administrateur de portail commercial,Dakar,2025-09-01,2025-09-01,CDD,GLOBAL BUSINESS GROUP - GBG,goafricaonline.com,"Finance, Banque & Comptabilité","vente, communication",Non spécifié,,
Busines Developer,Dakar,2025-09-01,2025-09-01,CDD,MANDARINE,goafricaonline.com,Marketing & Communication,"vente, marketing, communication",2-5,2.0,5.0
Stagiaire IT,Dakar,2025-09-01,2025-09-01,CDD,Pnud (Programme Des Nations Unies Pour Le Developpement),goafricaonline.com,ONG & Humanitaire,"programmation, data analyse",Non spécifié,,
Agent front office wholesale,Dakar,2025-09-01,2025-09-01,CDD,GLOBAL BUSINESS GROUP - GBG,goafricaonline.com,"Finance, Banque & Comptabilité",communication,Non spécifié,,
Développeur web,Dakar,2025-09-01,2025-09-01,CDD,GLOBAL BUSINESS GROUP - GBG,goafricaonline.com,"Finance, Banque & Comptabilité","programmation, gestion de projet",Non spécifié,,
Standardiste chargé(e) de la clientèle,Dakar,2025-09-01,2025-09-01,CDD,GRAZEINA TECHNOLOGIES,goafricaonline.com,Technologie & Informatique,"communication, vente",3,3.0,3.0
Responsable des Ressources Humaines,Dakar,,,CDD,MARIE STOPES INTERNATIONALE,goafricaonline.com,Santé & Bien-être,"rh, santé",Non spécifié,,
Télévendeur,Dakar,2025-08-26,2025-08-01,CDD,Quality center,goafricaonline.com,Marketing & Communication,"communication, gestion de projet",Non spécifié,,
02 Techniciens Informatiques,Dakar,2025-08-26,2025-08-01,CDD,Senelec (Societe Nationale D'Electricite),goafricaonline.com,BTP & Industrie,logistique,Non spécifié,,
Technico-Commercial(e) Secteur : BTP,Dakar,2025-08-26,2025-08-01,CDI,BATICHIMIE,goafricaonline.com,BTP & Industrie,"vente, communication, rh, gestion de projet",2-3,2.0,3.0
Commercial(e) Secteur : BTP,Dakar,2025-08-26,2025-08-01,CDD,BATICHIMIE-BOVAL,goafricaonline.com,BTP & Industrie,vente,2,2.0,2.0
Assistant de direction,Dakar,2025-08-26,2025-08-01,CDD,SERVTEC Sénégal,goafricaonline.com,RH & Recrutement,"marketing, vente, finance, communication, data analyse, programmation, rh, santé, logistique, gestion de projet",3,3.0,3.0
Agent Commerciale,Dakar,2025-08-26,2025-08-01,Stage,HOLLY TRANS LIMITED,goafricaonline.com,Transport & Logistique,"marketing, vente, finance, communication, programmation, logistique",1-2,1.0,2.0
Administrateur junior VF,Dakar,2025-08-26,2025-08-01,CDD,IPSIA,goafricaonline.com,ONG & Humanitaire,"finance, communication, rh, logistique",3,3.0,3.0
Gestionnaire de projet,Dakar,2025-08-26,2025-08-01,CDD,IPSIA,goafricaonline.com,ONG & Humanitaire,"communication, data analyse, gestion de projet",Non spécifié,,
Socioeconomistes,Dakar,2025-08-26,2025-08-01,CDD,IPSIA,goafricaonline.com,ONG & Humanitaire,"communication, gestion de projet",3,3.0,3.0
Chauffeur – man,Dakar,2025-08-26,2025-08-01,CDD,IPSIA,goafricaonline.com,ONG & Humanitaire,"communication, logistique",3,3.0,3.0
Commercial(e) terrain expérimenté(e),Dakar,2025-08-26,2025-08-01,CDD,OLAM SENEGAL,goafricaonline.com,Agriculture & Agroalimentaire,"marketing, vente, finance, communication, data analyse, programmation, rh, santé, gestion de projet",5,5.0,5.0
Nous sommes à la recherche de commerciaux terrain,Non spécifié,2025-08-25,2025-08-01,CDD/CDI/Stage/Alternance,Conseiller,goafricaonline.com,Non spécifié,"communication, vente",Non spécifié,,
Chef projet,Non spécifié,2025-08-25,2025-08-01,CDI,Consultant,goafricaonline.com,Non spécifié,"marketing, programmation, communication, finance, data analyse, rh, santé, gestion de projet",3,3.0,3.0
"Chef de Projet, Marketing & Stratégie Commerciale",Dakar,2025-08-23,2025-08-01,CDD,PROFIL SENEGAL,goafricaonline.com,RH & Recrutement,"marketing, vente, communication, finance, gestion de projet",3-5,3.0,5.0
Electrotechnicien(ne) SAV,Dakar,2025-08-23,2025-08-01,CDD,Comptoir Commercial Bara Mboup - Ccbm,goafricaonline.com,Commerce & Vente,"finance, vente, rh, gestion de projet",5-10,5.0,10.0
Chargé Étude et Développement Informatique,Dakar,2025-08-23,2025-08-01,Non spécifié,Compagnie Sucriere Senegalaise - Css,goafricaonline.com,BTP & Industrie,"marketing, vente, programmation, communication, data analyse, rh, santé, gestion de projet",2-3,2.0,3.0
Commerciaux (H/F) – Promotion de projets de construction,Dakar,2025-08-23,2025-08-01,CDD,KATOS CONSULTING,goafricaonline.com,BTP & Industrie,"marketing, vente, communication, programmation, gestion de projet",2,2.0,2.0
STAGE Développeur full stack/Mobile,Dakar,2025-08-23,2025-08-01,CDD,Electronic Services,goafricaonline.com,Marketing & Communication,"vente, communication, data analyse, programmation, gestion de projet",Non spécifié,,
18 Agents Formateurs VE,Dakar,2025-08-23,2025-08-01,CDD,SAMA MBEY,goafricaonline.com,ONG & Humanitaire,"data analyse, communication",Non spécifié,,
Coordinateur de terrain,Dakar,2025-08-23,2025-08-01,CDD,SAMA MBEY,goafricaonline.com,ONG & Humanitaire,"data analyse, communication",Non spécifié,,
Comptable Projets de la zone Sud,Dakar,2025-08-23,2025-08-01,CDD,PLAN INTERNATIONAL SENEGAL,goafricaonline.com,ONG & Humanitaire,"finance, gestion de projet",3,3.0,3.0
iOS Engineer,Dakar,2025-08-22,2025-08-01,CDD,WAVE,goafricaonline.com,"Finance, Banque & Comptabilité","finance, santé, programmation",5,5.0,5.0
Datacenter Engineer,Dakar,2025-08-22,2025-08-01,CDD,WAVE,goafricaonline.com,"Finance, Banque & Comptabilité","communication, finance, logistique, gestion de projet",Non spécifié,,
Software Engineer,Dakar,2025-08-22,2025-08-01,CDD,WAVE,goafricaonline.com,"Finance, Banque & Comptabilité","logistique, gestion de projet",Non spécifié,,
Android Engineer,Dakar,2025-08-22,2025-08-01,CDD,WAVE,goafricaonline.com,"Finance, Banque & Comptabilité",,Non spécifié,,
Senior Product Engineer,Dakar,2025-08-22,2025-08-01,CDD,WAVE,goafricaonline.com,"Finance, Banque & Comptabilité","data analyse, communication, gestion de projet",Non spécifié,,
Human Resources Partner Specialist,Dakar,2025-08-22,2025-08-01,Non spécifié,CMA CGM SENEGAL,goafricaonline.com,Transport & Logistique,"logistique, rh",Non spécifié,,
Prothésiste Ongulaire Expérimentée,Dakar,2025-08-22,2025-08-01,CDD,AGENCE HYBRIDE,goafricaonline.com,RH & Recrutement,"marketing, vente, finance, communication, data analyse, programmation, rh, santé, gestion de projet",3,3.0,3.0
Conseiller en Développement Commercial et Renforcement des Capacités – WEECAP Cashew Program (Senegal),Dakar,2025-08-22,2025-08-01,CDD,Winrock International - Wi,goafricaonline.com,ONG & Humanitaire,"finance, vente",Non spécifié,,
Spécialiste des Liens de la Chaîne d’Approvisionnement – WEECAP Cashew Program (Senegal),Dakar,2025-08-22,2025-08-01,CDD,Winrock International - Wi,goafricaonline.com,ONG & Humanitaire,vente,Non spécifié,,
Assistant Ressources Humaines,Dakar,,,CDI,ERAMET,goafricaonline.com,BTP & Industrie,"rh, santé",Non spécifié,,
Gérant / Directeur des Opérations,Dakar,2025-08-22,2025-08-01,CDD,GPF SARL,goafricaonline.com,"Finance, Banque & Comptabilité","rh, finance",10,10.0,10.0
LOG Manager,Dakar,2025-08-22,2025-08-01,Non spécifié,MSF SARL SENEGAL,goafricaonline.com,Santé & Bien-être,"communication, finance, data analyse, rh, santé, logistique, gestion de projet",7,7.0,7.0
Expert en Suivi et Evaluation,Dakar,2025-08-22,2025-08-01,CDD,PAENS,goafricaonline.com,ONG & Humanitaire,"data analyse, santé, gestion de projet",Non spécifié,,
Chef(fe) d’Agence,Dakar,2025-08-22,2025-08-01,CDD,INTERNATIONAL STAFFING COMPANY,goafricaonline.com,RH & Recrutement,vente,Non spécifié,,
Coordonnateur de projet,Dakar,2025-08-22,2025-08-01,CDD,Cetud (Conseil Excecutif Des Transports Urbains De Dakar),goafricaonline.com,Transport & Logistique,gestion de projet,Non spécifié,,
Directeur de projet (chief of party),Dakar,2025-08-21,2025-08-01,CDD,Save The Children Usa,goafricaonline.com,ONG & Humanitaire,"communication, finance, rh, logistique, gestion de projet",10,10.0,10.0
Personne ressource en information et orientation,Dakar,2025-08-21,2025-08-01,CDD,Lycee Français Jean Mermoz - Ljm,goafricaonline.com,Education & Formation,"communication, data analyse",Non spécifié,,
Professeur de ses et gestion,Dakar,2025-08-21,2025-08-01,CDD,Lycee Français Jean Mermoz - Ljm,goafricaonline.com,Education & Formation,,Non spécifié,,
Stagiaire assistant charge de programme sante (1),Dakar,2025-08-21,2025-08-01,CDD,VILLAGE PILOTE,goafricaonline.com,ONG & Humanitaire,"communication, data analyse, santé, gestion de projet",Non spécifié,,
Programme ndortel de la cbao revient pour une 4e edition,Dakar,2025-08-21,2025-08-01,CDD,Compagnie Bancaire De L'Afrique Occidentale-Cbao,goafricaonline.com,"Finance, Banque & Comptabilité","finance, gestion de projet",Non spécifié,,
Specialiste du programme de statistiques de genre,Dakar,2025-08-21,2025-08-01,CDD,ONU-FEMMES,goafricaonline.com,ONG & Humanitaire,"communication, data analyse",Non spécifié,,
Coordonnateur de programme – tambacounda / kedougou (2),Dakar,2025-08-21,2025-08-01,CDD,Unfpa (Fonds Des Nations Unies Pour La Population),goafricaonline.com,ONG & Humanitaire,"communication, santé, rh",Non spécifié,,
Coordonnateur du programme – kolda / ziguinchor / sedhiou (3),Dakar,2025-08-21,2025-08-01,CDD,Unfpa (Fonds Des Nations Unies Pour La Population),goafricaonline.com,ONG & Humanitaire,"communication, santé, rh",Non spécifié,,
Coordonnateur du programme national (1),Dakar,2025-08-21,2025-08-01,CDD,Unfpa (Fonds Des Nations Unies Pour La Population),goafricaonline.com,ONG & Humanitaire,"communication, rh",Non spécifié,,
Coordonnateur sous-regional du cvac,Dakar,2025-08-21,2025-08-01,CDD,OIM,goafricaonline.com,ONG & Humanitaire,"rh, gestion de projet",Non spécifié,,
Supply chain officer,Dakar,2025-08-21,2025-08-01,CDD,OIM,goafricaonline.com,ONG & Humanitaire,logistique,Non spécifié,,
Directeur des ressources humaines et de la culture (,Dakar,,,CDD,WORLD VISION SENEGAL,goafricaonline.com,ONG & Humanitaire,"communication, rh",8,8.0,8.0
"Gestionnaire principal, conseils aux petites entreprises",Dakar,2025-08-21,2025-08-01,CDD,EBRD,goafricaonline.com,"Finance, Banque & Comptabilité","finance, communication, gestion de projet",7,7.0,7.0
Stagiaire en protection,Dakar,2025-08-21,2025-08-01,CDD,Unhcr (Haut Commissariat Des Nations Unies Pour Les Refugies),goafricaonline.com,ONG & Humanitaire,data analyse,Non spécifié,,
"Coordinateur finance, suivi et rapport financier",Dakar,2025-08-21,2025-08-01,CDD,SAVE THE CHILDREN,goafricaonline.com,ONG & Humanitaire,"finance, communication, gestion de projet",5,5.0,5.0
(07) chargé(e)s de relations auprès des entreprises,Dakar,2025-08-21,2025-08-01,CDI,Agence Nationale De La Statistique Et De La Demographie - Ansd,goafricaonline.com,Administration & Services publics,"marketing, programmation, communication, finance, data analyse, rh, santé, gestion de projet",2,2.0,2.0
Business Developer,Dakar,2025-08-21,2025-08-01,CDD,Groupe Icare International Sarl,goafricaonline.com,Administration & Services publics,"marketing, vente, communication, programmation, finance, data analyse, santé, gestion de projet",5,5.0,5.0
Coordinateur representant,Dakar,2025-08-21,2025-08-01,CDD,CEAS,goafricaonline.com,ONG & Humanitaire,"finance, communication, gestion de projet",5,5.0,5.0
Country finance specialist intern (1),Dakar,2025-08-21,2025-08-01,Non spécifié,MAERSK SENEGAL,goafricaonline.com,Transport & Logistique,"finance, vente, communication, data analyse, logistique, santé",2,2.0,2.0
Commercial showroom,Dakar,2025-08-21,2025-08-01,CDD,Comptoir Commercial Bara Mboup - Ccbm,goafricaonline.com,Transport & Logistique,vente,Non spécifié,,
Ingénieur Electromécanicien,Dakar,2025-08-21,2025-08-01,CDD,GPF SARL,goafricaonline.com,"Finance, Banque & Comptabilité","communication, gestion de projet",3-5,3.0,5.0
Responsable Système Management Qualité,Dakar,2025-08-21,2025-08-01,CDD,GPF SARL,goafricaonline.com,"Finance, Banque & Comptabilité",,5,5.0,5.0
Superviseur commercial,Dakar,2025-08-21,2025-08-01,CDD,SERVTEC Sénégal,goafricaonline.com,RH & Recrutement,"marketing, vente, finance, communication, data analyse, programmation, rh, santé, gestion de projet",3,3.0,3.0
Driver Operation Officer,Dakar,2025-08-21,2025-08-01,CDD,HEETCH,goafricaonline.com,Transport & Logistique,"marketing, vente, communication, data analyse, logistique, gestion de projet",Non spécifié,,
Chef de Projet Sénior,Dakar,2025-08-21,2025-08-01,Stage,GALIMATECH,goafricaonline.com,Technologie & Informatique,"communication, gestion de projet",7,7.0,7.0
WND Supervisor,Dakar,2025-08-21,2025-08-01,Non spécifié,MAERSK SENEGAL,goafricaonline.com,Transport & Logistique,"finance, vente, communication, data analyse, logistique, santé",2,2.0,2.0
Superviseur QHSE,Dakar,2025-08-21,2025-08-01,CDI,La Laiterie Du Berger,goafricaonline.com,Agriculture & Agroalimentaire,"santé, logistique",Non spécifié,,
Statisticien Datascientist,Dakar,2025-08-21,2025-08-01,CDD,Agence Nationale De La Statistique Et De La Demographie - Ansd,goafricaonline.com,Administration & Services publics,"gestion de projet, finance",Non spécifié,,
Gestionnaire de Base de Données,Dakar,2025-08-21,2025-08-01,CDD,Agence Nationale De La Statistique Et De La Demographie - Ansd,goafricaonline.com,Administration & Services publics,"gestion de projet, finance",Non spécifié,,
Développeur Webmapping,Dakar,2025-08-21,2025-08-01,CDD,Agence Nationale De La Statistique Et De La Demographie - Ansd,goafricaonline.com,Administration & Services publics,finance,Non spécifié,,
(02) Développeurs Informaticiens Front End,Dakar,2025-08-21,2025-08-01,CDD,Agence Nationale De La Statistique Et De La Demographie - Ansd,goafricaonline.com,Administration & Services publics,,Non spécifié,,
Développeur Informaticien mobile,Dakar,2025-08-21,2025-08-01,CDD,Agence Nationale De La Statistique Et De La Demographie - Ansd,goafricaonline.com,Administration & Services publics,"gestion de projet, finance",Non spécifié,,
(02) Développeurs Informaticiens Back End,Dakar,2025-08-21,2025-08-01,CDD,Agence Nationale De La Statistique Et De La Demographie - Ansd,goafricaonline.com,Administration & Services publics,,Non spécifié,,
Développeur Front-End Sénior Vue.js,Dakar,2025-08-21,2025-08-01,Stage,GALIMATECH,goafricaonline.com,Technologie & Informatique,"programmation, communication",7,7.0,7.0
Secrétaire Chargé de Relation-Client,Dakar,2025-08-20,2025-08-01,CDD,Groupe Icare International Sarl,goafricaonline.com,Administration & Services publics,"communication, santé",Non spécifié,,
Livreur moto,Dakar,2025-08-20,2025-08-01,CDD,EAZY-VISA,goafricaonline.com,Education & Formation,finance,Non spécifié,,
Techniciens de surface,Non spécifié,2025-08-20,2025-08-01,CDD,REGARD GLOBAL SERVICES,goafricaonline.com,Non spécifié,,Non spécifié,,
MEL Manager,Dakar,2025-08-20,2025-08-01,CDD,PATH,goafricaonline.com,ONG & Humanitaire,"visualisation de données, communication, data analyse, santé, gestion de projet",8,8.0,8.0
Enseignants préscolaire,Dakar,2025-08-19,2025-08-01,CDD/CDI,Eden Academy,goafricaonline.com,Education & Formation,,3,3.0,3.0
Chargé(e) de programme migration,Dakar,2025-08-19,2025-08-01,CDD,AMBASSADE DE SUISSE,goafricaonline.com,Administration & Services publics,"gestion de projet, programmation",5,5.0,5.0
Enseignants élémentaire,Dakar,2025-08-19,2025-08-01,CDD/CDI,Eden Academy,goafricaonline.com,Education & Formation,,3,3.0,3.0
Desk Officer for Least Developed Countries,Dakar,2025-08-19,2025-08-01,CDD,UNOPS,goafricaonline.com,ONG & Humanitaire,"data analyse, communication",Non spécifié,,
Gestionnaire de Comptes Clients,Dakar,2025-08-19,2025-08-01,CDD,RMO,goafricaonline.com,RH & Recrutement,finance,5,5.0,5.0
Personne Ressource en Information et Orientation,Dakar,2025-08-19,2025-08-01,CDD,Lfjm (Lycee Français Jean Mermoz),goafricaonline.com,Education & Formation,gestion de projet,Non spécifié,,
Médiathécaire,Dakar,2025-08-19,2025-08-01,CDD,INSTITUT FRANÇAIS,goafricaonline.com,Tourisme & Hôtellerie,"communication, rh, gestion de projet",2,2.0,2.0
Spécialiste de la coordination des rapports de programme,Dakar,2025-08-19,2025-08-01,Non spécifié,IFAD Institut ( Institut de Formation Africain pour le Développement ),goafricaonline.com,Santé & Bien-être,"vente, programmation, finance, logistique, gestion de projet",Non spécifié,,
Technicien automobile – Spécialiste véhicules au Gaz,Dakar,2025-08-19,2025-08-01,CDD,Comptoir Commercial Bara Mboup - Ccbm,goafricaonline.com,Transport & Logistique,vente,Non spécifié,,
Stagiaire Académique Infographe Hybride,Dakar,2025-08-19,2025-08-01,CDD,DACCORD SITUATION,goafricaonline.com,Marketing & Communication,"marketing, communication",Non spécifié,,
Aide ménagère,Dakar,2025-08-19,2025-08-01,CDD,Salon Mme Ndiaye,goafricaonline.com,Santé & Bien-être,,Non spécifié,,
Head of Sales Corporate Risk and Broking – H&B,Dakar,2025-08-15,2025-08-01,CDD,Willis Towers Watson Senegal,goafricaonline.com,"Finance, Banque & Comptabilité","marketing, vente, communication, programmation, finance, data analyse, santé, logistique, gestion de projet",10,10.0,10.0
Reefer Technician,Dakar,2025-08-15,2025-08-01,Non spécifié,MAERSK SENEGAL,goafricaonline.com,Transport & Logistique,"finance, vente, communication, data analyse, logistique, santé",2,2.0,2.0
Responsable de Rayon Fitness,Dakar,2025-08-15,2025-08-01,CDD,DECATHLON SENEGAL,goafricaonline.com,Commerce & Vente,"marketing, vente, programmation, communication, gestion de projet",2,2.0,2.0
Répétiteurs,Dakar,2025-08-15,2025-08-01,Alternance,JANGALMA,goafricaonline.com,Education & Formation,,5,5.0,5.0
Responsable de l'assurance mondiale,Dakar,2025-08-15,2025-08-01,Non spécifié,BOUM MARKET,goafricaonline.com,BTP & Industrie,"vente, communication, gestion de projet",2-3,2.0,3.0
Assistant,Dakar,2025-08-15,2025-08-01,CDD,EBRD,goafricaonline.com,"Finance, Banque & Comptabilité","vente, communication, gestion de projet",Non spécifié,,
Chauffeur,Dakar,2025-08-15,2025-08-01,CDD,EBRD,goafricaonline.com,"Finance, Banque & Comptabilité","logistique, communication",Non spécifié,,
Protection Intern (Community-Based Protection Intern),Dakar,2025-08-15,2025-08-01,CDD,Unhcr (Haut Commissariat Des Nations Unies Pour Les Refugies),goafricaonline.com,ONG & Humanitaire,"communication, data analyse",Non spécifié,,
Technicien Infrastructure IT,Dakar,2025-08-15,2025-08-01,CDI,La Laiterie Du Berger,goafricaonline.com,Agriculture & Agroalimentaire,"communication, gestion de projet",3-5,3.0,5.0
Assistante Administrative,Dakar,2025-08-15,2025-08-01,CDD,AFRI RH,goafricaonline.com,RH & Recrutement,"marketing, vente, finance, communication, data analyse, programmation, rh, santé, gestion de projet",3,3.0,3.0
Commercial Terrain (H/F),Dakar,2025-08-15,2025-08-01,CDD,DTS ASSURANCES,goafricaonline.com,"Finance, Banque & Comptabilité","marketing, vente, communication, programmation, finance, data analyse, santé, logistique, gestion de projet",2,2.0,2.0
Chauffeur pour particulier,Dakar,2025-08-15,2025-08-01,CDD,Cabinet Rh Conseils Group,goafricaonline.com,"Finance, Banque & Comptabilité","rh, finance",Non spécifié,,
Gestionnaire de stocks,Non spécifié,2025-08-13,2025-08-01,CDI,Ingénieur de mise en service,goafricaonline.com,Non spécifié,"vente, programmation, logistique, gestion de projet",5,5.0,5.0
Regional Programme Coordinator,Dakar,2025-08-11,2025-08-01,CDD,Iucn (Union Mondiale Pour La Conservation De La Nature),goafricaonline.com,ONG & Humanitaire,"finance, gestion de projet",Non spécifié,,
Comptable,Dakar,2025-08-11,2025-08-01,CDD,INTERNATIONAL STAFFING COMPANY,goafricaonline.com,RH & Recrutement,finance,Non spécifié,,
Deux (02) éducatrices préscolaire,Dakar,2025-08-11,2025-08-01,CDD,Anpej (Agence Nationale Pour La Promotion De L’Emploi Des Jeunes),goafricaonline.com,Administration & Services publics,,Non spécifié,,
Country Manager Niger H/F,Dakar,2025-08-11,2025-08-01,CDI,La Laiterie Du Berger,goafricaonline.com,Agriculture & Agroalimentaire,"gestion de projet, vente",10,10.0,10.0
Regional Humanitarian and Emergency Affairs (HEA) Director,Dakar,2025-08-11,2025-08-01,CDD,WORLD VISION SENEGAL,goafricaonline.com,ONG & Humanitaire,"communication, rh",Non spécifié,,
Responsable pédagogique,Dakar,2025-08-11,2025-08-01,CDD,INTERNATIONAL STAFFING COMPANY,goafricaonline.com,RH & Recrutement,gestion de projet,Non spécifié,,
Business Development Manager,Dakar,2025-08-11,2025-08-01,Non spécifié,SENEGINDIA,goafricaonline.com,BTP & Industrie,"vente, communication, programmation, logistique, santé, gestion de projet",3,3.0,3.0
Chargé de clientèle,Dakar,2025-08-11,2025-08-01,CDI,Holly Trans Limited Senegal,goafricaonline.com,Technologie & Informatique,"marketing, vente, communication, logistique, gestion de projet",1,1.0,1.0
Auditeur interne senior-risques financiers,Dakar,2025-08-11,2025-08-01,CDI,BAOBAB SENEGAL,goafricaonline.com,"Finance, Banque & Comptabilité",finance,7,7.0,7.0
Opérateur Grue à Tour,Dakar,2025-08-11,2025-08-01,Non spécifié,RESIDENCE KALIA,goafricaonline.com,BTP & Industrie,"communication, programmation, logistique, santé, gestion de projet",3,3.0,3.0
Assistant marketing,Dakar,2025-08-11,2025-08-01,Non spécifié,HOTEL TERROU BI,goafricaonline.com,Tourisme & Hôtellerie,"marketing, communication, logistique",Non spécifié,,
Communication for fundraising,Dakar,2025-08-11,2025-08-01,CDD,UNICEF,goafricaonline.com,ONG & Humanitaire,"marketing, programmation",Non spécifié,,
Reporting and Knowledge Management Consultant for the Sahel Social Protection Joint Project,Dakar,2025-08-11,2025-08-01,CDD,UNICEF,goafricaonline.com,ONG & Humanitaire,"finance, communication, gestion de projet",Non spécifié,,
"Responsable Santé, Sécurité & Environnement",Dakar,2025-08-11,2025-08-01,Non spécifié,NESTLE SENEGAL,goafricaonline.com,BTP & Industrie,"vente, communication",3,3.0,3.0
Auditeur interne senior-credit groupe,Dakar,2025-08-11,2025-08-01,CDI,BAOBAB SENEGAL,goafricaonline.com,"Finance, Banque & Comptabilité","finance, vente",5,5.0,5.0
Coordinateur Régional de Programme,Dakar,2025-08-11,2025-08-01,CDD,Iucn (Union Mondiale Pour La Conservation De La Nature),goafricaonline.com,ONG & Humanitaire,gestion de projet,Non spécifié,,
Analyst Banker,Dakar,2025-08-11,2025-08-01,CDD,EBRD,goafricaonline.com,"Finance, Banque & Comptabilité","finance, data analyse, gestion de projet",Non spécifié,,
Directeur marketing et communication,Dakar,2025-08-08,2025-08-01,CDD,AFRI RH,goafricaonline.com,RH & Recrutement,"marketing, vente, finance, communication, programmation, data analyse, rh, santé, gestion de projet",3,3.0,3.0
Stagiaire Informatique – IT Support,Dakar,2025-08-08,2025-08-01,CDD,Isis Informatique Et Coaching - Iic,goafricaonline.com,"Finance, Banque & Comptabilité",,Non spécifié,,
Administrateur Réseau – Développeur Full Stack,Dakar,2025-08-08,2025-08-01,CDD,Isis Informatique Et Coaching - Iic,goafricaonline.com,"Finance, Banque & Comptabilité",programmation,Non spécifié,,
Director of communication,Dakar,2025-08-08,2025-08-01,CDI,ERAMET,goafricaonline.com,BTP & Industrie,communication,Non spécifié,,
Consultant junior,Dakar,2025-08-08,2025-08-01,CDD,"Unesco (Organisation Des Nations Unies Pour L'Education, La Science Et La Culture)",goafricaonline.com,ONG & Humanitaire,finance,Non spécifié,,
12 opérateurs d’emballage,Dakar,2025-08-08,2025-08-01,CDD,TOPWORK SENEGAL,goafricaonline.com,RH & Recrutement,,Non spécifié,,
02 Superviseurs d’emballage,Dakar,2025-08-08,2025-08-01,CDD,TOPWORK SENEGAL,goafricaonline.com,RH & Recrutement,,Non spécifié,,
04 Techniciens supérieurs en agro industrie,Dakar,2025-08-08,2025-08-01,CDD,TOPWORK SENEGAL,goafricaonline.com,RH & Recrutement,,Non spécifié,,
02 Superviseurs de production en agro industrie,Dakar,2025-08-08,2025-08-01,CDD,TOPWORK SENEGAL,goafricaonline.com,RH & Recrutement,,Non spécifié,,
Office Manager,Dakar,2025-08-08,2025-08-01,CDD,EBRD,goafricaonline.com,"Finance, Banque & Comptabilité","finance, rh, santé",Non spécifié,,
Principales banques,Dakar,2025-08-08,2025-08-01,CDD,EBRD,goafricaonline.com,"Finance, Banque & Comptabilité","vente, gestion de projet, finance",Non spécifié,,
Associate Banker,Dakar,2025-08-08,2025-08-01,CDD,EBRD,goafricaonline.com,"Finance, Banque & Comptabilité","gestion de projet, vente",Non spécifié,,
Country Finance Specialist Intern,Dakar,2025-08-08,2025-08-01,Non spécifié,MAERSK SENEGAL,goafricaonline.com,Transport & Logistique,"finance, vente, communication, data analyse, logistique, santé",2,2.0,2.0
Client Operations Manager (C.O.M) Projet,Dakar,2025-08-08,2025-08-01,Non spécifié,Africa Global Logistics Sénégal,goafricaonline.com,Transport & Logistique,"logistique, vente",Non spécifié,,
"Senior Policy Advisor, Climate Action and Disaster Risk Reduction",Dakar,2025-08-08,2025-08-01,CDD,Wvi (World Vision International),goafricaonline.com,ONG & Humanitaire,,Non spécifié,,
Architecte Développeur Lead,Dakar,2025-08-05,2025-08-01,CDD,Agence Nationale de la Statistique et de la Démographie-ANSD,goafricaonline.com,Administration & Services publics,,Non spécifié,,
Statisticien,Dakar,2025-08-05,2025-08-01,CDD,Agence Nationale de la Statistique et de la Démographie-ANSD,goafricaonline.com,Administration & Services publics,,Non spécifié,,
Ingénieur Géomaticien,Dakar,2025-08-05,2025-08-01,CDD,Agence Nationale de la Statistique et de la Démographie-ANSD,goafricaonline.com,Administration & Services publics,,Non spécifié,,
Ingénieur en Base de Données,Dakar,2025-08-05,2025-08-01,CDD,Agence Nationale de la Statistique et de la Démographie-ANSD,goafricaonline.com,Administration & Services publics,,Non spécifié,,
Développeur Webmapping,Dakar,2025-08-05,2025-08-01,CDD,Agence Nationale de la Statistique et de la Démographie-ANSD,goafricaonline.com,Administration & Services publics,,Non spécifié,,
Informaticien Développeur Front End,Dakar,2025-08-05,2025-08-01,CDD,Agence Nationale de la Statistique et de la Démographie-ANSD,goafricaonline.com,Administration & Services publics,,Non spécifié,,
Informaticien Développeur Back End,Dakar,2025-08-05,2025-08-01,CDD,Agence Nationale de la Statistique et de la Démographie-ANSD,goafricaonline.com,Administration & Services publics,,Non spécifié,,
Administrateur Système et Sécurité Réseau,Dakar,2025-08-05,2025-08-01,CDD,Agence Nationale de la Statistique et de la Démographie-ANSD,goafricaonline.com,Administration & Services publics,,Non spécifié,,
Secrétaire Comptable et Administrative bilingue,Dakar,2025-08-05,2025-08-01,CDD,GLOBAL BUSINESS GROUP - GBG,goafricaonline.com,"Finance, Banque & Comptabilité","finance, communication, rh, logistique",2-5,2.0,5.0
Expert en Gestion de déchets – Formation d’Ouvriers sur Chantier,Dakar,,,CDD,NOMADAW SARL,goafricaonline.com,BTP & Industrie,gestion de projet,Non spécifié,,
Expert en techniques de peintures naturelles – Formation d’Ouvriers sur Chantier,Dakar,2025-08-05,2025-08-01,CDD,NOMADAW SARL,goafricaonline.com,BTP & Industrie,gestion de projet,Non spécifié,,
Expert en Charpente et menuiserie en bois– Formation d’Ouvriers sur Chantier,Dakar,2025-08-05,2025-08-01,CDD,NOMADAW SARL,goafricaonline.com,BTP & Industrie,gestion de projet,Non spécifié,,
Expert en matériaux biosourcés – Formation d’Ouvriers sur Chantier,Dakar,2025-08-05,2025-08-01,CDD,NOMADAW SARL,goafricaonline.com,BTP & Industrie,gestion de projet,Non spécifié,,
Channel Assistant,Dakar,2025-08-05,2025-08-01,CDD,CARLCARE SERVICE,goafricaonline.com,Transport & Logistique,"vente, marketing, communication",Non spécifié,,
Stagiaire en électricité ou électro-technique,Dakar,2025-08-05,2025-08-01,CDD,Esmt (Ecole Superieure Multinationale Des Telecommunications),goafricaonline.com,Education & Formation,"marketing, programmation, vente, communication, finance, santé, gestion de projet",2,2.0,2.0
Health Economics and Financing Experts,Dakar,2025-08-05,2025-08-01,CDD,MSH,goafricaonline.com,Santé & Bien-être,"communication, finance, data analyse, santé, logistique, gestion de projet",2,2.0,2.0
Animateurs cours de vacances en ligne,Dakar,2025-08-03,2025-08-01,CDD,Universite Virtuelle Du Senegal-Uvs,goafricaonline.com,Education & Formation,"marketing, programmation, vente, communication, finance, santé, gestion de projet",2,2.0,2.0
Monitoring Evaluation Learning Manager,Dakar,2025-08-03,2025-08-01,CDI,La Laiterie Du Berger,goafricaonline.com,Agriculture & Agroalimentaire,"communication, finance, data analyse, gestion de projet",Non spécifié,,
Assistant(e) Comptabilité et Finances,Dakar,2025-08-03,2025-08-01,CDD,GOETHE INSTITUT,goafricaonline.com,Education & Formation,"marketing, programmation, vente, communication, finance, santé, gestion de projet",2,2.0,2.0
Regional ESMS Specialist,Dakar,2025-08-03,2025-08-01,CDD,Iucn (Union Mondiale Pour La Conservation De La Nature),goafricaonline.com,ONG & Humanitaire,"communication, gestion de projet",7,7.0,7.0
Assistant logistique,Dakar,2025-08-03,2025-08-01,Stage,GIZ,goafricaonline.com,Administration & Services publics,"logistique, gestion de projet",Non spécifié,,
Technicien de maintenance en plomberie sanitaire,Dakar,,,CDD/CDI/Stage,NOORTECH ENERGY,goafricaonline.com,BTP & Industrie,"communication, programmation, rh, santé, logistique, gestion de projet",2,2.0,2.0
Comptable,Dakar,2025-08-03,2025-08-01,CDD,BATIMAT,goafricaonline.com,BTP & Industrie,finance,2-5,2.0,5.0
Assistant administratif et comptable,Dakar,2025-08-03,2025-08-01,CDI,Agence Nationale de la Statistique et de la Démographie-ANSD,goafricaonline.com,Administration & Services publics,"data analyse, marketing, programmation, finance, rh, santé, logistique, communication, gestion de projet",5,5.0,5.0
Spécialiste en passation des marchés,Dakar,2025-08-03,2025-08-01,CDD,Agence Nationale de la Statistique et de la Démographie-ANSD,goafricaonline.com,Administration & Services publics,"gestion de projet, finance",Non spécifié,,
Chef de projet en agro-ecologie et chaîne de valeur laitière,Mbour,2025-08-03,2025-08-01,CDD,ACF INTERNATIONAL,goafricaonline.com,"Finance, Banque & Comptabilité","finance, communication, programmation, data analyse, rh, santé, logistique, gestion de projet",5,5.0,5.0
Business Developper Cloud,Dakar,2025-08-03,2025-08-01,CDD,ARC INFORMATIQUE,goafricaonline.com,Technologie & Informatique,"vente, marketing",3-5,3.0,5.0
Responsable qualité,Dakar,2025-08-03,2025-08-01,CDD,TOPWORK SENEGAL,goafricaonline.com,RH & Recrutement,communication,Non spécifié,,
Stagiaire Analyse de données,Dakar,2025-08-03,2025-08-01,CDD,Esmt (Ecole Superieure Multinationale Des Telecommunications),goafricaonline.com,Education & Formation,"marketing, visualisation de données, programmation, vente, communication, finance, data analyse, santé, gestion de projet",2,2.0,2.0
Commercial immobilier,Dakar,2025-08-03,2025-08-01,CDD,GPF SARL,goafricaonline.com,"Finance, Banque & Comptabilité","vente, marketing",2,2.0,2.0
Responsable technique,Dakar,2025-08-03,2025-08-01,CDD,GPF SARL,goafricaonline.com,"Finance, Banque & Comptabilité","finance, vente, communication, gestion de projet",Non spécifié,,
Spécialiste de l’environnement et des affaires sociales,Dakar,2025-08-03,2025-08-01,CDD,TOPWORK SENEGAL,goafricaonline.com,RH & Recrutement,"vente, communication, rh, logistique, gestion de projet",Non spécifié,,
Assistant en Passation des Marchés,Dakar,2025-08-03,2025-08-01,CDD,Agence Nationale de la Statistique et de la Démographie-ANSD,goafricaonline.com,Administration & Services publics,gestion de projet,Non spécifié,,
Programme Manager Eye Health Senegal,Dakar,2025-08-03,2025-08-01,CDD,SIGHTSAVERS INTERNATIONAL,goafricaonline.com,ONG & Humanitaire,"gestion de projet, santé",Non spécifié,,
Comptable IPM,Dakar,2025-07-31,2025-07-01,CDD,TOPWORK SENEGAL,goafricaonline.com,RH & Recrutement,"finance, santé",2,2.0,2.0
Chargé de comptes,Dakar,2025-07-31,2025-07-01,CDD,YAS SENEGAL,goafricaonline.com,Marketing & Communication,"marketing, communication, gestion de projet",3-5,3.0,5.0
Chef de division Sales,Dakar,2025-07-31,2025-07-01,CDD,YAS SENEGAL,goafricaonline.com,Marketing & Communication,"communication, vente",10,10.0,10.0
SMB Account Management,Dakar,2025-07-31,2025-07-01,CDD,YAS SENEGAL,goafricaonline.com,Marketing & Communication,"vente, marketing, communication",3,3.0,3.0
Chef de produits,Dakar,2025-07-31,2025-07-01,CDD,YAS SENEGAL,goafricaonline.com,Marketing & Communication,"marketing, communication, finance, gestion de projet",5,5.0,5.0
Chef de département produits,Dakar,2025-07-31,2025-07-01,CDD,YAS SENEGAL,goafricaonline.com,Marketing & Communication,marketing,10,10.0,10.0
Analyste Risques Financiers stagiaire,Dakar,2025-07-31,2025-07-01,CDI,BAOBAB SENEGAL,goafricaonline.com,"Finance, Banque & Comptabilité","visualisation de données, finance, data analyse",Non spécifié,,
Associate Educational Policy Specialist,Dakar,2025-07-31,2025-07-01,CDD,"Unesco (Organisation Des Nations Unies Pour L'Education, La Science Et La Culture)",goafricaonline.com,ONG & Humanitaire,"communication, gestion de projet",Non spécifié,,
Data Engineer,Dakar,2025-07-31,2025-07-01,CDD,GLOBAL BUSINESS GROUP - GBG,goafricaonline.com,"Finance, Banque & Comptabilité","data analyse, logistique",Non spécifié,,
Protection manager – Sénégal – migration atlantique,Dakar,2025-07-31,2025-07-01,CDD/CDI/Stage,MSF ENGENHARIA SA,goafricaonline.com,BTP & Industrie,"communication, programmation, data analyse, rh, santé, logistique, gestion de projet",5,5.0,5.0
Coordinateur national nutrition intégrée,Dakar,2025-07-31,2025-07-01,CDD,HELEN KELLER INTERNATIONAL,goafricaonline.com,ONG & Humanitaire,gestion de projet,Non spécifié,,
Démineur / Démineuse,Dakar,2025-07-31,2025-07-01,CDD,MAG INTERNATIONAL,goafricaonline.com,ONG & Humanitaire,logistique,Non spécifié,,
Démineuse/Démineur (EOD 3),Dakar,2025-07-31,2025-07-01,CDD,MAG INTERNATIONAL,goafricaonline.com,ONG & Humanitaire,"logistique, data analyse",Non spécifié,,
Téléconseiller,Dakar,2025-07-31,2025-07-01,CDD,MOUABI GROUP,goafricaonline.com,Marketing & Communication,"communication, vente",2,2.0,2.0
Tuyauteurs – Monteurs de structures métalliques,Dakar,2025-07-29,2025-07-01,CDD,RMO,goafricaonline.com,RH & Recrutement,rh,Non spécifié,,
Manœuvres / Aides ouvriers,Dakar,2025-07-29,2025-07-01,CDD,RMO,goafricaonline.com,RH & Recrutement,"rh, logistique",Non spécifié,,
Ferailleurs,Dakar,2025-07-29,2025-07-01,CDD,RMO,goafricaonline.com,RH & Recrutement,rh,2,2.0,2.0
Menuisiers/ Charpente,Dakar,2025-07-29,2025-07-01,CDD,RMO,goafricaonline.com,RH & Recrutement,rh,2,2.0,2.0
Spécialiste Technique Régional Education Inclusive – Sahel Afrique de l’Ouest,Dakar,2025-07-29,2025-07-01,CDD,HANDICAP INTERNATIONAL,goafricaonline.com,ONG & Humanitaire,"gestion de projet, programmation",5+,5.0,5.0
Conducteurs de Machines,Dakar,2025-07-29,2025-07-01,CDD,ELITE RH,goafricaonline.com,RH & Recrutement,gestion de projet,Non spécifié,,
Opérateur de Machine,Dakar,2025-07-29,2025-07-01,CDD,ELITE RH,goafricaonline.com,RH & Recrutement,,Non spécifié,,
Délégué Médical,Dakar,2025-07-29,2025-07-01,CDD,ELITE RH,goafricaonline.com,RH & Recrutement,"marketing, vente, communication, rh, santé",Non spécifié,,
Assistant Marketing et Commercial,Dakar,2025-07-29,2025-07-01,CDD,ELITE RH,goafricaonline.com,RH & Recrutement,"vente, marketing, communication",Non spécifié,,
Commerciaux terrains,Dakar,2025-07-29,2025-07-01,CDD,ELITE RH,goafricaonline.com,RH & Recrutement,vente,Non spécifié,,
Contrôleur Qualité,Dakar,2025-07-29,2025-07-01,CDD,ELITE RH,goafricaonline.com,RH & Recrutement,,Non spécifié,,
Agents QHSE,Dakar,2025-07-29,2025-07-01,CDD,ELITE RH,goafricaonline.com,RH & Recrutement,,Non spécifié,,
Agents Techniques,Dakar,2025-07-29,2025-07-01,CDD,ELITE RH,goafricaonline.com,BTP & Industrie,"marketing, vente",Non spécifié,,
Développeur Frontend Mobile,Dakar,2025-07-29,2025-07-01,Stage,NIXACOM,goafricaonline.com,Technologie & Informatique,programmation,Non spécifié,,
Développeur Frontend Web – Stage,Dakar,2025-07-29,2025-07-01,Stage,NIXACOM,goafricaonline.com,Technologie & Informatique,,Non spécifié,,
Responsable Développement Commercial RH,Dakar,2025-07-29,2025-07-01,CDD,Flow Consulting Holding,goafricaonline.com,"Finance, Banque & Comptabilité","marketing, vente, communication, rh, logistique",Non spécifié,,
Développeurs backend,Dakar,2025-07-29,2025-07-01,Stage,NIXACOM,goafricaonline.com,Technologie & Informatique,,Non spécifié,,
Analyste Commercial,Dakar,2025-07-29,2025-07-01,CDD,Dis - Dakar Interim Securite,goafricaonline.com,Sécurité,"vente, communication, finance, santé",2-5,2.0,5.0
Assistant recrutement,Dakar,2025-07-29,2025-07-01,CDD,INTERNATIONAL STAFFING COMPANY,goafricaonline.com,RH & Recrutement,"data analyse, marketing",Non spécifié,,
Assistant(e) administratif(ve),Dakar,2025-07-29,2025-07-01,CDD,SERVTEC Sénégal,goafricaonline.com,RH & Recrutement,"marketing, vente, finance, communication, data analyse, programmation, rh, santé, gestion de projet",1-2,1.0,2.0
Responsable Développement des Compétences,Dakar,2025-07-29,2025-07-01,CDI,ERAMET,goafricaonline.com,BTP & Industrie,"rh, gestion de projet",3-5,3.0,5.0
Ingénieur SCADA,Dakar,2025-07-29,2025-07-01,CDI,Senelec (Societe Nationale D'Electricite),goafricaonline.com,Energie & Environnement,"communication, data analyse, logistique",Non spécifié,,
04 Agents Techniques pour la Direction Transport,Dakar,2025-07-29,2025-07-01,CDI,Senelec (Societe Nationale D'Electricite),goafricaonline.com,Energie & Environnement,logistique,Non spécifié,,
Local Fundraising & Private Institution Specialist,Dakar,2025-07-29,2025-07-01,CDD,PLAN INTERNATIONAL SENEGAL,goafricaonline.com,ONG & Humanitaire,finance,Non spécifié,,
Grants Compliance Coordinator,Dakar,2025-07-29,2025-07-01,CDD,PLAN INTERNATIONAL SENEGAL,goafricaonline.com,ONG & Humanitaire,"finance, communication, santé, gestion de projet",3-5,3.0,5.0
Analyste de données et support client,Dakar,2025-07-29,2025-07-01,CDD,GLOBAL BUSINESS GROUP - GBG,goafricaonline.com,"Finance, Banque & Comptabilité","data analyse, vente",Non spécifié,,
Agent financier,Dakar,2025-07-29,2025-07-01,CDD,GLOBAL BUSINESS GROUP - GBG,goafricaonline.com,"Finance, Banque & Comptabilité",finance,2,2.0,2.0
Assistante Polyvalente (Télévente & Digital),Dakar,2025-07-29,2025-07-01,CDD,AGENCE HYBRIDE,goafricaonline.com,RH & Recrutement,"marketing, vente, finance, programmation, communication, data analyse, rh, santé, gestion de projet",3,3.0,3.0
Opérateur machine,Dakar,2025-07-29,2025-07-01,CDD,TOPWORK SENEGAL,goafricaonline.com,RH & Recrutement,,Non spécifié,,
Opérateur du four,Dakar,2025-07-29,2025-07-01,CDD,TOPWORK SENEGAL,goafricaonline.com,RH & Recrutement,,Non spécifié,,
Opérateur de production,Dakar,2025-07-29,2025-07-01,CDD,TOPWORK SENEGAL,goafricaonline.com,RH & Recrutement,,Non spécifié,,
Opérateur de mélange,Dakar,2025-07-29,2025-07-01,CDD,TOPWORK SENEGAL,goafricaonline.com,RH & Recrutement,,Non spécifié,,
Opérateur RMS (Préparation des liquides),Dakar,2025-07-29,2025-07-01,CDD,TOPWORK SENEGAL,goafricaonline.com,RH & Recrutement,,Non spécifié,,
Technicien de production,Dakar,2025-07-29,2025-07-01,CDD,TOPWORK SENEGAL,goafricaonline.com,RH & Recrutement,,Non spécifié,,
Consultant – Etudes Diagnostiques de l’alimentation scolaire,Dakar,2025-07-29,2025-07-01,CDD,GRET,goafricaonline.com,ONG & Humanitaire,"programmation, communication, finance, gestion de projet",5,5.0,5.0
Regional Grants Finance Manager,Dakar,2025-07-29,2025-07-01,CDD,WORLD VISION SENEGAL,goafricaonline.com,ONG & Humanitaire,finance,Non spécifié,,
Assistant Comptable,Dakar,2025-07-29,2025-07-01,CDD,ETS Sarl (QUIPEMENT TRUCKS SERVICES),goafricaonline.com,BTP & Industrie,"vente, finance",1-2,1.0,2.0
Assistant Suivi de Travaux,Dakar,2025-07-29,2025-07-01,CDD,AGENCE HYBRIDE,goafricaonline.com,RH & Recrutement,communication,Non spécifié,,
Aide-Ménagère,Dakar,2025-07-24,2025-07-01,Stage,GRAZEINA TECHNOLOGIES,goafricaonline.com,Sécurité,"marketing, vente, communication, rh, logistique",2,2.0,2.0
Chef d’agence,Dakar,2025-07-24,2025-07-01,CDD,INTERNATIONAL STAFFING COMPANY,goafricaonline.com,RH & Recrutement,vente,Non spécifié,,
Chef(fe) de projet,Dakar,2025-07-24,2025-07-01,Non spécifié,HAVAS MEDIA SENEGAL,goafricaonline.com,Marketing & Communication,"communication, gestion de projet, vente",Non spécifié,,
Contrôleur interne,Dakar,2025-07-24,2025-07-01,CDD,DAKAR MOBILITE,goafricaonline.com,Transport & Logistique,finance,Non spécifié,,
Responsable Ressources Humaines,Dakar,,,CDD,ELITE RH,goafricaonline.com,RH & Recrutement,"programmation, rh, gestion de projet",7,7.0,7.0
Shift Supervisor,Dakar,2025-07-24,2025-07-01,Non spécifié,Wartsila West Africa Sa,goafricaonline.com,BTP & Industrie,santé,Non spécifié,,
Conseiller technique,Dakar,2025-07-24,2025-07-01,CDD/CDI,INTELCIA,goafricaonline.com,Marketing & Communication,"communication, gestion de projet",Non spécifié,,
Comptable,Dakar,2025-07-24,2025-07-01,CDD,GRAVUPUB,goafricaonline.com,Marketing & Communication,"marketing, vente, finance, communication",3-5,3.0,5.0
Credit Manager,Dakar,2025-07-24,2025-07-01,CDD,RMO,goafricaonline.com,RH & Recrutement,"finance, vente, rh",5-8,5.0,8.0
Assistant Project Manager,Dakar,2025-07-24,2025-07-01,CDD,RMO,goafricaonline.com,RH & Recrutement,gestion de projet,5,5.0,5.0
Commercial freelance,Dakar,2025-07-24,2025-07-01,CDD,OLAM SENEGAL,goafricaonline.com,Agriculture & Agroalimentaire,"marketing, vente, finance, communication, data analyse, programmation, rh, santé, gestion de projet",5,5.0,5.0
Chef comptable,Dakar,2025-07-24,2025-07-01,CDD,GRAVUPUB,goafricaonline.com,Marketing & Communication,finance,3-5,3.0,5.0
Superviseur.e formation,Dakar,2025-07-24,2025-07-01,CDD,Winrock International - Wi,goafricaonline.com,ONG & Humanitaire,"finance, rh, logistique",Non spécifié,,
Quality of Care Implementation support to West Africa operations,Dakar,2025-07-24,2025-07-01,CDD,MSF ENGENHARIA SA,goafricaonline.com,BTP & Industrie,"communication, programmation, data analyse, rh, santé, logistique, gestion de projet",2,2.0,2.0
Agent de sécurité/gardien de nuit,Dakar,2025-07-24,2025-07-01,CDD,Cabinet Rh Conseils Group,goafricaonline.com,"Finance, Banque & Comptabilité","rh, finance",Non spécifié,,
Coordinateur.trice-représentant.e au Sénégal,Thiès,2025-07-24,2025-07-01,CDD,CEAS,goafricaonline.com,ONG & Humanitaire,"programmation, finance, rh, gestion de projet",Non spécifié,,
Business Developer Cloud,Dakar,2025-07-24,2025-07-01,CDD,SERVTEC Sénégal,goafricaonline.com,RH & Recrutement,"marketing, vente, finance, communication, data analyse, programmation, rh, santé, gestion de projet",3-5,3.0,5.0
Technico-Commercial B2B,Dakar,2025-07-24,2025-07-01,CDD,CHEMTRA GROUP,goafricaonline.com,BTP & Industrie,"vente, communication, santé",3,3.0,3.0
Directeur(trice) exécutif(ve) par intérim,Dakar,2025-07-24,2025-07-01,CDD,FONDATION AFRIVAC,goafricaonline.com,Administration & Services publics,"communication, programmation, finance, data analyse, rh, santé, logistique, gestion de projet",10,10.0,10.0
"Chargé(e) des Affaires Juridiques, RH et Commerciales",Dakar,2025-07-24,2025-07-01,CDD,Phoenix Consulting Group Sn,goafricaonline.com,RH & Recrutement,"vente, communication, data analyse, rh",2,2.0,2.0
Stagiaire Assistante Administrative,Dakar,2025-07-24,2025-07-01,Stage,SWALA AGENCY,goafricaonline.com,Technologie & Informatique,"marketing, vente, communication, gestion de projet",Non spécifié,,
Comptable,Dakar,2025-07-24,2025-07-01,Stage,SWALA AGENCY,goafricaonline.com,Technologie & Informatique,"finance, rh, logistique",3,3.0,3.0
Technico-Commercial/Chauffeur,Dakar,2025-07-24,2025-07-01,Stage,SWALA AGENCY,goafricaonline.com,Technologie & Informatique,"vente, marketing, communication",2,2.0,2.0
Juriste d’entreprise,Dakar,2025-07-23,2025-07-01,CDI,3MD ENERGY SARL,goafricaonline.com,Energie & Environnement,"data analyse, gestion de projet",Non spécifié,,
Teleconseillers FREE LANCE pour Operation sur la France,Dakar,2025-07-23,2025-07-01,CDD,TALIACOM,goafricaonline.com,Marketing & Communication,"vente, communication",Non spécifié,,
Electricien Automobile,Dakar,2025-07-23,2025-07-01,Non spécifié,RESIDENCE KALIA,goafricaonline.com,BTP & Industrie,,Non spécifié,,
Chauffeur voiture/moto Jakarta/tricycle,Dakar,2025-07-23,2025-07-01,CDD,NIOKOBOK,goafricaonline.com,Marketing & Communication,"finance, communication",Non spécifié,,
Responsable commercial H&B,Dakar,2025-07-23,2025-07-01,CDD,Willis Towers Watson Senegal,goafricaonline.com,"Finance, Banque & Comptabilité","marketing, vente, communication, programmation, finance, data analyse, santé, logistique, gestion de projet",10,10.0,10.0
Merchandiser,Dakar,2025-07-23,2025-07-01,CDD,RMO,goafricaonline.com,RH & Recrutement,"marketing, vente, rh",1-2,1.0,2.0
Agent de controle,Dakar,2025-07-23,2025-07-01,CDD,LA CASAMANCAISE,goafricaonline.com,Agriculture & Agroalimentaire,"marketing, vente, finance, communication, programmation, data analyse, logistique, gestion de projet",3,3.0,3.0
Barman serveur,Dakar,2025-07-23,2025-07-01,CDD/CDI,grillade de Total gazole station,goafricaonline.com,Commerce & Vente,"communication, finance, gestion de projet",2,2.0,2.0
Directeur·rice Commercial & Marketing (H/F),Dakar,2025-07-23,2025-07-01,CDD,Ste Anonyme Des Essarts,goafricaonline.com,BTP & Industrie,"vente, marketing, communication",5,5.0,5.0
Sales Manager,Dakar,2025-07-23,2025-07-01,CDD,Ste Anonyme Des Essarts,goafricaonline.com,BTP & Industrie,"marketing, vente",5,5.0,5.0
Téléconseiller,Dakar,2025-07-23,2025-07-01,CDD,OLAM SENEGAL,goafricaonline.com,Agriculture & Agroalimentaire,"marketing, vente, finance, communication, data analyse, programmation, rh, santé, gestion de projet",5,5.0,5.0
Responsable Logistique,Dakar,2025-07-23,2025-07-01,CDD/CDI/Stage,OBH SASU,goafricaonline.com,BTP & Industrie,"communication, programmation, rh, logistique, santé, gestion de projet",3,3.0,3.0
Controleur de Gestion,Dakar,2025-07-23,2025-07-01,CDD,FLOW CONSULTING HOLDING,goafricaonline.com,"Finance, Banque & Comptabilité",finance,5,5.0,5.0
Développeur android mobile,Dakar,2025-07-22,2025-07-01,CDI,STUDELY SENEGAL,goafricaonline.com,"Finance, Banque & Comptabilité","marketing, vente, programmation, finance, data analyse, rh",3,3.0,3.0
Agent Commercial,Dakar,2025-07-22,2025-07-01,Stage,HOLLY TRANS LIMITED,goafricaonline.com,Transport & Logistique,"marketing, vente, finance, communication, programmation, logistique",2,2.0,2.0
10 Electriciens,Dakar,2025-07-22,2025-07-01,CDD,TOPWORK SENEGAL,goafricaonline.com,RH & Recrutement,,Non spécifié,,
10 electromécaniciens,Dakar,2025-07-22,2025-07-01,CDD,TOPWORK SENEGAL,goafricaonline.com,RH & Recrutement,,Non spécifié,,
Responsable de production,Dakar,2025-07-22,2025-07-01,CDD,TOPWORK SENEGAL,goafricaonline.com,RH & Recrutement,,7-10,7.0,10.0
Responsable commercial,Dakar,2025-07-22,2025-07-01,CDI,Societe Africaine De Produits Laitiers - Saprolait,goafricaonline.com,Agriculture & Agroalimentaire,,Non spécifié,,
Ouvriers BTP,Dakar,2025-07-22,2025-07-01,CDD,ELITE RH,goafricaonline.com,RH & Recrutement,,Non spécifié,,
Animateur(trice) des ventes,Dakar,2025-07-22,2025-07-01,CDD,CLUB TIOSSANE,goafricaonline.com,Transport & Logistique,"vente, communication, gestion de projet",Non spécifié,,
Stage : Agent Commercial (VMC),Dakar,2025-07-22,2025-07-01,CDD,CLUB TIOSSANE,goafricaonline.com,Transport & Logistique,"marketing, communication, gestion de projet",Non spécifié,,
Assistante commerciale,Dakar,2025-07-22,2025-07-01,Non spécifié,Résidences KALIA,goafricaonline.com,BTP & Industrie,"vente, communication, programmation, logistique, santé, gestion de projet",1-3,1.0,3.0
Superviseur général (établissement de santé),Non spécifié,2025-07-22,2025-07-01,CDD,AMD CORPORATE,goafricaonline.com,Non spécifié,"marketing, vente, finance, communication, data analyse, programmation, rh, santé, gestion de projet",3,3.0,3.0
Assistant logistique,Dakar,2025-07-22,2025-07-01,CDD,Terre Des Hommes Lausanne,goafricaonline.com,ONG & Humanitaire,"logistique, communication",Non spécifié,,
Référent RH,Dakar,2025-07-22,2025-07-01,CDD,GPF SARL,goafricaonline.com,"Finance, Banque & Comptabilité","logistique, rh",Non spécifié,,
Comptable expérimenté·e,Dakar,2025-07-22,2025-07-01,CDD,SIMPLON SENEGAL,goafricaonline.com,Technologie & Informatique,"marketing, finance, vente, communication, programmation, data analyse, rh, santé, logistique, gestion de projet",3,3.0,3.0
International Consultant – Monitoring and Evaluation Officer,Dakar,2025-07-22,2025-07-01,CDD,Unfpa (Fonds Des Nations Unies Pour La Population),goafricaonline.com,ONG & Humanitaire,"data analyse, santé, gestion de projet",Non spécifié,,
General Accountancy Manager,Dakar,2025-07-22,2025-07-01,CDD/CDI/Stage,Msf (Moniz Da Maia Serra & Fortunato Empreiteiro),goafricaonline.com,BTP & Industrie,"finance, communication, data analyse, gestion de projet",2-5,2.0,5.0
Assistant qualité & sécurité alimentaire,Dakar,2025-07-22,2025-07-01,Non spécifié,HOTEL TERROU BI,goafricaonline.com,Tourisme & Hôtellerie,"programmation, gestion de projet",Non spécifié,,
Expert chargé de l’examen préalable et de la revue des marchés de l’exploitation,Dakar,2025-07-22,2025-07-01,CDI,Senelec (Societe Nationale D'Electricite),goafricaonline.com,Energie & Environnement,logistique,Non spécifié,,
Assistant Chargé du processus préparatoire des marchés,Dakar,2025-07-22,2025-07-01,CDI,Senelec (Societe Nationale D'Electricite),goafricaonline.com,Energie & Environnement,logistique,Non spécifié,,
Assistant(e) de Direction,Dakar,2025-07-22,2025-07-01,CDD,ECO AFRIQUE,goafricaonline.com,"Finance, Banque & Comptabilité","finance, communication, rh, marketing, logistique",Non spécifié,,
Consultant pour l’élaboration d’un code d’éthique et de déontologie du MTP,Dakar,2025-07-22,2025-07-01,CDD,UMOA TITRES,goafricaonline.com,"Finance, Banque & Comptabilité",finance,Non spécifié,,
Assistant(e) Administratif(ve) Evènementiel,Dakar,2025-07-22,2025-07-01,CDD,RMO,goafricaonline.com,RH & Recrutement,"rh, logistique",Non spécifié,,
Digital Content & Community Officer,Dakar,2025-07-22,2025-07-01,CDD,MARIE STOPES INTERNATIONALE,goafricaonline.com,Santé & Bien-être,"marketing, communication, santé",2-3,2.0,3.0
Global Programmes & Philanthropy Manager – FCDO Programmes,Dakar,2025-07-22,2025-07-01,CDD,MARIE STOPES INTERNATIONALE,goafricaonline.com,Santé & Bien-être,"communication, finance, gestion de projet",Non spécifié,,
Assistant comptable,Dakar,2025-07-22,2025-07-01,CDD,TOPWORK SENEGAL,goafricaonline.com,Santé & Bien-être,"finance, santé",Non spécifié,,
(02) Comptables Séniors,Dakar,2025-07-22,2025-07-01,CDD,SONAGED,goafricaonline.com,ONG & Humanitaire,finance,Non spécifié,,
Comptable Fiscaliste,Dakar,2025-07-22,2025-07-01,CDD,SONAGED,goafricaonline.com,ONG & Humanitaire,finance,Non spécifié,,
"Senior Journalist, BBC News, Wolof",Dakar,2025-07-22,2025-07-01,CDD,Bbc (Best Beautiful Creation,goafricaonline.com,Marketing & Communication,marketing,Non spécifié,,
Professeur d’anglais,Dakar,2025-07-22,2025-07-01,CDD,OLAM SENEGAL,goafricaonline.com,Agriculture & Agroalimentaire,"marketing, vente, finance, communication, data analyse, programmation, rh, santé, gestion de projet",5,5.0,5.0
Spécialiste régional ESMS,Dakar,2025-07-22,2025-07-01,CDD,Iucn (The International Union For Conservation Of Nature),goafricaonline.com,ONG & Humanitaire,"programmation, gestion de projet",Non spécifié,,
Responsable de Souscription,Dakar,2025-07-22,2025-07-01,CDD,DEXINTEC,goafricaonline.com,BTP & Industrie,communication,Non spécifié,,
Responsable de recouvrement,Dakar,2025-07-22,2025-07-01,CDD,GPF SARL,goafricaonline.com,RH & Recrutement,"finance, vente",5,5.0,5.0
Agent de recouvrement,Dakar,2025-07-22,2025-07-01,CDD,GPF SARL,goafricaonline.com,RH & Recrutement,"finance, vente",Non spécifié,,
Assistant principal (administration & Finances),Dakar,2025-07-22,2025-07-01,CDD,"Unesco (Organisation Des Nations Unies Pour L'Education, La Science Et La Culture)",goafricaonline.com,ONG & Humanitaire,"finance, gestion de projet",Non spécifié,,
Commercial Terrain,Dakar,2025-07-17,2025-07-01,CDD,MAANA PRODUCTION,goafricaonline.com,Agriculture & Agroalimentaire,"vente, communication",Non spécifié,,
Adjoint au Directeur Administratif et Financier,Kaolack,2025-07-17,2025-07-01,CDI,CHEZ AIDA SALL,goafricaonline.com,Tourisme & Hôtellerie,"finance, rh",3-5,3.0,5.0
Graphic Designer,Dakar,2025-07-17,2025-07-01,CDD,SIMPLON SENEGAL,goafricaonline.com,Technologie & Informatique,"marketing, finance, vente, communication, programmation, data analyse, rh, santé, logistique, gestion de projet",4,4.0,4.0
Responsable des Activités Qualité – Sécurité,Dakar,2025-07-17,2025-07-01,CDD/CDI/Stage,EIFFAGE SENEGAL,goafricaonline.com,BTP & Industrie,"communication, programmation, rh, santé, logistique, gestion de projet",5,5.0,5.0
Développeur Commercial,Diamniadio,2025-07-17,2025-07-01,CDI,SENEGINDIA SARL,goafricaonline.com,BTP & Industrie,"vente, communication, logistique",Non spécifié,,
Superviseur des services,Dakar,2025-07-17,2025-07-01,CDD,Gbg (Global Business Group),goafricaonline.com,"Finance, Banque & Comptabilité",,Non spécifié,,
Agent de sécurité,Dakar,2025-07-17,2025-07-01,Non spécifié,Africa Transit Sa (Groupe Ccbm),goafricaonline.com,Transport & Logistique,logistique,Non spécifié,,
Commissaire aux comptes titulaire,Dakar,2025-07-17,2025-07-01,CDI,GIM-UEMOA,goafricaonline.com,"Finance, Banque & Comptabilité",finance,Non spécifié,,
Commissaire aux comptes suppléant,Dakar,2025-07-17,2025-07-01,CDI,GIM-UEMOA,goafricaonline.com,"Finance, Banque & Comptabilité",finance,Non spécifié,,
Chargé Recrutement et Intégration,Dakar,2025-07-17,2025-07-01,CDD,AFRIC MANAGEMENT,goafricaonline.com,RH & Recrutement,"marketing, vente, finance, communication, data analyse, programmation, rh, santé, gestion de projet",3,3.0,3.0
Agents de controle,Dakar,2025-07-17,2025-07-01,CDD,LA CASAMANCAISE,goafricaonline.com,Agriculture & Agroalimentaire,"marketing, vente, finance, communication, programmation, data analyse, logistique, gestion de projet",3,3.0,3.0
Représentant Commercial,Dakar,2025-07-17,2025-07-01,CDD,AFRICA TECHNOLOGIE PLUS,goafricaonline.com,Technologie & Informatique,"vente, finance, programmation, communication, data analyse, gestion de projet",5,5.0,5.0
Commercial spécialisé en gestion locative,Dakar,2025-07-17,2025-07-01,CDD,KALIMO CONSULTING GROUP,goafricaonline.com,BTP & Industrie,"vente, communication",2,2.0,2.0
Spécialiste en marketing,Dakar,2025-07-14,2025-07-01,CDI,Anpej (Agence Nationale Pour La Promotion De L’Emploi Des Jeunes),goafricaonline.com,Administration & Services publics,"marketing, programmation, communication, finance, data analyse, rh, santé, gestion de projet",1-2,1.0,2.0
Ingénieur commercial senior,Dakar,2025-07-14,2025-07-01,CDD,Sen Global Network Services - Sgns,goafricaonline.com,Technologie & Informatique,"marketing, vente, communication, data analyse, programmation, rh",1-3,1.0,3.0
"Senior Advisor, Child Sponsorship Best Practices & Capability Building",Dakar,2025-07-14,2025-07-01,CDD,Wvi (World Vision International),goafricaonline.com,ONG & Humanitaire,"marketing, data analyse",Non spécifié,,
Technicien Supérieur en Génie civil,Dakar,2025-07-14,2025-07-01,CDD,AFRIC MANAGEMENT,goafricaonline.com,RH & Recrutement,"marketing, vente, finance, communication, data analyse, programmation, rh, santé, gestion de projet",3,3.0,3.0
Responsable évènementiel,Dakar,2025-07-14,2025-07-01,CDI,Anpej (Agence Nationale Pour La Promotion De L’Emploi Des Jeunes),goafricaonline.com,Administration & Services publics,"marketing, programmation, communication, finance, data analyse, rh, santé, logistique, gestion de projet",3,3.0,3.0
Responsable de la logistique et des achats,Dakar,2025-07-14,2025-07-01,CDI,Anpej (Agence Nationale Pour La Promotion De L’Emploi Des Jeunes),goafricaonline.com,Administration & Services publics,"marketing, programmation, communication, finance, data analyse, rh, santé, logistique, gestion de projet",3,3.0,3.0
Assistant de direction,Dakar,2025-07-14,2025-07-01,CDI,Anpej (Agence Nationale Pour La Promotion De L’Emploi Des Jeunes),goafricaonline.com,Administration & Services publics,"marketing, programmation, communication, finance, data analyse, rh, santé, logistique, gestion de projet",4,4.0,4.0
Surveillant Travaux de Voirie,Dakar,2025-07-14,2025-07-01,CDD,Gbg (Global Business Group),goafricaonline.com,"Finance, Banque & Comptabilité",communication,Non spécifié,,
Designer graphique,Dakar,2025-07-14,2025-07-01,CDD,Fawe Forum Des Educatrices Africaines Section Senegalaise,goafricaonline.com,ONG & Humanitaire,"communication, marketing, gestion de projet",Non spécifié,,
Responsable Projet OIL & GAZ,Dakar,2025-07-14,2025-07-01,CDD,Petrosen (Societe Des Petroles Du Senegal),goafricaonline.com,Energie & Environnement,"finance, logistique, gestion de projet",5,5.0,5.0
Stagiaire en communication,Dakar,2025-07-14,2025-07-01,CDD,EDUCO,goafricaonline.com,ONG & Humanitaire,"gestion de projet, communication, marketing",Non spécifié,,
Responsable commercial semences,Dakar,2025-07-14,2025-07-01,Non spécifié,SOLEVO,goafricaonline.com,BTP & Industrie,"marketing, vente, programmation, communication, rh, santé, gestion de projet",3,3.0,3.0
Manœuvre Manutentionnaire,Dakar,2025-07-14,2025-07-01,CDD,RPORTH,goafricaonline.com,"Finance, Banque & Comptabilité","rh, finance",Non spécifié,,
02 Experts Juristes,Dakar,2025-07-14,2025-07-01,CDD,SENELEC,goafricaonline.com,"Finance, Banque & Comptabilité",communication,5,5.0,5.0
03 Assistants Ressources Humaines,Dakar,,,CDD,SENELEC,goafricaonline.com,"Finance, Banque & Comptabilité","communication, data analyse, rh, gestion de projet",2,2.0,2.0
Assistant Project Manager (H/F),Dakar,2025-07-14,2025-07-01,CDD,RMO,goafricaonline.com,RH & Recrutement,"finance, gestion de projet",5,5.0,5.0
Assistant Qualité de Donnée Poultry,Thiès,2025-07-14,2025-07-01,CDD,SAMA MBEY,goafricaonline.com,ONG & Humanitaire,,Non spécifié,,
Créateur de contenu,Dakar,2025-07-14,2025-07-01,Non spécifié,Africa Transit Sa (Groupe Ccbm),goafricaonline.com,Transport & Logistique,logistique,Non spécifié,,
Marketing Officer,Dakar,2025-07-14,2025-07-01,CDD,DEXINTEC,goafricaonline.com,BTP & Industrie,"marketing, communication",Non spécifié,,
Responsable production menuiserie bois,Dakar,2025-07-14,2025-07-01,CDD,RPORTH,goafricaonline.com,"Finance, Banque & Comptabilité",,Non spécifié,,
Coordinateur Régional,Dakar,2025-07-14,2025-07-01,CDD,Iucn (The International Union For Conservation Of Nature),goafricaonline.com,ONG & Humanitaire,"gestion de projet, communication, programmation",Non spécifié,,
Cuisinier-ière,Dakar,2025-07-14,2025-07-01,CDD,MSF SARL SENEGAL,goafricaonline.com,Santé & Bien-être,"communication, rh, santé, data analyse",1-2,1.0,2.0
Chargé de formation,Dakar,2025-07-14,2025-07-01,Non spécifié,CANAL + SENEGAL,goafricaonline.com,Marketing & Communication,"vente, marketing, communication, gestion de projet",3,3.0,3.0
Graphiste print confirmé,Dakar,2025-07-14,2025-07-01,Non spécifié,CANAL + SENEGAL,goafricaonline.com,Marketing & Communication,,Non spécifié,,
Assistantes pour le préscolaire,Dakar,2025-07-14,2025-07-01,Non spécifié,ECOLE MARIAMA NIASS,goafricaonline.com,Education & Formation,"marketing, programmation, communication, finance, data analyse, gestion de projet",2,2.0,2.0
Stagiaire AFM,Dakar,2025-07-14,2025-07-01,CDD,BIA SENEGAL,goafricaonline.com,BTP & Industrie,"vente, communication, finance, data analyse, programmation, logistique, gestion de projet",2,2.0,2.0
Responsable Vie Scolaire et Autonomisation des Élèves,Dakar,2025-07-14,2025-07-01,CDD,ENKO INTERNATIONAL SCHOOL,goafricaonline.com,Education & Formation,"communication, data analyse, gestion de projet",Non spécifié,,
Spécialiste des Liens de la Chaîne d’Approvisionnement,Dakar,2025-07-14,2025-07-01,CDD,Winrock International - Wi,goafricaonline.com,ONG & Humanitaire,vente,Non spécifié,,
"Senior Operations & Project Management Officer, WCA (Maternity Cover)",Dakar,2025-07-14,2025-07-01,CDD,SAVE THE CHILDREN,goafricaonline.com,ONG & Humanitaire,"finance, gestion de projet",Non spécifié,,
Chef de projet marketing et communication,Dakar,2025-07-14,2025-07-01,CDD,Kmob (Kirene Avec Orange),goafricaonline.com,Marketing & Communication,"marketing, vente, communication, gestion de projet",Non spécifié,,
Auditeur Sénior,Dakar,2025-07-14,2025-07-01,CDI,Fongip (Fonds De Garantie Des Investissements Prioritaires),goafricaonline.com,Administration & Services publics,"marketing, programmation, communication, finance, data analyse, rh, santé, gestion de projet",3,3.0,3.0
Ingénieur projet junior,Dakar,2025-07-14,2025-07-01,CDI,Fongip (Fonds De Garantie Des Investissements Prioritaires),goafricaonline.com,Administration & Services publics,"finance, gestion de projet",Non spécifié,,
Quality of Care Implementation support to West Africa operations,Dakar,2025-07-14,2025-07-01,CDD/CDI/Stage,Msf (Moniz Da Maia Serra & Fortunato Empreiteiro),goafricaonline.com,BTP & Industrie,"communication, programmation, rh, santé, logistique, gestion de projet",2,2.0,2.0
Superviseur.e formation,Dakar,2025-07-14,2025-07-01,CDD/CDI/Stage,Msf (Moniz Da Maia Serra & Fortunato Empreiteiro),goafricaonline.com,BTP & Industrie,"communication, programmation, rh, logistique, santé, gestion de projet",5,5.0,5.0
Juristes correspondants locaux – Missions ponctuelles,Dakar,2025-07-14,2025-07-01,CDD,LEGALFIELD AVOCATS,goafricaonline.com,"Finance, Banque & Comptabilité",finance,Non spécifié,,
Attaché(e) commerciale sénior en expertise comptable,Dakar,2025-07-14,2025-07-01,CDD,TERANGA MANPOWER,goafricaonline.com,RH & Recrutement,"marketing, vente, finance, communication",5,5.0,5.0
(205) Coach Mobile Orange Money,Dakar,2025-07-14,2025-07-01,CDI,Anpej (Agence Nationale Pour La Promotion De L’Emploi Des Jeunes),goafricaonline.com,Administration & Services publics,"marketing, vente, programmation, communication, finance, data analyse, rh, santé, gestion de projet",3,3.0,3.0
(30) Agents commerciaux B2B,Dakar,2025-07-14,2025-07-01,CDI,Anpej (Agence Nationale Pour La Promotion De L’Emploi Des Jeunes),goafricaonline.com,Administration & Services publics,"marketing, vente, programmation, communication, finance, data analyse, rh, santé, gestion de projet",3,3.0,3.0
Superviseur Calorifugeur,Dakar,2025-07-14,2025-07-01,CDD,GPF SARL,goafricaonline.com,RH & Recrutement,,5,5.0,5.0
Responsable Recrutement et Formation,Dakar,2025-07-14,2025-07-01,CDD,ELITE RH,goafricaonline.com,RH & Recrutement,"rh, logistique, gestion de projet",5,5.0,5.0
Gouvernante,Dakar,2025-07-14,2025-07-01,CDD,AGENCE HYBRIDE,goafricaonline.com,RH & Recrutement,,Non spécifié,,
Responsable Commercial(e),Dakar,2025-07-14,2025-07-01,CDD,Setave- Senegalaise Des Travaux D'Amenagement Et D'Entretien Des Espaces Verts,goafricaonline.com,BTP & Industrie,"communication, vente",2-3,2.0,3.0
"Technicien en horticulture, Environnement, jardinage",Dakar,2025-07-14,2025-07-01,CDD,Setave- Senegalaise Des Travaux D'Amenagement Et D'Entretien Des Espaces Verts,goafricaonline.com,BTP & Industrie,vente,2-3,2.0,3.0
Investment Officer – WEECAP Project,Dakar,2025-07-14,2025-07-01,CDD,Winrock International - Wi,goafricaonline.com,ONG & Humanitaire,"finance, gestion de projet",Non spécifié,,
Agent commercial,Dakar,2025-07-14,2025-07-01,Non spécifié,GROUPE REVINA TOURS,goafricaonline.com,Tourisme & Hôtellerie,"marketing, vente, finance, rh, data analyse, logistique, gestion de projet",3,3.0,3.0
Formation acceleree en cabinet d'expertise comptable et conseil,Non spécifié,2025-07-11,2025-07-01,Alternance,Comptable,goafricaonline.com,Technologie & Informatique,finance,Non spécifié,,
Spécialiste en coordination de programme,Dakar,2025-07-08,2025-07-01,CDD,ONU-FEMMES,goafricaonline.com,ONG & Humanitaire,"finance, gestion de projet",Non spécifié,,
02 ouvriers chaudronniers Offshore,Dakar,2025-07-08,2025-07-01,CDD,TOPWORK SENEGAL,goafricaonline.com,RH & Recrutement,,Non spécifié,,
02 ingénieurs en Electronique/Electrique /Régulation,Dakar,2025-07-08,2025-07-01,CDD,CSS (CONSORTIUM SERVICES),goafricaonline.com,"Finance, Banque & Comptabilité",finance,2,2.0,2.0
Creative Manager,Dakar,2025-07-08,2025-07-01,CDD,MANDARINE SARL,goafricaonline.com,Marketing & Communication,"vente, communication, marketing",Non spécifié,,
Télévendeurs Expérimentés en Emission d’appels,Dakar,2025-07-08,2025-07-01,Non spécifié,Intelcia,goafricaonline.com,Marketing & Communication,"vente, communication, gestion de projet",Non spécifié,,
Commercial,Dakar,2025-07-08,2025-07-01,CDD,SEN ASSURANCE VIE,goafricaonline.com,"Finance, Banque & Comptabilité",vente,Non spécifié,,
Rayonniste,Dakar,2025-07-08,2025-07-01,CDD,PHARMACIE GAMBETTA,goafricaonline.com,Agriculture & Agroalimentaire,santé,Non spécifié,,
"Stage d’adaptation, Stage académique ou scolaire – Non rémunéré",Dakar,2025-07-08,2025-07-01,CDD,GRAZEINA TECHNOLOGIES,goafricaonline.com,Sécurité,"marketing, vente, communication",Non spécifié,,
Vendeur en Boutique H/F,Non spécifié,2025-07-08,2025-07-01,CDD,AMD CORPORATE,goafricaonline.com,Non spécifié,vente,Non spécifié,,
Maîtresse d’école,Dakar,2025-07-08,2025-07-01,CDD,INTERNATIONAL STAFFING COMPANY,goafricaonline.com,RH & Recrutement,"communication, gestion de projet",Non spécifié,,
Grants Officer,Dakar,2025-07-08,2025-07-01,CDD,OXFAM AMERICA,goafricaonline.com,Transport & Logistique,"finance, rh, logistique, gestion de projet",Non spécifié,,
Prestataire pour Appui au Diagnostic des Processus et Procédures de ONG ALIMA,Dakar,2025-07-08,2025-07-01,CDD,ALIMA,goafricaonline.com,Administration & Services publics,"marketing, finance, communication, data analyse, rh, logistique, gestion de projet",Non spécifié,,
Support IT / Helpdesk,Dakar,2025-07-08,2025-07-01,CDD,SIMPLON SENEGAL,goafricaonline.com,Technologie & Informatique,"marketing, finance, vente, communication, programmation, data analyse, rh, santé, logistique, gestion de projet",4,4.0,4.0
Developpeur Saas / Solution NFC Retail,Dakar,2025-07-07,2025-07-01,CDD,AFRICA DIGITAL MEDIA,goafricaonline.com,Marketing & Communication,"programmation, marketing",Non spécifié,,
Gestionnaire Sinistre IARDT,Dakar,2025-07-07,2025-07-01,CDD,Willis Towers Watson Senegal,goafricaonline.com,"Finance, Banque & Comptabilité","marketing, vente, communication, programmation, finance, data analyse, santé, logistique, gestion de projet",2,2.0,2.0
Passioné(e) Surf,Dakar,2025-07-07,2025-07-01,CDD,DECATHLON SENEGAL,goafricaonline.com,Commerce & Vente,"vente, marketing, communication, gestion de projet",2,2.0,2.0
Passioné(e) Fitness,Dakar,2025-07-07,2025-07-01,CDD,DECATHLON SENEGAL,goafricaonline.com,Commerce & Vente,"vente, marketing, communication, gestion de projet",2,2.0,2.0
Assistant(e) d’exploitation Assurance,Dakar,2025-07-07,2025-07-01,Non spécifié,Africa Transit Sa (Groupe Ccbm),goafricaonline.com,Transport & Logistique,logistique,Non spécifié,,
Directeur administratif et financier,Dakar,2025-07-07,2025-07-01,CDD,SERVTEC Sénégal,goafricaonline.com,RH & Recrutement,"marketing, vente, finance, communication, data analyse, programmation, rh, santé, gestion de projet",3,3.0,3.0
Responsable comptable,Dakar,2025-07-07,2025-07-01,CDD,RMO,goafricaonline.com,RH & Recrutement,finance,5-10,5.0,10.0
Coach Experience Utilisateur (UX) et Interface Utilisateur (UI),Dakar,2025-07-07,2025-07-01,CDD,Gbg (Global Business Group),goafricaonline.com,"Finance, Banque & Comptabilité","communication, gestion de projet",Non spécifié,,
Recrutement chargé d’affaires,Dakar,2025-07-07,2025-07-01,CDI,MYRIADE CAPITAL,goafricaonline.com,"Finance, Banque & Comptabilité","marketing, vente, programmation, finance, data analyse, rh",2,2.0,2.0
Caissière,Dakar,2025-07-07,2025-07-01,Non spécifié,BOUM MARKET,goafricaonline.com,BTP & Industrie,"vente, gestion de projet, finance",2-3,2.0,3.0
Livreur moto,Dakar,2025-07-07,2025-07-01,Non spécifié,BOUM MARKET,goafricaonline.com,BTP & Industrie,,Non spécifié,,
Chargé régional finance,Dakar,2025-07-07,2025-07-01,CDD,Terre Des Hommes Lausanne,goafricaonline.com,ONG & Humanitaire,finance,Non spécifié,,
Consultant Secteur Track and Trace,Dakar,2025-07-07,2025-07-01,CDD,Gbg (Global Business Group),goafricaonline.com,"Finance, Banque & Comptabilité",,Non spécifié,,
Assistant(e) Comptabilité et Finances,Dakar,2025-07-07,2025-07-01,Alternance,GOETHE INSTITUT SENEGAL,goafricaonline.com,Education & Formation,"finance, communication, gestion de projet",2,2.0,2.0
Chargé d’affaires,Dakar,2025-07-07,2025-07-01,CDI,MYRIADE CAPITAL,goafricaonline.com,"Finance, Banque & Comptabilité","marketing, vente, programmation, finance, data analyse, rh",2,2.0,2.0
Directeur marketing communication et relations publiques,Dakar,2025-07-03,2025-07-01,CDI,Fongip (Fonds De Garantie Des Investissements Prioritaires),goafricaonline.com,Administration & Services publics,"marketing, programmation, communication, finance, data analyse, rh, santé, gestion de projet",3,3.0,3.0
Assistant prévisions et planification des ressources,Dakar,2025-07-03,2025-07-01,CDD,Gbg (Global Business Group),goafricaonline.com,"Finance, Banque & Comptabilité",finance,Non spécifié,,
Expert en santé humaine,Dakar,,,CDD,Avsf-Agronomes Et Veterinaires Sans Frontieres,goafricaonline.com,ONG & Humanitaire,"communication, gestion de projet, santé",Non spécifié,,
Consultant – Formation des acteurs professionnels de santé sur la maladie de l’Anthrax,Dakar,2025-07-03,2025-07-01,CDD,Avsf-Agronomes Et Veterinaires Sans Frontieres,goafricaonline.com,ONG & Humanitaire,"programmation, gestion de projet, santé",Non spécifié,,
Communication Specialist,Dakar,2025-07-03,2025-07-01,CDD,ONU-FEMMES,goafricaonline.com,ONG & Humanitaire,"communication, gestion de projet",Non spécifié,,
Stagiaire en gestion de projets,Dakar,2025-07-03,2025-07-01,CDD,DRC,goafricaonline.com,ONG & Humanitaire,"logistique, communication, gestion de projet",Non spécifié,,
Assistant Previsions et de la Planification des Ressources,Dakar,2025-07-03,2025-07-01,CDD,Gbg (Global Business Group),goafricaonline.com,"Finance, Banque & Comptabilité",,Non spécifié,,
Assistant(e) de Direction (H/F),Dakar,2025-07-03,2025-07-01,CDD,ECO AFRIQUE,goafricaonline.com,"Finance, Banque & Comptabilité","communication, marketing, logistique, gestion de projet",Non spécifié,,
Responsable Supply Chain cellule 3 OCP,Dakar,2025-07-02,2025-07-01,Non spécifié,MSF SARL SENEGAL,goafricaonline.com,Santé & Bien-être,"communication, data analyse, programmation, rh, logistique, santé, gestion de projet",2,2.0,2.0
Chargée de communication,Dakar,2025-07-02,2025-07-01,CDI,Le mas des cocotiers,goafricaonline.com,Tourisme & Hôtellerie,"marketing, communication",Non spécifié,,
"Plomb, protection",Dakar,2025-07-02,2025-07-01,CDD,MASTERCARD FOUNDATION,goafricaonline.com,ONG & Humanitaire,communication,10,10.0,10.0
08 Superviseurs Poultry,Thiès,2025-07-02,2025-07-01,CDD,SAMA MBEY,goafricaonline.com,ONG & Humanitaire,"vente, finance, santé, logistique, gestion de projet",Non spécifié,,
16 Agents Poultry,Dakar,2025-07-02,2025-07-01,CDD,SAMA MBEY,goafricaonline.com,ONG & Humanitaire,"vente, logistique, data analyse",Non spécifié,,
Responsable Supply Chain,Dakar,2025-07-02,2025-07-01,Non spécifié,MSF SARL SENEGAL,goafricaonline.com,Santé & Bien-être,"communication, data analyse, rh, logistique, santé, gestion de projet",2,2.0,2.0
Commercial (e) Agro-Alimentaire,Dakar,2025-07-02,2025-07-01,CDD,ELITE RH,goafricaonline.com,RH & Recrutement,"vente, communication, rh",2,2.0,2.0
Assistant(e) service clientèle,Dakar,2025-07-02,2025-07-01,CDD,NIOKOBOK,goafricaonline.com,Commerce & Vente,"vente, communication, marketing",Non spécifié,,
Education Technical Advisor,Dakar,2025-07-02,2025-07-01,CDD,PLAN INTERNATIONAL SENEGAL,goafricaonline.com,ONG & Humanitaire,gestion de projet,Non spécifié,,
Senior Director of Field Innovation,Dakar,,,CDD,WORLD VISION SENEGAL,goafricaonline.com,ONG & Humanitaire,finance,Non spécifié,,
Conseiller technique en santé,Dakar,2025-07-02,2025-07-01,CDD,PLAN INTERNATIONAL SENEGAL,goafricaonline.com,ONG & Humanitaire,"gestion de projet, santé",Non spécifié,,
Stage Graphiste / Webmaster,Dakar,2025-07-02,2025-07-01,Non spécifié,Societe Des Brasseries De L'Ouest Africain - Soboa,goafricaonline.com,BTP & Industrie,"marketing, vente, programmation, communication, rh, santé, gestion de projet",2-3,2.0,3.0
Commercial Freelance,Dakar,2025-07-02,2025-07-01,CDD,GLOBAL TALENT,goafricaonline.com,"Finance, Banque & Comptabilité","vente, communication, rh",Non spécifié,,
Responsable en Suivi Evaluation (RSE) Junior,Dakar,2025-06-30,2025-06-01,CDI,Agence Nationale De La Statistique Et De La Demographie - Ansd,goafricaonline.com,Administration & Services publics,"marketing, programmation, communication, finance, data analyse, rh, santé, gestion de projet",4,4.0,4.0
Vendeuses free-lance,Dakar,2025-06-30,2025-06-01,CDD,Seck Global Business,goafricaonline.com,Technologie & Informatique,vente,Non spécifié,,
Stagiaire Archiviste,Dakar,2025-06-30,2025-06-01,CDD,TOSTAN,goafricaonline.com,ONG & Humanitaire,,Non spécifié,,
Assistant(e) Administratif(ve) bilingue,Dakar,2025-06-30,2025-06-01,CDD,TOSTAN,goafricaonline.com,ONG & Humanitaire,communication,4,4.0,4.0
Chargé(e) de l’animation et de la formation,Dakar,2025-06-30,2025-06-01,CDD,Caritas (Caritas Senegal Delegation Diocesaine De Kaolack),goafricaonline.com,ONG & Humanitaire,"communication, gestion de projet",3,3.0,3.0
Assistant Comptable,Dakar,2025-06-30,2025-06-01,CDD,GPF SARL,goafricaonline.com,RH & Recrutement,finance,Non spécifié,,
Lead Data Engineer,Dakar,2025-06-30,2025-06-01,CDI,BAOBAB SENEGAL,goafricaonline.com,"Finance, Banque & Comptabilité",finance,Non spécifié,,
Chargé·e de Communication et Marketing,Dakar,2025-06-30,2025-06-01,CDD,SIMPLON SENEGAL,goafricaonline.com,Technologie & Informatique,"marketing, finance, vente, communication, programmation, data analyse, rh, santé, logistique, gestion de projet",4,4.0,4.0
Chargé(e) des Achats et des Moyens Généraux,Dakar,2025-06-30,2025-06-01,CDI,FONSIS,goafricaonline.com,"Finance, Banque & Comptabilité","finance, logistique, gestion de projet",5,5.0,5.0
Consultant Individuel sur les Réponses du Secteur de l’éducation aux GPNI en AOC,Dakar,2025-06-30,2025-06-01,CDD,"Unesco (Organisation Des Nations Unies Pour L'Education, La Science Et La Culture)",goafricaonline.com,ONG & Humanitaire,santé,Non spécifié,,
Head of Office,Dakar,2025-06-30,2025-06-01,CDD,Crs (Catholic Relief Services),goafricaonline.com,ONG & Humanitaire,"rh, gestion de projet",Non spécifié,,
Responsable commercial showroom – kabirex,Dakar,2025-06-30,2025-06-01,CDD,Leader Interim et Services,goafricaonline.com,RH & Recrutement,"vente, marketing",3,3.0,3.0
Commercial Terrain Urgent!,Non spécifié,2025-06-30,2025-06-01,Freelance,Commerçant,goafricaonline.com,Juridique & Conseil,"vente, finance",Non spécifié,,
Responsable Événementiel et animation,Dakar,2025-06-30,2025-06-01,Non spécifié,Africa Transit Sa (Groupe Ccbm),goafricaonline.com,Transport & Logistique,"marketing, communication, logistique, gestion de projet",2,2.0,2.0
Agent Commercial,Dakar,2025-06-30,2025-06-01,CDD,AFRICA TECHNOLOGIE PLUS,goafricaonline.com,Technologie & Informatique,"vente, programmation, communication, finance, data analyse, logistique, gestion de projet",5,5.0,5.0
Technico commercial soudage,Dakar,2025-06-30,2025-06-01,CDD,RPORTH,goafricaonline.com,"Finance, Banque & Comptabilité",vente,Non spécifié,,
Commercial électroportatif outillage,Dakar,2025-06-30,2025-06-01,CDD,RPORTH,goafricaonline.com,"Finance, Banque & Comptabilité","vente, logistique",Non spécifié,,
Commercial climatisation,Dakar,2025-06-30,2025-06-01,CDD,RPORTH,goafricaonline.com,"Finance, Banque & Comptabilité",vente,Non spécifié,,
Commercial BTP,Dakar,2025-06-30,2025-06-01,CDD,RPORTH,goafricaonline.com,"Finance, Banque & Comptabilité","vente, logistique, gestion de projet",Non spécifié,,
Chargé(e) de Recrutement en Ligne et Optimisation des Délais,Dakar,2025-06-30,2025-06-01,CDD,AGENCE HYBRIDE,goafricaonline.com,"Finance, Banque & Comptabilité","vente, communication, rh",Non spécifié,,
Directeur RH,Dakar,2025-06-30,2025-06-01,Non spécifié,SN2I,goafricaonline.com,BTP & Industrie,"marketing, vente, finance, programmation, communication, data analyse, rh, logistique, santé, gestion de projet",4,4.0,4.0
Superviseur Service client Experimenté(e),Dakar,2025-06-30,2025-06-01,CDD,GRAZEINA TECHNOLOGIES,goafricaonline.com,Sécurité,"marketing, logistique",Non spécifié,,
Community Manager Cuisines Pulaagu,Dakar,2025-06-30,2025-06-01,Stage,CANAL+ SENEGAL,goafricaonline.com,Marketing & Communication,"marketing, vente, communication, rh, gestion de projet",2,2.0,2.0
(04) Agents d’Entretien d’Entrepôt,Dakar,2025-06-30,2025-06-01,CDD,SUNDA INTERNATIONAL,goafricaonline.com,BTP & Industrie,,Non spécifié,,
Responsable en Suivi Evaluation (RSE) Junior,Dakar,2025-06-30,2025-06-01,CDD,Agence Nationale de la Statistique et de la Démographie-ANSD,goafricaonline.com,Administration & Services publics,"gestion de projet, programmation",4,4.0,4.0
Commercial(e) – Consommables Médicaux,Dakar,2025-06-30,2025-06-01,CDD,Mcs (Management Consulting Services),goafricaonline.com,"Finance, Banque & Comptabilité","vente, marketing, communication, santé",Non spécifié,,
Contrôleur de gestion,Dakar,2025-06-27,2025-06-01,CDD,PROFIL,goafricaonline.com,Administration & Services publics,"vente, finance",2-5,2.0,5.0
Expert Externe,Dakar,2025-06-27,2025-06-01,CDD,Pan African Consortium Of Experts-Pace,goafricaonline.com,ONG & Humanitaire,gestion de projet,Non spécifié,,
Stagiaire Commercial,Dakar,2025-06-27,2025-06-01,Non spécifié,RESIDENCE KALIA,goafricaonline.com,BTP & Industrie,"vente, marketing, communication",Non spécifié,,
Manager Tax & Legal,Dakar,2025-06-27,2025-06-01,Non spécifié,DELOITTE SENEGAL,goafricaonline.com,Technologie & Informatique,"finance, communication, santé, gestion de projet",5-6,5.0,6.0
Chargé(e) du Recrutement & de la Paie,Non spécifié,2025-06-27,2025-06-01,CDD,AMD CORPORATE,goafricaonline.com,Non spécifié,"marketing, vente, finance, communication, data analyse, programmation, rh, santé, gestion de projet",5-10,5.0,10.0
Directeur restauration adjoint,Dakar,2025-06-27,2025-06-01,Non spécifié,HOTEL TERROU BI,goafricaonline.com,Tourisme & Hôtellerie,"vente, rh",5,5.0,5.0
Business Developer,Dakar,2025-06-27,2025-06-01,CDD,GPF SARL,goafricaonline.com,RH & Recrutement,"marketing, vente, communication",5,5.0,5.0
Graphiste,Dakar,2025-06-27,2025-06-01,CDD,INSTITUT FRANCAIS,goafricaonline.com,Tourisme & Hôtellerie,"communication, marketing",Non spécifié,,
Comptable clients,Dakar,2025-06-27,2025-06-01,CDD,SERVTEC Sénégal,goafricaonline.com,RH & Recrutement,,Non spécifié,,
Comptable sénior,Dakar,2025-06-27,2025-06-01,CDD,SERVTEC Sénégal,goafricaonline.com,RH & Recrutement,,5,5.0,5.0
Assistant (e) Accueil et Moyens Généraux,Dakar,2025-06-27,2025-06-01,Non spécifié,RESIDENCE KALIA,goafricaonline.com,BTP & Industrie,"communication, programmation, logistique, santé, gestion de projet",3,3.0,3.0
Dermo-Conseillère,Dakar,2025-06-27,2025-06-01,CDD,PHARMACIE GUIGON,goafricaonline.com,Santé & Bien-être,"vente, santé",2,2.0,2.0
DMEAL Quality Assurance Director,Dakar,2025-06-27,2025-06-01,CDD,Wvi (World Vision International),goafricaonline.com,ONG & Humanitaire,gestion de projet,10,10.0,10.0
Field Innovation & Continuous Improvement Advisor,Dakar,,,CDD,Wvi (World Vision International),goafricaonline.com,ONG & Humanitaire,"programmation, gestion de projet",Non spécifié,,
Advocacy Alignment and Risk Analyst,Dakar,2025-06-27,2025-06-01,CDD,Wvi (World Vision International),goafricaonline.com,ONG & Humanitaire,,Non spécifié,,
Creative Hub (Services) Manager,Dakar,2025-06-27,2025-06-01,CDD,Wvi (World Vision International),goafricaonline.com,ONG & Humanitaire,"marketing, communication, gestion de projet",Non spécifié,,
Data & Capability Advisor,Dakar,2025-06-27,2025-06-01,CDD,Wvi (World Vision International),goafricaonline.com,ONG & Humanitaire,"data analyse, visualisation de données",Non spécifié,,
Chargé de Conseil & d’Expertise,Dakar,2025-06-27,2025-06-01,CDD,Esmt (Ecole Superieure Multinationale Des Telecommunications),goafricaonline.com,Education & Formation,"marketing, programmation, vente, communication, finance, santé, gestion de projet",5,5.0,5.0
KBA Regional Focal Point,Dakar,2025-06-27,2025-06-01,CDD,BIRDLIFE INTERNATIONAL,goafricaonline.com,ONG & Humanitaire,,Non spécifié,,
Finance and Administrative Officer,Dakar,2025-06-27,2025-06-01,CDD,BIRDLIFE INTERNATIONAL,goafricaonline.com,ONG & Humanitaire,"finance, gestion de projet",Non spécifié,,
Prestataire pour Appui au Diagnostic des Processus et Procédures,Dakar,2025-06-27,2025-06-01,CDD,ALIMA,goafricaonline.com,ONG & Humanitaire,"finance, rh, logistique, gestion de projet",Non spécifié,,
Coordinateur régional Protection,Dakar,2025-06-27,2025-06-01,CDD,Terre Des Hommes Lausanne,goafricaonline.com,ONG & Humanitaire,"finance, programmation, santé, gestion de projet",Non spécifié,,
Guest relation/chargée) relations clients,Dakar,2025-06-27,2025-06-01,Non spécifié,HOTEL TERROU BI,goafricaonline.com,Tourisme & Hôtellerie,"vente, communication, finance",Non spécifié,,
Coordonnateur National du Projet Solutions Fondées sur la Nature,Dakar,2025-06-27,2025-06-01,CDD,Iucn (The International Union For Conservation Of Nature),goafricaonline.com,ONG & Humanitaire,"finance, gestion de projet",Non spécifié,,
Televendeur,Dakar,2025-06-27,2025-06-01,Non spécifié,Intelcia,goafricaonline.com,Marketing & Communication,"vente, marketing",Non spécifié,,
echnical Sales H/F,Dakar,2025-06-27,2025-06-01,CDD,AFRICAWORKS DAKAR,goafricaonline.com,Commerce & Vente,vente,10,10.0,10.0
Assistante administrative,Dakar,2025-06-24,2025-06-01,CDD,CSRP,goafricaonline.com,Commerce & Vente,"gestion de projet, vente",Non spécifié,,
Assistant (e) Comptable,Dakar,2025-06-24,2025-06-01,CDD,CSRP,goafricaonline.com,Commerce & Vente,"gestion de projet, vente",Non spécifié,,
Responsable IT,Dakar,2025-06-24,2025-06-01,CDD,CSRP,goafricaonline.com,Commerce & Vente,gestion de projet,Non spécifié,,
Responsable en communication et relation publique,Dakar,2025-06-24,2025-06-01,CDD,CSRP,goafricaonline.com,Commerce & Vente,gestion de projet,Non spécifié,,
Expert (e) en Suivi Evaluation,Dakar,2025-06-24,2025-06-01,CDD,CSRP,goafricaonline.com,Commerce & Vente,gestion de projet,Non spécifié,,
Spécialiste en passation des marchés,Dakar,2025-06-24,2025-06-01,CDD,CSRP,goafricaonline.com,Commerce & Vente,gestion de projet,Non spécifié,,
"Head, Workforce Development",Dakar,2025-06-24,2025-06-01,CDD,MASTERCARD FOUNDATION,goafricaonline.com,ONG & Humanitaire,,Non spécifié,,
"Consultant national – Diagnostic des dépenses des collectivités territoriales, en matière de protection sociale",Dakar,2025-06-24,2025-06-01,CDD,Unicef (Fonds Des Nations Unies Pour L’Enfance),goafricaonline.com,ONG & Humanitaire,"visualisation de données, communication, finance, data analyse, santé",5,5.0,5.0
Responsable Support Technique – Engins de chantier & Services Après-vente,Dakar,2025-06-24,2025-06-01,CDD,TOPWORK SENEGAL,goafricaonline.com,RH & Recrutement,gestion de projet,Non spécifié,,
Développeur(se) Site Web CMS (WordPress),Dakar,2025-06-24,2025-06-01,Stage,GALIMATECH,goafricaonline.com,Technologie & Informatique,"gestion de projet, programmation",Non spécifié,,
Responsable Marketing,Dakar,2025-06-24,2025-06-01,CDD,TOPWORK SENEGAL,goafricaonline.com,RH & Recrutement,"marketing, vente, communication, data analyse",Non spécifié,,
Assistant Programme Monitoring Officer,Dakar,2025-06-24,2025-06-01,CDD,Unhcr (Haut Commissariat Des Nations Unies Pour Les Refugies),goafricaonline.com,ONG & Humanitaire,"finance, gestion de projet",Non spécifié,,
Business Analyst,Dakar,2025-06-24,2025-06-01,CDI,AKILEE SA,goafricaonline.com,Energie & Environnement,"communication, programmation, gestion de projet",2,2.0,2.0
Coordinateur évènementiel,Dakar,2025-06-24,2025-06-01,Non spécifié,HOTEL TERROU BI,goafricaonline.com,Tourisme & Hôtellerie,"vente, logistique",Non spécifié,,
Barman / Barmaid,Dakar,,,CDD/CDI,grillade de Total gazole station,goafricaonline.com,Commerce & Vente,"communication, finance, gestion de projet",2,2.0,2.0
Cuisiniers,Louga,2025-06-24,2025-06-01,CDD/CDI,grillade de Total gazole station,goafricaonline.com,Commerce & Vente,"communication, finance, gestion de projet",2,2.0,2.0
Stagiaire Technicien Expérimenté en Réseaux & Télécoms,Dakar,2025-06-24,2025-06-01,Stage,NETSYSTEME,goafricaonline.com,Technologie & Informatique,"vente, gestion de projet",Non spécifié,,
Stagiaire Commercial Terrain Expérimenté (H/F),Dakar,2025-06-24,2025-06-01,Stage,NETSYSTEME,goafricaonline.com,Technologie & Informatique,"vente, logistique",Non spécifié,,
Stagiaire Développeur expérimenté Python (Flask) & Java (Spring Boot),Dakar,2025-06-24,2025-06-01,Stage,NETSYSTEME,goafricaonline.com,Technologie & Informatique,"programmation, gestion de projet",Non spécifié,,
Grazeina technologies,Non spécifié,2025-06-24,2025-06-01,CDD,"Sécurité, Alarmes - Surveillance",goafricaonline.com,Non spécifié,"finance, rh, logistique",Non spécifié,,
Designer-Graphiste,Dakar,2025-06-24,2025-06-01,CDD/CDI,SODILUXE,goafricaonline.com,Commerce & Vente,"marketing, vente, programmation, communication, data analyse, logistique, gestion de projet",2-3,2.0,3.0
Créateur de contenu,Dakar,2025-06-24,2025-06-01,CDD/CDI,SODILUXE,goafricaonline.com,Commerce & Vente,"marketing, vente, programmation, communication, data analyse, logistique, gestion de projet",2-3,2.0,3.0
Laveurs (Kounoune & Cherif LO),Dakar,2025-06-24,2025-06-01,CDD,INTERNATIONAL STAFFING COMPANY,goafricaonline.com,RH & Recrutement,vente,Non spécifié,,
Pompistes (Kounoune & Cherif LO),Dakar,2025-06-24,2025-06-01,CDD,INTERNATIONAL STAFFING COMPANY,goafricaonline.com,RH & Recrutement,"vente, rh, santé",Non spécifié,,
Chefs de piste (Kounoune & Cherif LO),Dakar,2025-06-24,2025-06-01,CDD,INTERNATIONAL STAFFING COMPANY,goafricaonline.com,RH & Recrutement,"logistique, finance, vente",Non spécifié,,
Stagiaires,Dakar,2025-06-24,2025-06-01,Stage,WIC CAPITAL,goafricaonline.com,"Finance, Banque & Comptabilité","communication, finance, data analyse, marketing, gestion de projet",Non spécifié,,
Technicien sénior,Dakar,2025-06-24,2025-06-01,CDD,BIA DAKAR Sarl,goafricaonline.com,BTP & Industrie,,4,4.0,4.0
Agent de Transit,Dakar,2025-06-24,2025-06-01,CDD,GPF SARL,goafricaonline.com,RH & Recrutement,"communication, logistique",3,3.0,3.0
Head of Department Procurement,Dakar,2025-06-24,2025-06-01,CDI,ERAMET,goafricaonline.com,BTP & Industrie,logistique,15,15.0,15.0
Infirmier(ère) d’Etat en entreprise,Dakar,2025-06-24,2025-06-01,Non spécifié,CCBM VOYAGES,goafricaonline.com,Tourisme & Hôtellerie,"vente, finance, rh, santé, data analyse, logistique, gestion de projet",2,2.0,2.0
Manager commercial Acier,Dakar,2025-06-24,2025-06-01,Non spécifié,CCBM VOYAGES,goafricaonline.com,Tourisme & Hôtellerie,"vente, finance, data analyse, rh, logistique, gestion de projet",5,5.0,5.0
Agent de facturation,Dakar,2025-06-24,2025-06-01,CDD,Leader Interim et Services,goafricaonline.com,RH & Recrutement,vente,2,2.0,2.0
Project Manager,Dakar,2025-06-21,2025-06-01,CDD,RMO,goafricaonline.com,RH & Recrutement,"communication, rh, gestion de projet",3,3.0,3.0
02) Chauffeurs,Dakar,2025-06-21,2025-06-01,CDI,Agence Nationale de la Statistique et de la Démographie-ANSD,goafricaonline.com,Administration & Services publics,"marketing, programmation, communication, finance, data analyse, rh, logistique, santé, gestion de projet",3,3.0,3.0
Responsable Marketing Groupe,Dakar,2025-06-21,2025-06-01,CDD,INTERNATIONAL STAFFING COMPANY,goafricaonline.com,RH & Recrutement,"marketing, vente, communication, data analyse",Non spécifié,,
Project Manager,Dakar,2025-06-21,2025-06-01,CDD,SERVTEC Sénégal,goafricaonline.com,RH & Recrutement,"marketing, vente, finance, communication, data analyse, programmation, rh, santé, gestion de projet",7,7.0,7.0
Consultancy : Pre-feasibility study to set up a Groundwater Access Facility (GAFA),Dakar,2025-06-19,2025-06-01,CDD,Unicef (Fonds Des Nations Unies Pour L’Enfance),goafricaonline.com,ONG & Humanitaire,gestion de projet,15,15.0,15.0
Senior Project management Specialist – GHSD,Dakar,2025-06-19,2025-06-01,Non spécifié,AMBASSADE DES ETATS-UNIS,goafricaonline.com,Technologie & Informatique,"data analyse, santé, gestion de projet",7,7.0,7.0
Stagiaire RH,Dakar,2025-06-19,2025-06-01,Stage,Terre Des Hommes Lausanne,goafricaonline.com,ONG & Humanitaire,"communication, rh",Non spécifié,,
Responsable administratif et financier,Dakar,2025-06-19,2025-06-01,CDD,CCBM ELECTRONICS,goafricaonline.com,Commerce & Vente,"finance, vente, rh, gestion de projet",5-10,5.0,10.0
Senior Project Management Specialist – AF (Nutrition),Dakar,2025-06-19,2025-06-01,Non spécifié,AMBASSADE DES ETATS-UNIS,goafricaonline.com,Technologie & Informatique,"finance, santé, gestion de projet",Non spécifié,,
Conseiller Étudiant / Représentant Pays,Dakar,2025-06-19,2025-06-01,CDD,Saan (Societe Africaine D'Archivage Numerique),goafricaonline.com,Technologie & Informatique,"communication, vente",Non spécifié,,
Community manager,Dakar,2025-06-19,2025-06-01,CDD,2S CONSULTING,goafricaonline.com,"Finance, Banque & Comptabilité","marketing, finance, communication, rh",1-3,1.0,3.0
Senior Project Management Specialist – (AC-GHSD),Dakar,2025-06-19,2025-06-01,Non spécifié,AMBASSADE DES ETATS-UNIS,goafricaonline.com,Technologie & Informatique,"finance, gestion de projet, santé",Non spécifié,,
Senior Project Management Specialist – AF,Dakar,2025-06-19,2025-06-01,Non spécifié,AMBASSADE DES ETATS-UNIS,goafricaonline.com,Technologie & Informatique,"finance, santé, gestion de projet",Non spécifié,,
"Consultant Programme de formation sur la compréhension budgétaire pour les parlementaires, acteurs ministériels et élus locaux au Sénégal",Dakar,2025-06-19,2025-06-01,CDD,Unicef (Fonds Des Nations Unies Pour L’Enfance),goafricaonline.com,ONG & Humanitaire,"finance, data analyse",Non spécifié,,
Agent de programmes,Dakar,2025-06-19,2025-06-01,CDD,Fawe Forum Des Educatrices Africaines Section Senegalaise,goafricaonline.com,ONG & Humanitaire,"communication, gestion de projet",Non spécifié,,
Agent Commercial (H/F),Dakar,2025-06-19,2025-06-01,Stage,HOLLY TRANS LIMITED,goafricaonline.com,Transport & Logistique,"marketing, vente, finance, communication, programmation, logistique",2,2.0,2.0
Assistant executif,Dakar,2025-06-19,2025-06-01,CDD,TOSTAN,goafricaonline.com,ONG & Humanitaire,"communication, gestion de projet",4,4.0,4.0
Associé de programme régional,Dakar,2025-06-19,2025-06-01,CDI,VINCI ENERGIES,goafricaonline.com,Energie & Environnement,"vente, communication, finance, data analyse, rh, logistique, gestion de projet",8,8.0,8.0
Chauffeur-Livreur,Dakar,2025-06-19,2025-06-01,CDD,RPORTH,goafricaonline.com,"Finance, Banque & Comptabilité",logistique,Non spécifié,,
Assistant Rh/Charge De Recrutement,Dakar,2025-06-19,2025-06-01,CDD,Gbg (Global Business Group),goafricaonline.com,"Finance, Banque & Comptabilité","vente, rh",Non spécifié,,
Avocat Junior,Dakar,2025-06-19,2025-06-01,CDD,AFRIC MANAGEMENT,goafricaonline.com,RH & Recrutement,"marketing, vente, finance, communication, data analyse, programmation, rh, santé, gestion de projet",3,3.0,3.0
(04) ingénieurs pétroliers,Dakar,2025-06-19,2025-06-01,CDD,PETROSEN,goafricaonline.com,Energie & Environnement,,Non spécifié,,
Marine Cadet,Dakar,2025-06-19,2025-06-01,CDD,Airswift,goafricaonline.com,RH & Recrutement,gestion de projet,0-5,0.0,5.0
Téléconseillers en prise de rendez-vous B to B,Dakar,2025-06-19,2025-06-01,Non spécifié,LEADS,goafricaonline.com,Commerce & Vente,vente,5,5.0,5.0
Ingénieur DevOps Cloud GCP (Kubernetes / Python / GO),Dakar,2025-06-19,2025-06-01,Stage,GALIMATECH,goafricaonline.com,Technologie & Informatique,"data analyse, communication",7,7.0,7.0
Aide comptable,Dakar,2025-06-19,2025-06-01,CDD,Leader Interim et Services,goafricaonline.com,RH & Recrutement,finance,Non spécifié,,
Commercial(e) freelance,Dakar,2025-06-19,2025-06-01,CDD,OLAM SENEGAL,goafricaonline.com,Agriculture & Agroalimentaire,"marketing, vente, finance, communication, data analyse, programmation, rh, santé, gestion de projet",5,5.0,5.0
Responsable infographie et réseaux Sociaux,Dakar,2025-06-19,2025-06-01,Non spécifié,CCB,goafricaonline.com,BTP & Industrie,"vente, communication, data analyse, marketing, santé, gestion de projet",2,2.0,2.0
Assistant juridique et fiscal (02),Dakar,2025-06-19,2025-06-01,Non spécifié,MOORE SENEGAL,goafricaonline.com,Technologie & Informatique,"gestion de projet, finance",Non spécifié,,
Assistant expertise comptable,Dakar,2025-06-19,2025-06-01,Non spécifié,MOORE SENEGAL,goafricaonline.com,Technologie & Informatique,finance,Non spécifié,,
Consultant Senior Juridique & Fiscal,Dakar,2025-06-19,2025-06-01,Non spécifié,MOORE SENEGAL,goafricaonline.com,Technologie & Informatique,communication,3-5,3.0,5.0
Responsable administratif et financier,Dakar,2025-06-19,2025-06-01,CDD,Ccbm (Comptoir Commercial Bara Mboup),goafricaonline.com,Commerce & Vente,"finance, vente, rh, gestion de projet",5-10,5.0,10.0
Stagiaire en Finance et Administration,Dakar,2025-06-19,2025-06-01,CDD,ASHOKA,goafricaonline.com,ONG & Humanitaire,finance,Non spécifié,,
Attaché Commercial H/F,Dakar,2025-06-18,2025-06-01,CDD,CARRIERE 360,goafricaonline.com,RH & Recrutement,"vente, marketing, communication, gestion de projet",Non spécifié,,
Docteur en pharmacieDocteur en pharmacie,Dakar,,,CDD,PHARMACIE GAMBETTA,goafricaonline.com,Santé & Bien-être,,Non spécifié,,
Livreur professionnel,Dakar,2025-06-18,2025-06-01,Non spécifié,BOUM MARKET,goafricaonline.com,BTP & Industrie,"vente, gestion de projet",2-3,2.0,3.0
Assistante Administrative et RH,Dakar,2025-06-18,2025-06-01,CDD,ELITE RH,goafricaonline.com,RH & Recrutement,"communication, rh, logistique",Non spécifié,,
Retail Maintenance Support (Ingénieur),Dakar,,,Stage,VIVO ENERGY,goafricaonline.com,Transport & Logistique,"communication, gestion de projet",2-4,2.0,4.0
Surveillant des infrastructures de marchés financiers,Dakar,2025-06-18,2025-06-01,CDD,BCEAO Siège,goafricaonline.com,"Finance, Banque & Comptabilité",finance,Non spécifié,,
Chargé de programme,Dakar,2025-06-18,2025-06-01,CDD,BCEAO Siège,goafricaonline.com,"Finance, Banque & Comptabilité",finance,Non spécifié,,
Administrateur réseaux télécoms,Dakar,2025-06-18,2025-06-01,CDD,BCEAO Siège,goafricaonline.com,"Finance, Banque & Comptabilité",finance,2,2.0,2.0
Agent polyvalent,Dakar,2025-06-18,2025-06-01,Non spécifié,BODY ZEN,goafricaonline.com,Santé & Bien-être,logistique,Non spécifié,,
Administrateur systèmes SOC,Dakar,2025-06-18,2025-06-01,CDD,BCEAO Siège,goafricaonline.com,"Finance, Banque & Comptabilité",finance,2,2.0,2.0
Stagiaires en qualité de techniciens de surface,Non spécifié,2025-06-18,2025-06-01,CDD,REGARD GLOBAL SERVICES,goafricaonline.com,Non spécifié,,Non spécifié,,
Agent de service,Dakar,2025-06-18,2025-06-01,CDD,GLOBAL BUSINESS GROUP - GBG,goafricaonline.com,"Finance, Banque & Comptabilité",logistique,5,5.0,5.0
Graphic & Motion Design Intern,Dakar,2025-06-18,2025-06-01,CDD,VOX AGENCY SAS,goafricaonline.com,Marketing & Communication,"gestion de projet, communication, marketing",Non spécifié,,
Superviseur / Formateur Homme Restauration rapid,Dakar,2025-06-18,2025-06-01,CDD/CDI,Restaurant Bon appétit Sénégal,goafricaonline.com,Commerce & Vente,gestion de projet,3-5,3.0,5.0
Directeur Général,Dakar,2025-06-18,2025-06-01,CDD,GPF SARL,goafricaonline.com,RH & Recrutement,"vente, finance, rh, santé, gestion de projet",Non spécifié,,
Informaticien,Dakar,2025-06-18,2025-06-01,CDD,RMO,goafricaonline.com,RH & Recrutement,"vente, programmation, gestion de projet",5,5.0,5.0
Chargé(e) création de contenu / Community Manager,Dakar,2025-06-18,2025-06-01,CDD,GRAZEINA TECHNOLOGIES,goafricaonline.com,Sécurité,"marketing, communication",Non spécifié,,
Esthéticienne confirmée,Dakar,2025-06-18,2025-06-01,Non spécifié,BODY ZEN,goafricaonline.com,Santé & Bien-être,"vente, communication, finance, logistique, gestion de projet",3,3.0,3.0
Infirmier(ère) d’Etat en entreprise,Dakar,2025-06-18,2025-06-01,Non spécifié,Africa Transit Sa (Groupe Ccbm),goafricaonline.com,Transport & Logistique,santé,Non spécifié,,
Stagiaire Archiviste Documentaliste,Dakar,2025-06-18,2025-06-01,CDD,Esmt (Ecole Superieure Multinationale Des Telecommunications),goafricaonline.com,Education & Formation,"marketing, programmation, vente, communication, finance, santé, gestion de projet",2,2.0,2.0
Assistant du Département Formation Continue,Dakar,2025-06-18,2025-06-01,CDD,Esmt (Ecole Superieure Multinationale Des Telecommunications),goafricaonline.com,Education & Formation,"marketing, programmation, vente, communication, finance, rh, santé, logistique, gestion de projet",2,2.0,2.0
Consultant-e Etude socio-anthropologique des VBG,Dakar,2025-06-18,2025-06-01,CDD,ONU-FEMMES,goafricaonline.com,ONG & Humanitaire,gestion de projet,5,5.0,5.0
Consultancy : Pre-feasibility study to set up a Groundwater Access Facility,Dakar,2025-06-18,2025-06-01,CDD,UNICEF,goafricaonline.com,ONG & Humanitaire,"finance, gestion de projet",Non spécifié,,
Ingénieur expérimenté(e) en Réseaux,Dakar,2025-06-18,2025-06-01,CDI,VINCI ENERGIES,goafricaonline.com,Energie & Environnement,"communication, gestion de projet",Non spécifié,,
Lead Access to Finance WAEMU,Dakar,2025-06-18,2025-06-01,CDD,MASTERCARD FOUNDATION,goafricaonline.com,ONG & Humanitaire,"finance, gestion de projet",7,7.0,7.0
Lead Agrifood Systems WAEMU,Dakar,2025-06-18,2025-06-01,CDD,MASTERCARD FOUNDATION,goafricaonline.com,ONG & Humanitaire,"finance, gestion de projet",Non spécifié,,
Executive Assistant WAEMU,Dakar,2025-06-18,2025-06-01,CDD,MASTERCARD FOUNDATION,goafricaonline.com,ONG & Humanitaire,"communication, finance, logistique, gestion de projet",8,8.0,8.0
Responsable Régional ICT4D & ICT,Dakar,2025-06-18,2025-06-01,CDD,Terre Des Hommes Lausanne,goafricaonline.com,ONG & Humanitaire,"santé, gestion de projet, data analyse",Non spécifié,,
Superviseur régional Cash for Education Project,Dakar,2025-06-18,2025-06-01,CDD,WORLD VISION SENEGAL,goafricaonline.com,ONG & Humanitaire,"communication, data analyse, gestion de projet",3,3.0,3.0
Spécialiste du développement de partenariats avec le secteur privé,Dakar,2025-06-18,2025-06-01,CDD,ONU-FEMMES,goafricaonline.com,ONG & Humanitaire,"communication, gestion de projet",7,7.0,7.0
Standardiste expérimenté(e) chargé(e) de la clientèle,Dakar,2025-06-18,2025-06-01,CDD,GRAZEINA TECHNOLOGIES,goafricaonline.com,Sécurité,vente,Non spécifié,,
Comptable,Dakar,2025-06-18,2025-06-01,Non spécifié,ELITE,goafricaonline.com,Tourisme & Hôtellerie,"vente, finance, data analyse, rh, logistique, gestion de projet",2,2.0,2.0
Technicien·ne en transformation agroalimentaire,Dakar,2025-06-18,2025-06-01,Non spécifié,ECOLE MARIAMA NIASS,goafricaonline.com,Education & Formation,"marketing, programmation, communication, finance, data analyse, gestion de projet",2,2.0,2.0
Technicien·ne de laboratoire agroalimentaire,Dakar,2025-06-18,2025-06-01,Non spécifié,ECOLE MARIAMA NIASS,goafricaonline.com,Education & Formation,"marketing, programmation, communication, finance, data analyse, gestion de projet",2,2.0,2.0
Assistant(e) Technico-commercial(e) Réseaux Systèmes,Dakar,2025-06-18,2025-06-01,CDD,GRAZEINA TECHNOLOGIES,goafricaonline.com,Sécurité,"vente, data analyse, programmation, logistique",Non spécifié,,
Assistante Administrative/ Gestionnaire de Stock,Dakar,2025-06-18,2025-06-01,CDD,ELITE RH,goafricaonline.com,RH & Recrutement,"finance, communication, logistique",Non spécifié,,
Stagiaire – Téléservices Digitaux & Rédaction,Dakar,2025-06-18,2025-06-01,CDD,AGENCE HYBRIDE,goafricaonline.com,"Finance, Banque & Comptabilité","rh, finance",Non spécifié,,
Médecin généraliste,Dakar,2025-06-12,2025-06-01,CDI,Pad (Port Autonome De Dakar),goafricaonline.com,Transport & Logistique,"santé, logistique",2,2.0,2.0
Conseiller Client,Dakar,2025-06-12,2025-06-01,CDD,MARCODI BUSINESS GROUP,goafricaonline.com,Transport & Logistique,"programmation, vente, communication, finance, data analyse, rh, logistique, santé, gestion de projet",2,2.0,2.0
Chargé·e de projet – Protection des lanceurs d’alerte et lutte contre les flux financiers illicites,Dakar,2025-06-12,2025-06-01,CDD,PPLAAF,goafricaonline.com,ONG & Humanitaire,"communication, finance, programmation, gestion de projet",2,2.0,2.0
Equipe comptable et contrôle de gestion,Pikine,2025-06-12,2025-06-01,Stage,IBS,goafricaonline.com,BTP & Industrie,"marketing, vente, finance, programmation, communication, rh, gestion de projet",2,2.0,2.0
Consultants Fonds Catalyseur et Outils d’Investissement,Dakar,2025-06-12,2025-06-01,CDD,Winrock International - Wi,goafricaonline.com,ONG & Humanitaire,,Non spécifié,,
Responsable Services Support,Mbour,2025-06-12,2025-06-01,CDD,ACF INTERNATIONAL,goafricaonline.com,"Finance, Banque & Comptabilité","finance, communication, programmation, data analyse, rh, santé, logistique, gestion de projet",5,5.0,5.0
Consultants Conseiller en Développement Commercial et Renforcement des Capacités,Dakar,2025-06-12,2025-06-01,CDD,Winrock International - Wi,goafricaonline.com,ONG & Humanitaire,"programmation, vente",Non spécifié,,
Gestionnaire / Lead SMI (Système de Management Intégré),Dakar,2025-06-12,2025-06-01,CDI,La Laiterie Du Berger,goafricaonline.com,Agriculture & Agroalimentaire,,Non spécifié,,
Spécialiste Technique Régional MHPSS,Dakar,2025-06-12,2025-06-01,CDD,HANDICAP INTERNATIONAL,goafricaonline.com,ONG & Humanitaire,"programmation, gestion de projet",Non spécifié,,
Ingénieure / Ingénieur Géologue Ressources,Dakar,2025-06-12,2025-06-01,CDI,ERAMET,goafricaonline.com,BTP & Industrie,,5,5.0,5.0
Serveur,Louga,2025-06-12,2025-06-01,CDD/CDI,grillade de Total gazole station,goafricaonline.com,Commerce & Vente,"communication, finance, gestion de projet",2,2.0,2.0
Agent opérationnel,Dakar,2025-06-12,2025-06-01,CDD,RPORTH,goafricaonline.com,"Finance, Banque & Comptabilité","logistique, communication",Non spécifié,,
Approvisionneur,Dakar,2025-06-12,2025-06-01,CDI,ERAMET,goafricaonline.com,BTP & Industrie,"vente, finance, logistique",2,2.0,2.0
Cuisinier,Louga,2025-06-12,2025-06-01,CDD/CDI,grillade de Total gazole station,goafricaonline.com,Commerce & Vente,"communication, finance, gestion de projet",2,2.0,2.0
Responsable Agence,Dakar,2025-06-12,2025-06-01,CDD,RPORTH,goafricaonline.com,"Finance, Banque & Comptabilité","logistique, vente",Non spécifié,,
Resource Geologist,Dakar,2025-06-12,2025-06-01,CDI,ERAMET,goafricaonline.com,BTP & Industrie,,5,5.0,5.0
Specialist Private Sector Partnership Development,Dakar,2025-06-12,2025-06-01,CDD,ONU-FEMMES,goafricaonline.com,ONG & Humanitaire,,Non spécifié,,
Chef de Mission de l’AT,Dakar,2025-06-12,2025-06-01,CDD,GINGER SOFRECO,goafricaonline.com,BTP & Industrie,"finance, gestion de projet",10,10.0,10.0
Ingénieur routier spécialisé en conception de routes et ponts,Dakar,2025-06-12,2025-06-01,CDD,GINGER SOFRECO,goafricaonline.com,BTP & Industrie,"logistique, gestion de projet, finance",Non spécifié,,
Consultant for Proposal and Report Writing,Dakar,2025-06-12,2025-06-01,CDD,TOSTAN,goafricaonline.com,ONG & Humanitaire,"finance, communication",Non spécifié,,
Commercial terrain,Dakar,2025-06-12,2025-06-01,CDD,LE LIONCEAU,goafricaonline.com,Santé & Bien-être,"vente, communication, santé",Non spécifié,,
HR Analyst,Dakar,2025-06-12,2025-06-01,CDD,ONU-FEMMES,goafricaonline.com,ONG & Humanitaire,rh,Non spécifié,,
Partnerships Associate Francophone West Africa (Bilingual),Dakar,2025-06-12,2025-06-01,CDD,SUN KING,goafricaonline.com,Energie & Environnement,"marketing, vente, data analyse, logistique",3,3.0,3.0
Assistant (e) pour le Centre National de Microscopie Électronique de la Cité du Savoir,Dakar,2025-06-12,2025-06-01,CDD,MESRI,goafricaonline.com,Education & Formation,"marketing, programmation, vente, communication, finance, rh, santé, logistique, gestion de projet",2,2.0,2.0
Responsable du Centre National de Microscopie Électronique de la Cité du Savoir,Dakar,2025-06-12,2025-06-01,CDD,MESRI,goafricaonline.com,Education & Formation,"marketing, programmation, vente, communication, finance, santé, gestion de projet",2,2.0,2.0
Responsable technique (Ingénieur de recherche) en microscopie électronique,Dakar,2025-06-12,2025-06-01,CDD,MESRI,goafricaonline.com,Education & Formation,"marketing, programmation, vente, communication, finance, santé, gestion de projet",2,2.0,2.0
Sales Team Leader,Dakar,2025-06-12,2025-06-01,Non spécifié,DEXINTEC,goafricaonline.com,BTP & Industrie,vente,Non spécifié,,
Stagiaire Assistant(e) Administratif(e),Dakar,2025-06-12,2025-06-01,Stage,GRAZEINA TECHNOLOGIES,goafricaonline.com,Sécurité,"marketing, finance, vente, communication, rh, logistique",2,2.0,2.0
Regional People and Culture Director,Dakar,2025-06-12,2025-06-01,CDD,Wvi (World Vision International),goafricaonline.com,ONG & Humanitaire,"communication, finance, rh, gestion de projet",8,8.0,8.0
(03) Réceptionnistes,Dakar,2025-06-12,2025-06-01,Non spécifié,HOTEL TERROU BI,goafricaonline.com,Tourisme & Hôtellerie,communication,Non spécifié,,
(02) Chargé(e)s de Relation Client,Dakar,2025-06-12,2025-06-01,CDD,AFRETY,goafricaonline.com,Transport & Logistique,"vente, communication",Non spécifié,,
Chargé de la Communication du Marketing numérique et de la Conception,Dakar,2025-06-12,2025-06-01,CDD,PLAN INTERNATIONAL SENEGAL,goafricaonline.com,ONG & Humanitaire,"marketing, communication",Non spécifié,,
Directeur de l’Influence et de la Communication,Dakar,2025-06-12,2025-06-01,CDD,PLAN INTERNATIONAL SENEGAL,goafricaonline.com,ONG & Humanitaire,communication,Non spécifié,,
"Assistant Chef de Projet (Informatique, Organisation & Banque)",Non spécifié,2025-06-12,2025-06-01,CDD,AMD CORPORATE,goafricaonline.com,Non spécifié,"marketing, vente, finance, communication, data analyse, programmation, rh, santé, gestion de projet",3,3.0,3.0
Serveur/se,Dakar,2025-06-12,2025-06-01,CDD/CDI,TRATTORIA DA ALEX,goafricaonline.com,Commerce & Vente,"communication, finance, gestion de projet",2,2.0,2.0
Responsable Economat,Dakar,2025-06-12,2025-06-01,CDD,GPF SARL,goafricaonline.com,RH & Recrutement,logistique,Non spécifié,,
Manager commercial Acier,Dakar,2025-06-12,2025-06-01,CDD,SUNDA INTERNATIONAL,goafricaonline.com,BTP & Industrie,vente,5,5.0,5.0
Superviseur Archiviste,Dakar,2025-06-12,2025-06-01,CDD,SUNDA INTERNATIONAL,goafricaonline.com,BTP & Industrie,"rh, data analyse, logistique",3-5,3.0,5.0
Attaché (e) d’administration universitaire chargé (e) de la communication et du partenariat,Dakar,2025-06-12,2025-06-01,CDD,Centre De Calcul Informatique Ucad,goafricaonline.com,Education & Formation,"marketing, programmation, vente, communication, finance, santé, gestion de projet",1,1.0,1.0
Agents commerciaux expérimentés,Dakar,2025-06-12,2025-06-01,CDD,SUNDA INTERNATIONAL,goafricaonline.com,BTP & Industrie,"vente, communication",Non spécifié,,
Technicien en Tuyauterie Industrielle,Dakar,2025-06-12,2025-06-01,CDD,SENEGAL INOX,goafricaonline.com,BTP & Industrie,,Non spécifié,,
Directeur(trice) Administratif(ve) et Financier(ère),Dakar,2025-06-12,2025-06-01,CDI,FONSIS,goafricaonline.com,"Finance, Banque & Comptabilité","finance, communication, rh, gestion de projet",10,10.0,10.0
Trade Marketing Manager,Dakar,2025-06-12,2025-06-01,CDD,INTERNATIONAL STAFFING COMPANY,goafricaonline.com,RH & Recrutement,"vente, marketing, communication",Non spécifié,,
Assistante de Direction DEX (H/F),Dakar,2025-06-12,2025-06-01,CDD,ELITE RH,goafricaonline.com,RH & Recrutement,communication,5,5.0,5.0
Drh,Dakar,2025-06-12,2025-06-01,CDD,CFAO Sénégal,goafricaonline.com,Commerce & Vente,"marketing, vente, finance, programmation, rh, logistique, gestion de projet",10,10.0,10.0
Consultant SAP & Supply Chain (H/F),Dakar,2025-06-12,2025-06-01,CDD,GLOBAL TALENT,goafricaonline.com,"Finance, Banque & Comptabilité",,Non spécifié,,
Chargé de projet,Fatick,2025-06-05,2025-06-01,CDD,AUBERGE BOUFFE-BARBARA KAUFMANN,goafricaonline.com,Tourisme & Hôtellerie,"communication, finance, marketing, logistique, gestion de projet",Non spécifié,,
Assistant de direction,Dakar,2025-06-05,2025-06-01,CDD,Bank Of Africa - Boa,goafricaonline.com,"Finance, Banque & Comptabilité","communication, finance",Non spécifié,,
Business Developer,Dakar,2025-06-05,2025-06-01,CDD,MANDARINE,goafricaonline.com,Marketing & Communication,communication,Non spécifié,,
Commercial Engin Lourd,Dakar,2025-06-05,2025-06-01,CDD,Gbg (Global Business Group),goafricaonline.com,"Finance, Banque & Comptabilité","marketing, vente, finance, communication, rh",3,3.0,3.0
Support Excellence Associate,Dakar,2025-06-05,2025-06-01,CDD,RELIANCE HEATH,goafricaonline.com,Transport & Logistique,"communication, santé",Non spécifié,,
Senior Growth Marketing Associate,Dakar,2025-06-05,2025-06-01,CDD,RELIANCE HEATH,goafricaonline.com,Transport & Logistique,"marketing, vente, programmation, communication, data analyse, santé",3,3.0,3.0
Senior Direct Marketing Associate,Dakar,2025-06-05,2025-06-01,CDD,RELIANCE HEATH,goafricaonline.com,Transport & Logistique,"vente, marketing, santé, gestion de projet",3,3.0,3.0
Stagiaire Comptable,Dakar,2025-06-05,2025-06-01,Stage,Cabinet De Gestion De Bien Immobilieres - Cgbi,goafricaonline.com,BTP & Industrie,"marketing, vente, finance, programmation, communication, rh, gestion de projet",2,2.0,2.0
Sales Development Associate,Dakar,2025-06-05,2025-06-01,CDD,RELIANCE HEATH,goafricaonline.com,Transport & Logistique,"marketing, vente, communication, finance, programmation, santé",Non spécifié,,
Mécanicien,Dakar,2025-06-05,2025-06-01,Non spécifié,SUNDA INTERNATIONAL,goafricaonline.com,BTP & Industrie,"marketing, vente, finance, programmation, communication, data analyse, logistique, santé, gestion de projet",8,8.0,8.0
Responsable Développement Commercial,Dakar,2025-06-05,2025-06-01,Alternance,NUTRIGOOD,goafricaonline.com,Education & Formation,"marketing, vente, communication, finance, data analyse",Non spécifié,,
Développeurs Juniors Fullstack,Dakar,2025-06-05,2025-06-01,CDD,ATOS SENEGAL,goafricaonline.com,Technologie & Informatique,"vente, programmation, communication, data analyse, gestion de projet",5,5.0,5.0
Associé aux ventes,Dakar,2025-06-05,2025-06-01,CDD,RELIANCE HEATH,goafricaonline.com,Transport & Logistique,"vente, marketing, communication, programmation, santé",Non spécifié,,
Sales Administrator,Dakar,2025-06-05,2025-06-01,CDD,RELIANCE HEATH,goafricaonline.com,Transport & Logistique,"vente, communication, santé, data analyse",Non spécifié,,
Provider Relations Associate,Dakar,2025-06-05,2025-06-01,CDD,RELIANCE HEATH,goafricaonline.com,Transport & Logistique,santé,Non spécifié,,
Customer Service Officer,Dakar,2025-06-05,2025-06-01,CDD,RELIANCE HEATH,goafricaonline.com,Transport & Logistique,"communication, finance, santé",Non spécifié,,
Engineering Project Manager,Dakar,2025-06-05,2025-06-01,CDD,Phoenix Consulting Group - Pcg,goafricaonline.com,RH & Recrutement,gestion de projet,Non spécifié,,
Spécialiste Technique Régional Réadaptation – Région Sahel Afrique de l’Ouest,Dakar,2025-06-05,2025-06-01,CDD,HANDICAP INTERNATIONAL,goafricaonline.com,ONG & Humanitaire,"programmation, santé, gestion de projet",Non spécifié,,
Un (e) Senior Access and Security,Dakar,2025-06-05,2025-06-01,CDD,Crs – Catholic Relief Services,goafricaonline.com,ONG & Humanitaire,santé,Non spécifié,,
Cuisinier (homme),Dakar,2025-06-02,2025-06-01,CDD,AGENCE HYBRIDE,goafricaonline.com,"Finance, Banque & Comptabilité",,Non spécifié,,
Data Business Analyst,Dakar,2025-06-02,2025-06-01,CDD,BAOBAB,goafricaonline.com,"Finance, Banque & Comptabilité","data analyse, communication, gestion de projet",3,3.0,3.0
Chef de service Achats,Dakar,2025-06-02,2025-06-01,CDI,ERAMET,goafricaonline.com,BTP & Industrie,logistique,15,15.0,15.0
Comptable,Dakar,2025-06-02,2025-06-01,CDD,DELTA SENEGAL,goafricaonline.com,Commerce & Vente,finance,Non spécifié,,
Comptable fournisseurs et achats divers,Dakar,2025-06-02,2025-06-01,CDD,RMO,goafricaonline.com,RH & Recrutement,finance,2,2.0,2.0
Juriste expérimenté,Dakar,2025-06-02,2025-06-01,CDI,FONSIS,goafricaonline.com,"Finance, Banque & Comptabilité","finance, gestion de projet",Non spécifié,,
Gérant(e) salon de beauté,Dakar,2025-06-02,2025-06-01,Non spécifié,BODY ZEN,goafricaonline.com,Santé & Bien-être,"vente, finance, programmation, marketing, logistique, gestion de projet",Non spécifié,,
Mécanicien automobile,Dakar,2025-06-02,2025-06-01,CDD,Ccbm (Comptoir Commercial Bara Mboup),goafricaonline.com,Technologie & Informatique,"marketing, vente, communication, programmation, rh",2,2.0,2.0
Chargé de gestion de programme,Dakar,2025-06-02,2025-06-01,CDD,United Nations Organization On Drugs And Crime,goafricaonline.com,Administration & Services publics,gestion de projet,Non spécifié,,
Responsable régional des ventes,Dakar,2025-06-02,2025-06-01,CDD,INTERNATIONAL STAFFING COMPANY,goafricaonline.com,RH & Recrutement,vente,Non spécifié,,
Responsable RH,Dakar,2025-06-02,2025-06-01,CDD,Wvi (World Vision International),goafricaonline.com,ONG & Humanitaire,"rh, gestion de projet",5,5.0,5.0
Data Analyst,Dakar,2025-06-02,2025-06-01,CDD,BAOBAB,goafricaonline.com,"Finance, Banque & Comptabilité","visualisation de données, communication, finance, data analyse",2,2.0,2.0
Chargé(e) Opérations Trade Finance en remplacement congé maternité,Dakar,2025-06-02,2025-06-01,CDD,AMD CORPORATE,goafricaonline.com,RH & Recrutement,finance,Non spécifié,,
Responsable de la Trésorerie,Dakar,2025-06-02,2025-06-01,CDD,Groupe Cofina (Compagnie Financiere Africaine),goafricaonline.com,"Finance, Banque & Comptabilité",finance,Non spécifié,,
Assistante Administrative & Caissière Bilingue,Dakar,2025-06-02,2025-06-01,CDD,Phoenix Consulting Group Sn,goafricaonline.com,RH & Recrutement,"finance, vente, logistique",Non spécifié,,
Responsable du programme justice sociale,Dakar,2025-06-02,2025-06-01,CDD,OXFAM GRANDE-BRETAGNE,goafricaonline.com,ONG & Humanitaire,"communication, gestion de projet",Non spécifié,,
"Strategic Advisor, Sustainable Finance",Dakar,2025-06-02,2025-06-01,CDD,ONU-FEMMES,goafricaonline.com,ONG & Humanitaire,"finance, programmation, rh",Non spécifié,,
Treasury director (directeur / directrice de la trésorerie),Non spécifié,2025-06-02,2025-06-01,CDD,AMD CORPORATE,goafricaonline.com,Non spécifié,"finance, vente, communication",10,10.0,10.0
Information Management System Officer – SRF,Dakar,2025-06-02,2025-06-01,CDD/CDI,Dji Na Rafete Couture - Drc,goafricaonline.com,BTP & Industrie,data analyse,Non spécifié,,
Mécanicien de Précision – Usine de Sindia,Dakar,2025-06-02,2025-06-01,Non spécifié,SUNDA INTERNATIONAL,goafricaonline.com,BTP & Industrie,"marketing, vente, finance, programmation, communication, data analyse, logistique, santé, gestion de projet",2,2.0,2.0
Superviseur Comptable Bilingue,Dakar,2025-06-02,2025-06-01,CDD,SUNDA INTERNATIONAL,goafricaonline.com,BTP & Industrie,"finance, data analyse",5,5.0,5.0
Chargé de communication SRF,Dakar,2025-06-02,2025-06-01,CDD/CDI,Dji Na Rafete Couture - Drc,goafricaonline.com,BTP & Industrie,"programmation, communication, marketing, logistique, gestion de projet",2,2.0,2.0
Ingénieur sénior support monétique,Dakar,2025-06-02,2025-06-01,CDI,GIM-UEMOA,goafricaonline.com,"Finance, Banque & Comptabilité",gestion de projet,Non spécifié,,
10 jeunes diplômés en comptabilité,Dakar,2025-06-02,2025-06-01,CDD,NEOPROD iNTERNATIONAL,goafricaonline.com,"Finance, Banque & Comptabilité","marketing, finance, communication, rh",1-3,1.0,3.0
Regional Climate Coordinator,Dakar,2025-06-02,2025-06-01,CDD,DRC,goafricaonline.com,ONG & Humanitaire,"finance, gestion de projet",Non spécifié,,
Chargé·e en gestion de l’information administrative,Dakar,2025-06-02,2025-06-01,CDD,DRC,goafricaonline.com,ONG & Humanitaire,"communication, finance, programmation",Non spécifié,,
Technico-commercial métallurgie,Dakar,2025-06-02,2025-06-01,CDD,Cabinet E-RH Consulting,goafricaonline.com,RH & Recrutement,"vente, marketing, communication",Non spécifié,,
Bénévole ou Stagiaire en Gestion de Projet,Pikine,2025-06-02,2025-06-01,CDD,VILLAGE PILOTE,goafricaonline.com,ONG & Humanitaire,"communication, finance, marketing, logistique, gestion de projet",Non spécifié,,
Cuisinière Résidente Expérimentée,Dakar,2025-06-02,2025-06-01,CDD,AGENCE HYBRIDE,goafricaonline.com,RH & Recrutement,,Non spécifié,,
Agent Commercial Terrain,Dakar,2025-06-02,2025-06-01,CDD,Phoenix Consulting Group - Pcg,goafricaonline.com,RH & Recrutement,"vente, marketing, communication",Non spécifié,,
Technicien Supervision CSM,Dakar,2025-06-02,2025-06-01,CDD/CDI,Gbg (Global Business Group),goafricaonline.com,"Finance, Banque & Comptabilité","logistique, data analyse, gestion de projet",Non spécifié,,
Chauffeur yango,Dakar,2025-06-02,2025-06-01,CDD,URBAN CARS SENEGAL,goafricaonline.com,Transport & Logistique,logistique,10,10.0,10.0
Assistant Traffic Manager,Dakar,2025-06-02,2025-06-01,CDD,Gbg (Global Business Group),goafricaonline.com,"Finance, Banque & Comptabilité",data analyse,Non spécifié,,
Vente de nems,Ross Bethio,2025-06-02,2025-06-01,CDD,Seck Global Business,goafricaonline.com,Technologie & Informatique,vente,Non spécifié,,
Bénévole ou Stagiaire en Gestion de Projet pour la mission : « Sauver Abibou : un combat pour la Vie ! » Non rémunéré,Dakar,2025-06-02,2025-06-01,CDD,VILLAGE PILOTE,goafricaonline.com,ONG & Humanitaire,"communication, finance, marketing, logistique, gestion de projet",Non spécifié,,
Chauffeur Vtc (Yango),Dakar,2025-06-02,2025-06-01,CDD/Freelance,Go Services,goafricaonline.com,Transport & Logistique,"vente, communication, programmation, rh, gestion de projet",2,2.0,2.0
Nounou / Garde d’Enfant,Dakar,2025-06-02,2025-06-01,CDD,AGENCE HYBRIDE,goafricaonline.com,RH & Recrutement,,Non spécifié,,
Technicien IT Junior,Dakar,2025-06-02,2025-06-01,CDD,TOPWORK SENEGAL,goafricaonline.com,RH & Recrutement,,Non spécifié,,
Commercial,Dakar,2025-06-02,2025-06-01,CDD,TOPWORK SENEGAL,goafricaonline.com,RH & Recrutement,"vente, marketing, logistique",2,2.0,2.0
Cuisiniers à Domicile (Almadies & Mermoz),Dakar,2025-06-02,2025-06-01,CDD,AGENCE HYBRIDE,goafricaonline.com,RH & Recrutement,"marketing, vente, finance, communication, data analyse, programmation, rh, santé, gestion de projet",3,3.0,3.0
Consultant national,Dakar,2025-06-02,2025-06-01,CDD,ONU-FEMMES,goafricaonline.com,ONG & Humanitaire,communication,2,2.0,2.0
Assistant de projet,Dakar,2025-06-02,2025-06-01,CDD,ONU-FEMMES,goafricaonline.com,ONG & Humanitaire,gestion de projet,Non spécifié,,
Commerciaux,Dakar,2025-06-02,2025-06-01,CDD,WEBTEL,goafricaonline.com,Marketing & Communication,"vente, marketing, communication",Non spécifié,,
Chef de projet - installation usine / goyum,Dakar,2025-06-02,2025-06-01,CDD,TOPWORK SENEGAL,goafricaonline.com,RH & Recrutement,"communication, gestion de projet",5,5.0,5.0
"Chargé·e de recherche bilingue en économie, statistiques, finance",Dakar,2025-06-02,2025-06-01,CDD,WATHI THINK TANK,goafricaonline.com,Administration & Services publics,"finance, data analyse, programmation, rh, santé, logistique, gestion de projet",3,3.0,3.0
Superviseur de sécurité,Dakar,2025-06-02,2025-06-01,CDD,Leader Interim et Services,goafricaonline.com,RH & Recrutement,communication,Non spécifié,,
Agent de securité,Dakar,2025-06-02,2025-06-01,CDD,Leader Interim et Services,goafricaonline.com,RH & Recrutement,,Non spécifié,,
Business Analyst Digitalization,Dakar,2025-06-02,2025-06-01,CDD,Baobab,goafricaonline.com,"Finance, Banque & Comptabilité",gestion de projet,Non spécifié,,
Coiffeuse Spécialisée en Locks,Dakar,2025-06-02,2025-06-01,CDD,LOCKS DAKAR,goafricaonline.com,Santé & Bien-être,vente,Non spécifié,,
Secrétaire chargée du parrainage,Dakar,2025-06-02,2025-06-01,CDD,Sos Villages D'Enfants Senegal,goafricaonline.com,Santé & Bien-être,"communication, finance, data analyse, santé, gestion de projet",Non spécifié,,
Peintre,Dakar,2025-06-02,2025-06-01,CDD,ELITE RH,goafricaonline.com,RH & Recrutement,rh,Non spécifié,,
Responsable Administratif et Financier,Dakar,2025-06-02,2025-06-01,CDD,CABINET PROFIL,goafricaonline.com,RH & Recrutement,"marketing, vente, finance, communication, programmation, data analyse, rh, santé, gestion de projet",5,5.0,5.0
Responsable atelier menuiserie,Dakar,2025-06-02,2025-06-01,CDD,RPORTH,goafricaonline.com,"Finance, Banque & Comptabilité",communication,5,5.0,5.0
Technicien Maintenance,Dakar,,,CDI,La Laiterie Du Berger,goafricaonline.com,Agriculture & Agroalimentaire,,Non spécifié,,
Superviseur Contrôle Qualité Bilingue,Dakar,2025-06-02,2025-06-01,CDD,SUNDA INTERNATIONAL,goafricaonline.com,BTP & Industrie,logistique,2,2.0,2.0
Spécialiste Technique Régional Inclusion Economique et Moyens d’Existence,Dakar,2025-06-02,2025-06-01,CDD,HANDICAP INTERNATIONAL,goafricaonline.com,ONG & Humanitaire,"programmation, santé, gestion de projet",7,7.0,7.0
Coordinateur de Projet,Dakar,2025-06-02,2025-06-01,Non spécifié,TUTO SN,goafricaonline.com,Education & Formation,"marketing, programmation, communication, finance, data analyse, gestion de projet",2,2.0,2.0
Spécialiste Technique Régional Education Inclusive,Dakar,2025-06-02,2025-06-01,CDD,HANDICAP INTERNATIONAL,goafricaonline.com,ONG & Humanitaire,"programmation, santé, gestion de projet",Non spécifié,,
Assistant Traffic Manager,Dakar,2025-06-02,2025-06-01,CDD,AFRIC MANAGEMENT,goafricaonline.com,RH & Recrutement,"marketing, vente, finance, programmation, communication, data analyse, rh, santé, gestion de projet",2-3,2.0,3.0
Coach Expérience Utilisateur (UX) et Interface Utilisateur (UI),Dakar,2025-06-02,2025-06-01,CDD,AFRIC MANAGEMENT,goafricaonline.com,RH & Recrutement,"marketing, vente, finance, programmation, communication, data analyse, rh, santé, gestion de projet",2,2.0,2.0
Formation en Management de la Sécurité ISO 9901,Dakar,2025-05-26,2025-05-01,Alternance,AFRICAN BUSINESS ACADEMY,goafricaonline.com,Education & Formation,"finance, gestion de projet",Non spécifié,,
Développeur Web et Mobile Bilingue (Anglais/Français),Keur Massar,2025-05-22,2025-05-01,CDD,Private School Cheikh Hamidou Kane,goafricaonline.com,Education & Formation,"programmation, gestion de projet",Non spécifié,,
Stagiaires en qualité de techniciens de surface,Dakar,2025-05-22,2025-05-01,CDD,Regard Global Services,goafricaonline.com,BTP & Industrie,"marketing, vente, santé",2,2.0,2.0
Chargé(e) Opérations Trade Finance,Dakar,2025-05-22,2025-05-01,CDD,AMD CORPORATE,goafricaonline.com,RH & Recrutement,finance,Non spécifié,,
Assistant·e Service Recrutement F/H,Dakar,2025-05-22,2025-05-01,CDD,Msf (Moniz Da Maia Serra & Fortunato Empreiteiro),goafricaonline.com,BTP & Industrie,"marketing, rh",2,2.0,2.0
Business Développeur / Développeur d’Affaires,Dakar,2025-05-22,2025-05-01,CDD,WEBTEL,goafricaonline.com,Marketing & Communication,"marketing, vente, communication",Non spécifié,,
Chargé d’affaires,Dakar,2025-05-22,2025-05-01,CDD,GPF SARL,goafricaonline.com,RH & Recrutement,"vente, communication",Non spécifié,,
Consultancy – WASH Innovative Finance Specialist,Dakar,,,CDD,Unicef (Fonds Des Nations Unies Pour L’Enfance),goafricaonline.com,ONG & Humanitaire,,Non spécifié,,
Assistante de direction bilingue,Dakar,2025-05-22,2025-05-01,CDD,TOPWORK SENEGAL,goafricaonline.com,RH & Recrutement,communication,5,5.0,5.0
Business Developer bilingue,Dakar,2025-05-22,2025-05-01,CDD,TOPWORK SENEGAL,goafricaonline.com,RH & Recrutement,"marketing, rh",2,2.0,2.0
MEAL Manager Régional,Dakar,2025-05-22,2025-05-01,CDD,HANDICAP INTERNATIONAL,goafricaonline.com,ONG & Humanitaire,gestion de projet,Non spécifié,,
Responsable administratif & financier,Dakar,2025-05-22,2025-05-01,CDD,AMD CORPORATE,goafricaonline.com,RH & Recrutement,finance,5,5.0,5.0
Commerciaux,Dakar,2025-05-22,2025-05-01,CDD,Regard Global Services,goafricaonline.com,BTP & Industrie,"marketing, vente, santé",2,2.0,2.0
Chargé (e) de l’expérience client,Dakar,2025-05-22,2025-05-01,Non spécifié,Résidences KALIA,goafricaonline.com,BTP & Industrie,"marketing, communication, programmation, rh, logistique, santé, gestion de projet",3,3.0,3.0
Assistant infirmier,Dakar,2025-05-22,2025-05-01,CDD,Clinique Medico-Chirurgicale Dr Yare Fall,goafricaonline.com,Santé & Bien-être,"finance, santé, gestion de projet",Non spécifié,,
Coordinateur réseaux sociaux,Dakar,2025-05-22,2025-05-01,Stage,CANAL + SENEGAL,goafricaonline.com,Marketing & Communication,"marketing, vente, communication, rh, gestion de projet",Non spécifié,,
Coordonnateur levage,Dakar,2025-05-22,2025-05-01,Non spécifié,Africa Global Logistics Sénégal,goafricaonline.com,Transport & Logistique,"logistique, gestion de projet",Non spécifié,,
Conseiller clientele pme h/f,Dakar,2025-05-22,2025-05-01,CDI,Banque Islamique du Senegal,goafricaonline.com,"Finance, Banque & Comptabilité","finance, vente",Non spécifié,,
Caissier h/f,Dakar,2025-05-22,2025-05-01,CDD,Banque Islamique du Senegal,goafricaonline.com,"Finance, Banque & Comptabilité",finance,0-3,0.0,3.0
Manager des Opérations de Sécurité,Dakar,2025-05-21,2025-05-01,CDD,Tectra Sénégal (Dakar),goafricaonline.com,RH & Recrutement,"marketing, vente, finance, communication, data analyse, programmation, rh, logistique, santé, gestion de projet",8-10,8.0,10.0
Consulente Clienti Di Lingua Italiana E Francese,Dakar,2025-05-21,2025-05-01,CDD,Majorel Site Jambaar,goafricaonline.com,Marketing & Communication,"marketing, communication",Non spécifié,,
International Recruiter,Dakar,2025-05-21,2025-05-01,CDD,AFRICAWORKS DAKAR,goafricaonline.com,Commerce & Vente,communication,Non spécifié,,
Stagiaire en Moyens Généraux,Dakar,2025-05-21,2025-05-01,CDD,Majorel Site Jambaar,goafricaonline.com,Marketing & Communication,"vente, santé, logistique",Non spécifié,,
Asesor de Clientes Hispanohablantes Y Francófonos,Dakar,2025-05-21,2025-05-01,CDD,Majorel Site Jambaar,goafricaonline.com,Marketing & Communication,"marketing, communication",Non spécifié,,
Französisch- und deutschsprachiger Kundenberaterin,Dakar,2025-05-21,2025-05-01,CDD,Majorel Site Jambaar,goafricaonline.com,Marketing & Communication,"marketing, communication",2,2.0,2.0
Chargé de Clientèle Bilingue,Dakar,2025-05-21,2025-05-01,CDD,Majorel Site Jambaar,goafricaonline.com,Marketing & Communication,,Non spécifié,,
Salesman - Sindia,Dakar,2025-05-21,2025-05-01,CDD,Tectra Sénégal (Dakar),goafricaonline.com,RH & Recrutement,"marketing, vente, finance, communication, data analyse, programmation, rh, santé, logistique, gestion de projet",5,5.0,5.0
Technical Sales H/F,Dakar,2025-05-21,2025-05-01,CDD,AFRICAWORKS DAKAR,goafricaonline.com,Commerce & Vente,"vente, communication, gestion de projet",10,10.0,10.0
Responsable Artistique (H/F),Dakar,2025-05-21,2025-05-01,CDD,Tectra Sénégal (Dakar),goafricaonline.com,RH & Recrutement,"marketing, vente, finance, communication, data analyse, programmation, rh, santé, logistique, gestion de projet",5,5.0,5.0
Stagiaire Technicien de Surface,Dakar,2025-05-21,2025-05-01,CDD,Regard Global Services,goafricaonline.com,BTP & Industrie,"marketing, vente, santé",2,2.0,2.0
Responsable Communication et Bureau D’Ordre,Dakar,2025-05-21,2025-05-01,CDD,LE CABINET INNOV'ACTIONS,goafricaonline.com,RH & Recrutement,"marketing, communication",Non spécifié,,
Responsable Administratif et Financier (H/F),Dakar,2025-05-21,2025-05-01,CDI,Tectra Sénégal (Dakar),goafricaonline.com,RH & Recrutement,"vente, finance, rh",Non spécifié,,
Technicienne de surface et cuisinière,Dakar,2025-05-21,2025-05-01,CDD,AGENCE HYBRIDE,goafricaonline.com,"Finance, Banque & Comptabilité","communication, finance, rh",Non spécifié,,
"Intern, Data Processing And Analysis – (6 months duration)",Dakar,2025-05-21,2025-05-01,CDD,Unfpa (Fonds Des Nations Unies Pour La Population),goafricaonline.com,ONG & Humanitaire,"gestion de projet, programmation",Non spécifié,,
Opérateur de Saisie Bilingue,Dakar,2025-05-21,2025-05-01,Non spécifié,SUNDA INTERNATIONAL,goafricaonline.com,BTP & Industrie,"marketing, vente, finance, programmation, communication, data analyse, logistique, santé, gestion de projet",8,8.0,8.0
Chargé de projet Web – Agence Digitale,Dakar,2025-05-21,2025-05-01,Non spécifié,LEADS,goafricaonline.com,Commerce & Vente,"marketing, vente, gestion de projet",Non spécifié,,
Contrôleur Stocks (Oil & Gaz),Dakar,2025-05-21,2025-05-01,CDD,INTERNATIONAL STAFFING COMPANY,goafricaonline.com,RH & Recrutement,"finance, logistique, communication",Non spécifié,,
Desk 3 Medical Advisor,Dakar,2025-05-21,2025-05-01,CDD,ALIMA,goafricaonline.com,Administration & Services publics,"communication, data analyse, rh, santé, gestion de projet",2,2.0,2.0
Territory Manager,Dakar,2025-05-21,2025-05-01,CDD,TOPWORK SENEGAL,goafricaonline.com,RH & Recrutement,"marketing, vente, finance, communication, data analyse, programmation, rh, santé, gestion de projet",3,3.0,3.0
Responsable Maintenance,Dakar,,,CDD,La Laiterie Du Berger,goafricaonline.com,Agriculture & Agroalimentaire,gestion de projet,Non spécifié,,
Community manager,Dakar,2025-05-21,2025-05-01,Non spécifié,Résidences KALIA,goafricaonline.com,BTP & Industrie,"communication, programmation, rh, logistique, santé, gestion de projet",3,3.0,3.0
Coiffeuse spécialisé en locks,Dakar,2025-05-21,2025-05-01,Stage/Alternance,EXPAT-DAKAR.COM,goafricaonline.com,Commerce & Vente,vente,Non spécifié,,
A la recherche d'un Gestionnaire,Dakar,2025-05-21,2025-05-01,CDD,EXPAT-DAKAR.COM,goafricaonline.com,Commerce & Vente,"vente, communication",Non spécifié,,
Recherche de Partenaires d'affaires,Dakar,2025-05-21,2025-05-01,CDD,EXPAT-DAKAR.COM,goafricaonline.com,Commerce & Vente,vente,Non spécifié,,
Contrôleur Stocks (Oil & Gaz),Dakar,2025-05-21,2025-05-01,CDD,EXPAT-DAKAR.COM,goafricaonline.com,Commerce & Vente,"finance, logistique",Non spécifié,,
Territory Manager,Dakar,2025-05-21,2025-05-01,CDD,EXPAT-DAKAR.COM,goafricaonline.com,Commerce & Vente,"marketing, vente",Non spécifié,,
Chef cuisine / aide à la maison,Dakar,,,CDD,EXPAT-DAKAR.COM,goafricaonline.com,Commerce & Vente,vente,Non spécifié,,
Chef Comptable,Dakar,2025-05-19,2025-05-01,CDD,ENKO INTERNATIONAL SCHOOL,goafricaonline.com,Education & Formation,finance,Non spécifié,,
Responsable chargé d’investissement et de financement,Dakar,2025-05-19,2025-05-01,CDD,GROUPE CCBM,goafricaonline.com,Transport & Logistique,"programmation, vente, communication, finance, data analyse, rh, logistique, santé, gestion de projet",2,2.0,2.0
Agent commercial de terrain,Dakar,2025-05-19,2025-05-01,CDD,Mandarine Dakar,goafricaonline.com,Marketing & Communication,"vente, marketing, communication, programmation",2,2.0,2.0
Chef Comptable,Dakar,2025-05-19,2025-05-01,CDD,SERVTEC Sénégal,goafricaonline.com,RH & Recrutement,,Non spécifié,,
HR Manager,Dakar,2025-05-19,2025-05-01,CDD,RMO,goafricaonline.com,RH & Recrutement,rh,5-7,5.0,7.0
Finance Manager,Dakar,2025-05-19,2025-05-01,CDD,RMO,goafricaonline.com,RH & Recrutement,finance,5-7,5.0,7.0
Customer Care Manager,Dakar,2025-05-19,2025-05-01,CDD,RMO,goafricaonline.com,RH & Recrutement,,5-7,5.0,7.0
Operations & Logistics Manager,Dakar,2025-05-19,2025-05-01,CDD,RMO,goafricaonline.com,RH & Recrutement,logistique,5-7,5.0,7.0
Sales & Field Operations Manager,Dakar,2025-05-19,2025-05-01,CDD,RMO,goafricaonline.com,RH & Recrutement,vente,5-7,5.0,7.0
Responsable contrôle de gestion,Dakar,2025-05-19,2025-05-01,CDD,TOPWORK SENEGAL,goafricaonline.com,RH & Recrutement,finance,5-10,5.0,10.0
Analyste sénior,Dakar,2025-05-19,2025-05-01,CDD,L'IMPACT,goafricaonline.com,Marketing & Communication,"finance, communication, data analyse, santé, logistique, gestion de projet",3,3.0,3.0
Coordinateur Pédagogique et Educatif,Dakar,2025-05-19,2025-05-01,Alternance,Cours Sainte Marie De Hann,goafricaonline.com,Education & Formation,gestion de projet,Non spécifié,,
Professeur SVT,Dakar,2025-05-19,2025-05-01,CDD,Les Cours Sainte Marie De Hann,goafricaonline.com,Education & Formation,,Non spécifié,,
Consultant Confirmé Stratégie et Opérations,Dakar,2025-05-19,2025-05-01,CDD/CDI,Deloitte Sénégal,goafricaonline.com,"Finance, Banque & Comptabilité","vente, finance, communication, data analyse, programmation, rh, santé, logistique, gestion de projet",3-5,3.0,5.0
Business développeur,Dakar,2025-05-19,2025-05-01,CDD,OLAM SENEGAL,goafricaonline.com,Agriculture & Agroalimentaire,,Non spécifié,,
Pharmacien,Dakar,2025-05-19,2025-05-01,CDD,ÉRIC FAVRE SENEGAL,goafricaonline.com,Agriculture & Agroalimentaire,"marketing, communication",Non spécifié,,
Commercial(e),Dakar,2025-05-19,2025-05-01,CDD,Elite Consulting,goafricaonline.com,Marketing & Communication,"marketing, vente, communication, rh, santé",Non spécifié,,
Spécialiste en éducation aux médias et jeunesse,Dakar,2025-05-18,2025-05-01,Stage,GIZ,goafricaonline.com,Administration & Services publics,gestion de projet,Non spécifié,,
Responsable marketing,Dakar,2025-05-18,2025-05-01,CDI,Institut Pasteur De Dakar,goafricaonline.com,Education & Formation,"marketing, vente, communication, programmation, finance, data analyse, rh, santé, logistique, gestion de projet",5,5.0,5.0
Agent de d’entretien de bureaux,Dakar,2025-05-18,2025-05-01,CDD,Fawe Forum Des Educatrices Africaines Section Senegalaise,goafricaonline.com,ONG & Humanitaire,"finance, logistique",2,2.0,2.0
"Chargé(e) du suivi, évaluation, apprentissage et redevabilité (SEAR) du projet Voix et leadership des femmes renouvelé (vlfr)",Dakar,2025-05-18,2025-05-01,CDD,OXFAM GRANDE-BRETAGNE,goafricaonline.com,ONG & Humanitaire,gestion de projet,Non spécifié,,
Chef comptable,Dakar,2025-05-18,2025-05-01,CDD,SERVTEC Sénégal,goafricaonline.com,RH & Recrutement,"marketing, vente, finance, communication, data analyse, programmation, rh, santé, gestion de projet",3,3.0,3.0
Project Officer,Dakar,2025-05-18,2025-05-01,CDD,"Unesco (Organisation Des Nations Unies Pour L'Education, La Science Et La Culture)",goafricaonline.com,ONG & Humanitaire,"communication, finance, data analyse, programmation, santé, gestion de projet",Non spécifié,,
Responsable Marketing & Communication,Dakar,2025-05-18,2025-05-01,CDD,AFRETY,goafricaonline.com,Transport & Logistique,"vente, marketing, communication",Non spécifié,,
Chargé(e) des Finances et des subventions du projet Voix et leadership des femmes renouvele (vlfr),Dakar,2025-05-18,2025-05-01,CDD,OXFAM AMERICA,goafricaonline.com,Transport & Logistique,"data analyse, finance",Non spécifié,,
Monitoring and reporting Analyst,Dakar,2025-05-16,2025-05-01,CDD,ONU-FEMMES,goafricaonline.com,ONG & Humanitaire,data analyse,Non spécifié,,
Roster Evaluation Consultant,Dakar,2025-05-16,2025-05-01,CDD,ONU-FEMMES,goafricaonline.com,ONG & Humanitaire,"data analyse, gestion de projet",Non spécifié,,
Experte Mobilisation de Ressources pour le Développement Chaines de Valeurs agricoles en Afrique de l’Ouest,Dakar,2025-05-16,2025-05-01,CDD,ONU-FEMMES,goafricaonline.com,ONG & Humanitaire,finance,Non spécifié,,
Vente de nems,Mbacké,2025-05-16,2025-05-01,CDD/CDI,SECK BUSINESS,goafricaonline.com,Commerce & Vente,vente,Non spécifié,,
Programme Associate,Dakar,2025-05-16,2025-05-01,CDD,ONU-FEMMES,goafricaonline.com,ONG & Humanitaire,"programmation, finance, logistique, gestion de projet",Non spécifié,,
Chauffeur,Dakar,2025-05-16,2025-05-01,CDD,ONU-FEMMES,goafricaonline.com,ONG & Humanitaire,logistique,Non spécifié,,
Coordination Analyst,Dakar,2025-05-16,2025-05-01,CDD,ONU-FEMMES,goafricaonline.com,ONG & Humanitaire,,Non spécifié,,
Camp de codage,Dakar,2025-05-16,2025-05-01,CDD,ONU-FEMMES,goafricaonline.com,ONG & Humanitaire,,Non spécifié,,
Responsable Services Support,Dakar,2025-05-16,2025-05-01,CDD,Acf (Action Contre La Faim),goafricaonline.com,ONG & Humanitaire,,Non spécifié,,
Assistante Administrative,Dakar,2025-05-16,2025-05-01,CDD,GPF SARL,goafricaonline.com,"Finance, Banque & Comptabilité","communication, gestion de projet, rh",Non spécifié,,
Chargé (e) de l’expérience client,Dakar,2025-05-16,2025-05-01,Non spécifié,RESIDENCE KALIA,goafricaonline.com,BTP & Industrie,"marketing, communication, programmation, rh, logistique, santé, gestion de projet",3,3.0,3.0
Superviseur de Production Bilingue,Dakar,2025-05-16,2025-05-01,CDD,SUNDA INTERNATIONAL,goafricaonline.com,BTP & Industrie,"data analyse, logistique",3,3.0,3.0
Technicien conducteur de Process,Dakar,2025-05-16,2025-05-01,CDI,La Laiterie Du Berger,goafricaonline.com,Agriculture & Agroalimentaire,,2,2.0,2.0
Superviseur Food Safety,Dakar,2025-05-16,2025-05-01,CDI,La Laiterie Du Berger,goafricaonline.com,Agriculture & Agroalimentaire,,Non spécifié,,
Téléconseiller CPF,Dakar,2025-05-16,2025-05-01,CDD,RESELFORM DAKAR,goafricaonline.com,Transport & Logistique,vente,3,3.0,3.0
Chargé(e) de projet Web,Dakar,2025-05-16,2025-05-01,Non spécifié,LEADS,goafricaonline.com,Commerce & Vente,"marketing, vente, gestion de projet",Non spécifié,,
Gestionnaire d’entrepot,Dakar,2025-05-16,2025-05-01,CDD,LA CASAMANCAISE,goafricaonline.com,Agriculture & Agroalimentaire,"marketing, vente, finance, communication, programmation, data analyse, logistique, gestion de projet",2,2.0,2.0
Télévendeur,Dakar,2025-05-16,2025-05-01,CDD,EXPAT-DAKAR.COM,goafricaonline.com,Commerce & Vente,vente,Non spécifié,,
Responsable Services Support,Dakar,2025-05-16,2025-05-01,CDD,EXPAT-DAKAR.COM,goafricaonline.com,Commerce & Vente,santé,Non spécifié,,
Assistant commercial,Dakar,2025-05-16,2025-05-01,CDD,EXPAT-DAKAR.COM,goafricaonline.com,Commerce & Vente,vente,Non spécifié,,
Ménagère Remplaçante Tabaski,Dakar,2025-05-16,2025-05-01,CDD,EXPAT-DAKAR.COM,goafricaonline.com,Commerce & Vente,vente,Non spécifié,,
Nounou chretienne expériementé,Dakar,2025-05-16,2025-05-01,CDD,EXPAT-DAKAR.COM,goafricaonline.com,Commerce & Vente,vente,Non spécifié,,
Chargé(e) production et approvisionnement,Dakar,2025-05-15,2025-05-01,CDD,ARRAWTECH,goafricaonline.com,BTP & Industrie,"gestion de projet, vente",Non spécifié,,
Consultancy – WASH Innovative Finance Specialist,Dakar,,,CDD,UNICEF,goafricaonline.com,ONG & Humanitaire,,Non spécifié,,
Graphiste Print et Digital,Dakar,2025-05-15,2025-05-01,CDD,ALIMA,goafricaonline.com,Administration & Services publics,"programmation, communication, marketing, santé",3,3.0,3.0
Agent principal des services aéroportuaires,Dakar,2025-05-15,2025-05-01,CDD,EMIRATES AIRLINE,goafricaonline.com,Transport & Logistique,,Non spécifié,,
Program Development Manager,Dakar,2025-05-15,2025-05-01,CDD,RMO,goafricaonline.com,RH & Recrutement,"communication, rh, gestion de projet",Non spécifié,,
"Cabinet pour accompagner l’élaboration de stratégies et de plans d’actions quinquennaux (2025-2029) du Programme MELITEJI WASU en RCI, au Mali et au Niger",Dakar,2025-05-15,2025-05-01,CDI,La Laiterie Du Berger,goafricaonline.com,Agriculture & Agroalimentaire,"finance, data analyse, gestion de projet",Non spécifié,,
Human Ressources Business Partner (HRBP),Dakar,2025-05-15,2025-05-01,CDD,SUNDA INTERNATIONAL,goafricaonline.com,BTP & Industrie,"communication, rh, gestion de projet",5,5.0,5.0
Developpeur / Developpeuse WordPress,Dakar,2025-05-15,2025-05-01,CDD,DACCORD SITUATION,goafricaonline.com,Marketing & Communication,gestion de projet,Non spécifié,,
Technicien Télécoms,Dakar,2025-05-15,2025-05-01,CDD,AFRIC MANAGEMENT,goafricaonline.com,RH & Recrutement,"marketing, vente, finance, communication, data analyse, programmation, rh, santé, gestion de projet",3,3.0,3.0
Administrateur de programme principal,Dakar,2025-05-15,2025-05-01,Alternance,CRDI,goafricaonline.com,Education & Formation,"finance, gestion de projet",Non spécifié,,
Spécialiste de Programme principal,Dakar,2025-05-15,2025-05-01,Alternance,CRDI,goafricaonline.com,Education & Formation,"communication, finance, gestion de projet",Non spécifié,,
Superintendant Rehabilitation,Dakar,2025-05-15,2025-05-01,CDI,ERAMET,goafricaonline.com,BTP & Industrie,,Non spécifié,,
Assistant-e Service Mobilité Et Gestion De Carriere,Dakar,2025-05-15,2025-05-01,Stage,MSF ENGENHARIA SA,goafricaonline.com,BTP & Industrie,"communication, rh, marketing, santé, gestion de projet",Non spécifié,,
Assistant(e) Achat Bilingue,Dakar,2025-05-15,2025-05-01,CDD,SUNDA INTERNATIONAL,goafricaonline.com,BTP & Industrie,"finance, communication, data analyse, logistique",Non spécifié,,
Territory Manager (Attaché(e) Commercial(e) de Zone),Dakar,2025-05-15,2025-05-01,Stage,VIVO ENERGY,goafricaonline.com,Transport & Logistique,"marketing, vente, finance, communication, data analyse, gestion de projet",2,2.0,2.0
Diesel Engine Senior Technician,Dakar,2025-05-15,2025-05-01,CDD,SERVTEC Sénégal,goafricaonline.com,RH & Recrutement,"marketing, vente, finance, communication, programmation, data analyse, rh, santé, logistique, gestion de projet",6,6.0,6.0
Chargé(e) de Recrutement et de Formation,Non spécifié,2025-05-15,2025-05-01,CDD,AMD CORPORATE,goafricaonline.com,Non spécifié,"marketing, vente, finance, communication, data analyse, programmation, rh, santé, logistique, gestion de projet",3,3.0,3.0
Conducteurs d’engins pour le Canada,Non spécifié,2025-05-15,2025-05-01,CDD,AMD CORPORATE,goafricaonline.com,Non spécifié,,1-2,1.0,2.0
Project manager officer - pmo / secteur travaux publiques (h,Dakar,2025-05-13,2025-05-01,CDD,TOPWORK SENEGAL,goafricaonline.com,RH & Recrutement,"communication, rh, gestion de projet",Non spécifié,,
Directeur technique / chef de projet - travaux publiques (hydraulique),Dakar,2025-05-13,2025-05-01,CDD,TOPWORK SENEGAL,goafricaonline.com,RH & Recrutement,"communication, gestion de projet",Non spécifié,,
Assistant de Production,Dakar,2025-05-13,2025-05-01,CDD,GPF SARL,goafricaonline.com,"Finance, Banque & Comptabilité","rh, finance",2,2.0,2.0
Agent HSE,Dakar,2025-05-13,2025-05-01,CDD,GPF SARL,goafricaonline.com,"Finance, Banque & Comptabilité","finance, communication, data analyse, santé",3,3.0,3.0
Operation Excellence Continuous Improvement Partner Intern,Dakar,2025-05-13,2025-05-01,Non spécifié,MAERSK SENEGAL,goafricaonline.com,Transport & Logistique,"finance, vente, communication, data analyse, logistique, santé",2,2.0,2.0
"Senior Associate, Regional Procurement, Vaccines Market Team",Dakar,2025-05-13,2025-05-01,CDD,CHAI AFRICA PROTEINE,goafricaonline.com,Commerce & Vente,vente,Non spécifié,,
Ingénieur en Contrôle de Processus,Dakar,2025-05-13,2025-05-01,CDD,RMO,goafricaonline.com,RH & Recrutement,"programmation, communication",3-5,3.0,5.0
Responsable Trade marketing,Dakar,2025-05-13,2025-05-01,CDD,TOPWORK SENEGAL,goafricaonline.com,RH & Recrutement,"marketing, data analyse",3-5,3.0,5.0
Responsable administratif et financier,Dakar,2025-05-13,2025-05-01,CDD,TOPWORK SENEGAL,goafricaonline.com,RH & Recrutement,finance,3-5,3.0,5.0
Stage en Gestion de projets climatiques,Dakar,2025-05-13,2025-05-01,Stage,GLOBAL TALENT,goafricaonline.com,"Finance, Banque & Comptabilité","communication, gestion de projet",Non spécifié,,
Livreur Moto,Dakar,2025-05-13,2025-05-01,CDI,James Bittaye James Bittaye,goafricaonline.com,"Finance, Banque & Comptabilité","marketing, vente, programmation, finance, data analyse, rh",2,2.0,2.0
Agent(e) de Vente de Services de Location de Voitures et Taxi,Dakar,2025-05-13,2025-05-01,CDD,YANGO SENEGAL,goafricaonline.com,Transport & Logistique,"marketing, vente, communication, data analyse, programmation, logistique",Non spécifié,,
Responsable Magasin,Dakar,2025-05-13,2025-05-01,Non spécifié,SOLEA PROJETS,goafricaonline.com,BTP & Industrie,"vente, marketing, logistique",2,2.0,2.0
Manager Général,Dakar,2025-05-13,2025-05-01,CDD,INFOCOM SERVICES GROUP,goafricaonline.com,Technologie & Informatique,"marketing, vente, finance, programmation, communication, data analyse, rh, gestion de projet",2,2.0,2.0
Stage Infographie,Dakar,2025-05-13,2025-05-01,CDD,INFOCOM SERVICES GROUP,goafricaonline.com,Technologie & Informatique,"marketing, vente, finance, programmation, communication, data analyse, rh, gestion de projet",2,2.0,2.0
Responsable Marketing et Stratégie,Dakar,2025-05-13,2025-05-01,CDD,CARLCARE SERVICE,goafricaonline.com,Transport & Logistique,"vente, marketing, communication, rh",3,3.0,3.0
Ingénieur,Dakar,2025-05-13,2025-05-01,CDD,EXPAT-DAKAR.COM,goafricaonline.com,Commerce & Vente,"programmation, communication",3-5,3.0,5.0
Gestionnaire Comptable,Dakar,2025-05-13,2025-05-01,CDD,EXPAT-DAKAR.COM,goafricaonline.com,Commerce & Vente,"vente, finance",5,5.0,5.0
Chargé(e) de Communication Digitale,Dakar,2025-05-13,2025-05-01,CDD,EXPAT-DAKAR.COM,goafricaonline.com,Commerce & Vente,"gestion de projet, communication, marketing",Non spécifié,,
teleconseiller en énergie:prise de rdv,Dakar,2025-05-13,2025-05-01,CDD,EXPAT-DAKAR.COM,goafricaonline.com,Commerce & Vente,vente,2,2.0,2.0
Commercial(e) professionnel(le) sédentaire,Dakar,2025-05-13,2025-05-01,CDD,EXPAT-DAKAR.COM,goafricaonline.com,Commerce & Vente,"vente, marketing",Non spécifié,,
Stage en Gestion de projets climatiques,Dakar,2025-05-13,2025-05-01,CDD,EXPAT-DAKAR.COM,goafricaonline.com,Commerce & Vente,"communication, gestion de projet",Non spécifié,,
Infirmier diplômé,Dakar,2025-05-13,2025-05-01,CDI,EXPAT-DAKAR.COM,goafricaonline.com,Commerce & Vente,vente,Non spécifié,,
Teleconseillers,Dakar,2025-05-13,2025-05-01,CDD,EXPAT-DAKAR.COM,goafricaonline.com,Commerce & Vente,vente,Non spécifié,,
Agent marketing et affichage,Dakar,2025-05-13,2025-05-01,CDD,SAMBE HOLDINGS,goafricaonline.com,Agriculture & Agroalimentaire,"marketing, communication, gestion de projet",Non spécifié,,
Graphiste designer,Dakar,2025-05-13,2025-05-01,CDD,SAMBE HOLDINGS,goafricaonline.com,Agriculture & Agroalimentaire,"marketing, vente, finance, communication, data analyse, programmation, rh, santé, gestion de projet",5,5.0,5.0
Agent d’élevage expérimenté,Dakar,2025-05-13,2025-05-01,CDD,AGENCE HYBRIDE,goafricaonline.com,RH & Recrutement,"marketing, vente, finance, communication, data analyse, programmation, rh, santé, gestion de projet",3,3.0,3.0
Equipment Maintenance Technician,Dakar,,,Non spécifié,MAERSK SENEGAL,goafricaonline.com,Transport & Logistique,"finance, vente, communication, data analyse, logistique, santé",2,2.0,2.0
Technico-Commercial Chimie (Segment traitement des eaux et mines),Dakar,2025-05-13,2025-05-01,Non spécifié,SOLEVO,goafricaonline.com,BTP & Industrie,"marketing, vente, programmation, communication, rh, santé, gestion de projet",5,5.0,5.0
Cuisinière & Femme de ménage à temps plein,Dakar,2025-05-13,2025-05-01,CDD,AGENCE HYBRIDE,goafricaonline.com,RH & Recrutement,,Non spécifié,,
Expert.e junior en suivi-évaluation,Dakar,2025-05-13,2025-05-01,Stage,GIZ,goafricaonline.com,Administration & Services publics,"finance, data analyse, programmation, gestion de projet",Non spécifié,,
20 marketeurs expérimentés,Dakar,2025-05-13,2025-05-01,Stage,Initiative Pour Le Developpement De L'Afrique,goafricaonline.com,Administration & Services publics,"marketing, communication, gestion de projet",Non spécifié,,
Coordonnateur(trice) du projet Voix et leadership des femmes renouvele (vlfr),Dakar,2025-05-13,2025-05-01,CDD,OXFAM AMERICA,goafricaonline.com,Transport & Logistique,"finance, gestion de projet",Non spécifié,,
Développeur WordPress,Dakar,2025-05-13,2025-05-01,CDD,NETSYSTEME,goafricaonline.com,Technologie & Informatique,"vente, programmation, communication, data analyse, gestion de projet",5,5.0,5.0
(04) Conseillers call-center,Dakar,2025-05-13,2025-05-01,CDD,NETSYSTEME,goafricaonline.com,Technologie & Informatique,"vente, programmation, communication, data analyse, gestion de projet",5,5.0,5.0
(04) Commerciaux de terrain,Dakar,2025-05-13,2025-05-01,CDD,NETSYSTEME,goafricaonline.com,Technologie & Informatique,"vente, programmation, communication, data analyse, gestion de projet",5,5.0,5.0
(04) Techniciens en électricité bâtiment,Dakar,2025-05-13,2025-05-01,CDD,NETSYSTEME,goafricaonline.com,Technologie & Informatique,"vente, programmation, communication, data analyse, gestion de projet",5,5.0,5.0
Technico Commercial,Dakar,2025-05-13,2025-05-01,CDD,ENERGIA,goafricaonline.com,RH & Recrutement,vente,Non spécifié,,
Agent HSE,Dakar,2025-05-13,2025-05-01,CDD,TERANGA MANPOWER,goafricaonline.com,RH & Recrutement,,Non spécifié,,
Comptable,Dakar,2025-05-13,2025-05-01,CDD,TERANGA MANPOWER,goafricaonline.com,RH & Recrutement,,Non spécifié,,
Chef de chantier ferme gravitaire,Dakar,2025-05-13,2025-05-01,CDI,Css (Caisse De Securite Sociale),goafricaonline.com,Administration & Services publics,"communication, rh",5,5.0,5.0
Assistant(e) de direction (Bilingue),Dakar,2025-05-13,2025-05-01,CDD,AFRI RH,goafricaonline.com,RH & Recrutement,"communication, finance, data analyse, logistique, gestion de projet",Non spécifié,,
Senior ERP Analayst,Dakar,2025-05-13,2025-05-01,CDD,TOPWORK SENEGAL,goafricaonline.com,RH & Recrutement,,Non spécifié,,
Chargé (e) de communication (Bilingue),Dakar,2025-05-13,2025-05-01,CDD,AFRI RH,goafricaonline.com,RH & Recrutement,"marketing, programmation, communication, gestion de projet",5,5.0,5.0
Programme and Policy Manager (Bilingue),Dakar,2025-05-13,2025-05-01,CDD,AFRI RH,goafricaonline.com,RH & Recrutement,"marketing, vente, finance, communication, data analyse, programmation, rh, santé, gestion de projet",10,10.0,10.0
Resource Development & Management Advisor,Thiès,2025-05-13,2025-05-01,CDD,Wvi (World Vision International),goafricaonline.com,ONG & Humanitaire,"finance, gestion de projet",Non spécifié,,
Agent technique opérationnel et activités externalisées,Dakar,2025-05-13,2025-05-01,CDD,GLOBAL BUSINESS GROUP - GBG,goafricaonline.com,"Finance, Banque & Comptabilité",,Non spécifié,,
Responsable animation marketing et activation sponsoring,Dakar,2025-05-13,2025-05-01,CDD,GLOBAL BUSINESS GROUP - GBG,goafricaonline.com,"Finance, Banque & Comptabilité","marketing, gestion de projet",Non spécifié,,
Assistant RH chargé de la paie,Dakar,2025-05-13,2025-05-01,CDD,GLOBAL BUSINESS GROUP - GBG,goafricaonline.com,"Finance, Banque & Comptabilité","rh, finance, santé",Non spécifié,,
Comercial senior,Dakar,2025-05-13,2025-05-01,CDD,GPF SARL,goafricaonline.com,"Finance, Banque & Comptabilité","finance, vente, rh, logistique",5,5.0,5.0
Technico-Commercial BTP,Dakar,2025-05-13,2025-05-01,CDD,RMO,goafricaonline.com,RH & Recrutement,"vente, marketing, santé, gestion de projet",Non spécifié,,
Chargé Marketing et Vente,Dakar,2025-05-13,2025-05-01,CDD,EAZY-VISA,goafricaonline.com,Education & Formation,"marketing, vente, finance, communication, programmation, rh, gestion de projet",3,3.0,3.0
Ingénieur Bureau d’étude électrique (chiffreur ayant exercé en bureau d’étude),Dakar,2025-05-13,2025-05-01,CDD,CIMEF INTERNATIONAL SENEGAL,goafricaonline.com,Education & Formation,"finance, programmation, vente, communication, data analyse, rh, marketing, santé, logistique, gestion de projet",1-2,1.0,2.0
Responsable QHSE – BTP,Dakar,2025-05-13,2025-05-01,CDD,BATICHIMIE-BOVAL,goafricaonline.com,"Finance, Banque & Comptabilité","communication, gestion de projet",5,5.0,5.0
Directeur Technique (H/F) – BTP,Dakar,2025-05-13,2025-05-01,CDD,BATICHIMIE-BOVAL,goafricaonline.com,"Finance, Banque & Comptabilité","vente, communication, rh, gestion de projet",5-10,5.0,10.0
Directeur Exécutif – BTP,Dakar,2025-05-13,2025-05-01,CDD,BATICHIMIE-BOVAL,goafricaonline.com,"Finance, Banque & Comptabilité","vente, communication, finance, rh, logistique",10,10.0,10.0
Incident Manager / Responsable des Déploiements,Dakar,2025-05-06,2025-05-01,CDI,BAOBAB SENEGAL,goafricaonline.com,"Finance, Banque & Comptabilité",finance,Non spécifié,,
Responsable Solution CBS / Middleware,Dakar,2025-05-06,2025-05-01,CDI,BAOBAB SENEGAL,goafricaonline.com,"Finance, Banque & Comptabilité","finance, gestion de projet",Non spécifié,,
Responsable Produit Canaux & Parcours Client,Dakar,2025-05-06,2025-05-01,CDI,BAOBAB SENEGAL,goafricaonline.com,"Finance, Banque & Comptabilité",,Non spécifié,,
Assistant(e) Logistique Multimodal (Import/Export),Dakar,2025-05-06,2025-05-01,Stage,Scl (Societe De Cultures Legumieres),goafricaonline.com,Agriculture & Agroalimentaire,"communication, logistique",2,2.0,2.0
Développeur Full Stack,Dakar,2025-05-06,2025-05-01,CDI,BAOBAB SENEGAL,goafricaonline.com,"Finance, Banque & Comptabilité","programmation, finance, data analyse, gestion de projet",2-4,2.0,4.0
Chef de projet - pmo / secteur travaux publiques (hydraulique),Dakar,2025-05-06,2025-05-01,CDD,TOPWORK SENEGAL,goafricaonline.com,RH & Recrutement,"communication, rh, gestion de projet",Non spécifié,,
Superviseur de Projets,Dakar,2025-05-06,2025-05-01,CDD,TERANGA MANPOWER,goafricaonline.com,RH & Recrutement,gestion de projet,3-5,3.0,5.0
Business Developement Assistant,Dakar,2025-05-06,2025-05-01,CDD,BEOPENIT,goafricaonline.com,RH & Recrutement,"vente, communication, gestion de projet",Non spécifié,,
(02) Déclarants signataires,Dakar,,,CDD,TOPWORK SENEGAL,goafricaonline.com,RH & Recrutement,,Non spécifié,,
Chauffeurs,Dakar,2025-05-06,2025-05-01,CDD,BEOPENIT,goafricaonline.com,RH & Recrutement,"marketing, vente, finance, communication, data analyse, programmation, rh, santé, logistique, gestion de projet",3,3.0,3.0
02 Déclarants en douane,Dakar,,,CDD,TOPWORK SENEGAL,goafricaonline.com,RH & Recrutement,,Non spécifié,,
Chargé.e d’Évaluation Senior,Dakar,2025-05-06,2025-05-01,CDD,L'IMPACT,goafricaonline.com,Marketing & Communication,"finance, communication, data analyse, santé, logistique, gestion de projet",3,3.0,3.0
Téléprospecteurs en rénovation d’ampleur,Dakar,,,Stage,MMS CONTACT,goafricaonline.com,Technologie & Informatique,"marketing, communication, gestion de projet",Non spécifié,,
Regional Grants and Finance Manager SRF,Dakar,2025-05-06,2025-05-01,CDD/CDI,Dji Na Rafete Couture - Drc,goafricaonline.com,BTP & Industrie,,Non spécifié,,
Assistant IPM (stage),Dakar,2025-05-06,2025-05-01,CDD,INTERNATIONAL STAFFING COMPANY,goafricaonline.com,RH & Recrutement,rh,Non spécifié,,
05 Agents agricoles,Dakar,2025-05-06,2025-05-01,CDD,AGENCE HYBRIDE,goafricaonline.com,RH & Recrutement,"marketing, vente, finance, communication, data analyse, programmation, rh, santé, gestion de projet",3,3.0,3.0
02 techniciens de surface,Dakar,2025-05-06,2025-05-01,CDD,AGENCE HYBRIDE,goafricaonline.com,RH & Recrutement,"marketing, vente, finance, communication, data analyse, programmation, rh, santé, gestion de projet",3,3.0,3.0
Commercial(e) téléopérateur(trice) en BTP,Dakar,2025-05-06,2025-05-01,CDD,RESELFORM DAKAR,goafricaonline.com,Transport & Logistique,"communication, vente",Non spécifié,,
Contract Manager – Mining Company,Dakar,2025-05-06,2025-05-01,CDD,ENERGIA,goafricaonline.com,RH & Recrutement,finance,Non spécifié,,
HSE Manager Mining,Dakar,2025-05-06,2025-05-01,CDD,ENERGIA,goafricaonline.com,RH & Recrutement,gestion de projet,Non spécifié,,
Superviseur de Fabrication/Metallurgiste,Dakar,2025-05-06,2025-05-01,CDD,INTERNATIONAL STAFFING COMPANY,goafricaonline.com,RH & Recrutement,"rh, santé",Non spécifié,,
HR Officer,Dakar,2025-05-06,2025-05-01,CDD,INTERNATIONAL STAFFING COMPANY,goafricaonline.com,RH & Recrutement,rh,Non spécifié,,
Consultant(e) en Gestion des Ressources Humaines,Dakar,,,CDD,"Unesco (Organisation Des Nations Unies Pour L'Education, La Science Et La Culture)",goafricaonline.com,ONG & Humanitaire,"data analyse, rh",Non spécifié,,
Développeur(euse) Full Stack,Dakar,2025-05-06,2025-05-01,CDD,Ept (Ecole Polytechnique De Thies),goafricaonline.com,Education & Formation,"marketing, programmation, vente, communication, finance, rh, santé, gestion de projet",2,2.0,2.0
Chef de Chantier Ouvrage Génie Civil,Dakar,2025-05-06,2025-05-01,CDD,GPF SARL,goafricaonline.com,"Finance, Banque & Comptabilité","finance, communication, rh, gestion de projet",Non spécifié,,
Conducteurs Travaux Terrassement,Dakar,2025-05-06,2025-05-01,CDD,GPF SARL,goafricaonline.com,"Finance, Banque & Comptabilité","finance, communication, rh, gestion de projet",10,10.0,10.0
Ingénieur travaux electricité,Dakar,2025-05-06,2025-05-01,CDD,GLOBAL BUSINESS GROUP - GBG,goafricaonline.com,"Finance, Banque & Comptabilité",communication,Non spécifié,,
Chargé de recrutement,Dakar,2025-05-06,2025-05-01,Non spécifié,Africa Global Logistics Sénégal,goafricaonline.com,Transport & Logistique,"rh, logistique, gestion de projet",Non spécifié,,
Controleur de gestion,Dakar,2025-05-06,2025-05-01,CDD,RPORTH,goafricaonline.com,"Finance, Banque & Comptabilité","data analyse, finance",Non spécifié,,
Agents de nettoyage,Dakar,2025-05-06,2025-05-01,CDD,AMINE GROUP,goafricaonline.com,"Finance, Banque & Comptabilité",finance,Non spécifié,,
Vidéaste / Pilote de drone,Dakar,2025-05-06,2025-05-01,CDD,AMINE GROUP,goafricaonline.com,"Finance, Banque & Comptabilité",finance,Non spécifié,,
Agent Commercial Logistique,Dakar,2025-05-06,2025-05-01,CDI,Holly Trans Limited Senegal,goafricaonline.com,Technologie & Informatique,"marketing, vente, communication, logistique, gestion de projet",Non spécifié,,
Back-Office KYC & Conformité,Non spécifié,2025-05-06,2025-05-01,CDD,AMD CORPORATE,goafricaonline.com,Non spécifié,finance,Non spécifié,,
(02) Agents de sécurité,Dakar,2025-05-06,2025-05-01,Non spécifié,HOTEL TERROU BI,goafricaonline.com,Tourisme & Hôtellerie,,Non spécifié,,
Cuisinier expérimenté,Dakar,2025-05-06,2025-05-01,CDD,AGENCE HYBRIDE,goafricaonline.com,RH & Recrutement,,Non spécifié,,
Chargé(e) d’Opération Virements Domestiques,Non spécifié,2025-05-06,2025-05-01,CDD,AMD CORPORATE,goafricaonline.com,Non spécifié,"marketing, vente, finance, communication, data analyse, programmation, rh, santé, gestion de projet",3,3.0,3.0
Concepteur/Développeur Contenus Marketing par E-mail,Dakar,,,Non spécifié,CHEMTRA GROUP,goafricaonline.com,BTP & Industrie,"marketing, vente, finance, programmation, communication, data analyse, logistique, santé, gestion de projet",2,2.0,2.0
Tech Lead & Développeur Full Stack,Dakar,2025-05-06,2025-05-01,CDI,BAOBAB SENEGAL,goafricaonline.com,"Finance, Banque & Comptabilité",programmation,Non spécifié,,
Analyste et Support Client,Dakar,2025-05-02,2025-05-01,CDD,GLOBAL BUSINESS GROUP - GBG,goafricaonline.com,"Finance, Banque & Comptabilité","vente, data analyse",Non spécifié,,
Gestionnaire de Stock et Contrôleur Opérationnel,Dakar,2025-05-02,2025-05-01,CDD,GLOBAL BUSINESS GROUP - GBG,goafricaonline.com,"Finance, Banque & Comptabilité","logistique, data analyse",Non spécifié,,
Infirmiere d’Etat,Dakar,2025-05-02,2025-05-01,CDD,GLOBAL BUSINESS GROUP - GBG,goafricaonline.com,"Finance, Banque & Comptabilité","finance, rh, santé, data analyse, logistique",Non spécifié,,
Contrôleur de gestion,Dakar,2025-05-02,2025-05-01,CDD,SN2I,goafricaonline.com,BTP & Industrie,"finance, data analyse, rh",5,5.0,5.0
Assistant(e) QHSE,Dakar,2025-05-02,2025-05-01,CDD,SN2I,goafricaonline.com,BTP & Industrie,"communication, rh, santé",3,3.0,3.0
Comptable,Dakar,2025-05-02,2025-05-01,CDD,SN2I,goafricaonline.com,BTP & Industrie,"rh, finance",5,5.0,5.0
Responsable administratif (ve) et financier (ière),Dakar,2025-05-02,2025-05-01,CDD,SN2I,goafricaonline.com,BTP & Industrie,"finance, rh",5,5.0,5.0
20 Télévendeurs,Dakar,2025-05-02,2025-05-01,CDD,PRO' CALL CENTER,goafricaonline.com,Marketing & Communication,"communication, rh, gestion de projet",Non spécifié,,
Responsable Qualité,Dakar,2025-05-02,2025-05-01,CDD,SN2I,goafricaonline.com,BTP & Industrie,"data analyse, communication, rh",5,5.0,5.0
Chargé(e) de finances et administration,Dakar,2025-05-02,2025-05-01,CDD,AMBASSADE DE SUISSE,goafricaonline.com,Administration & Services publics,finance,Non spécifié,,
Chargé de projet Web – Agence Digitale / Dakar,Dakar,2025-05-02,2025-05-01,Non spécifié,LEADS,goafricaonline.com,Commerce & Vente,"marketing, vente, gestion de projet",Non spécifié,,
Coordinateur.trice Régional.e Logistique,Dakar,2025-05-02,2025-05-01,CDD,Terre Des Hommes Lausanne,goafricaonline.com,ONG & Humanitaire,"programmation, logistique",Non spécifié,,
Responsable Méthodes et GMAO,Dakar,2025-04-30,2025-04-01,CDD,Soboa (Societe Des Brasseries De L'Ouest Africain),goafricaonline.com,Agriculture & Agroalimentaire,"gestion de projet, finance",5,5.0,5.0
Technicien,Dakar,2025-04-30,2025-04-01,CDD,BIA DAKAR,goafricaonline.com,BTP & Industrie,"vente, communication, finance, data analyse, programmation, santé, logistique, gestion de projet",4,4.0,4.0
Service Engineer,Dakar,2025-04-30,2025-04-01,CDD,MAN ENERGY SOLUTIONS,goafricaonline.com,BTP & Industrie,data analyse,Non spécifié,,
Superintendant Engineer,Dakar,2025-04-30,2025-04-01,CDD,MAN ENERGY SOLUTIONS,goafricaonline.com,BTP & Industrie,vente,5-7,5.0,7.0
Ingénieur commercial,Dakar,2025-04-30,2025-04-01,CDD,MAN ENERGY SOLUTIONS,goafricaonline.com,BTP & Industrie,"vente, marketing, santé, gestion de projet",Non spécifié,,
Tech lead front-end,Dakar,2025-04-30,2025-04-01,CDI,BAOBAB SENEGAL,goafricaonline.com,"Finance, Banque & Comptabilité",programmation,5,5.0,5.0
Trésorier du groupe,Dakar,2025-04-30,2025-04-01,CDD,ENKO INTERNATIONAL SCHOOL,goafricaonline.com,Education & Formation,"marketing, finance, programmation, vente, communication, santé, gestion de projet",5-10,5.0,10.0
"Conseiller en planification, suivi et évaluation",Dakar,2025-04-30,2025-04-01,CDD,Unfpa (Fonds Des Nations Unies Pour La Population),goafricaonline.com,ONG & Humanitaire,data analyse,Non spécifié,,
Responsable adjoint des systèmes d'information,Dakar,2025-04-30,2025-04-01,CDD,United Nations Office For West Africa - Unowa,goafricaonline.com,ONG & Humanitaire,"communication, programmation, data analyse",Non spécifié,,
Magasinier,Dakar,2025-04-30,2025-04-01,Non spécifié,HEMISPHERE,goafricaonline.com,Tourisme & Hôtellerie,"vente, finance, rh, data analyse, logistique, gestion de projet",2,2.0,2.0
Assistant(e) en Communication,Dakar,2025-04-30,2025-04-01,CDD,AFRIC MANAGEMENT,goafricaonline.com,RH & Recrutement,"marketing, vente, finance, communication, data analyse, programmation, rh, santé, gestion de projet",3,3.0,3.0
Senior Gender and Economic Inclusion Investment / Operations Officer,Dakar,2025-04-30,2025-04-01,CDD,Ifc/ Senegal (Institut De Formation Des Conseillers En Organisations),goafricaonline.com,Education & Formation,"marketing, programmation, vente, communication, finance, santé, gestion de projet",2,2.0,2.0
Conseiller.e régional.e recherche de fonds/rédaction de projet,Dakar,2025-04-30,2025-04-01,CDD,Terre Des Hommes Lausanne,goafricaonline.com,ONG & Humanitaire,"finance, communication, gestion de projet",Non spécifié,,
Assistant Contrôleur de gestion,Dakar,2025-04-30,2025-04-01,CDI,GIM-UEMOA,goafricaonline.com,"Finance, Banque & Comptabilité","finance, data analyse, gestion de projet",Non spécifié,,
Couturière spécialisée en prêt-à-porter moderne,Dakar,2025-04-30,2025-04-01,Non spécifié,AGENCE HYBRIDE,goafricaonline.com,"Finance, Banque & Comptabilité",,Non spécifié,,
National Program Coordinator,Dakar,2025-04-30,2025-04-01,CDD,ECO AFRIQUE,goafricaonline.com,"Finance, Banque & Comptabilité","finance, gestion de projet",Non spécifié,,
Responsable administratif et financier,Dakar,2025-04-30,2025-04-01,CDD,ECO AFRIQUE,goafricaonline.com,"Finance, Banque & Comptabilité","marketing, finance, gestion de projet",Non spécifié,,
Responsable de site polyvalent(e),Dakar,2025-04-30,2025-04-01,CDD,MANDARINE,goafricaonline.com,Marketing & Communication,communication,Non spécifié,,
Economiste,Dakar,2025-04-30,2025-04-01,Non spécifié,Fmi (Fonds Monetaire International),goafricaonline.com,"Finance, Banque & Comptabilité","marketing, finance, programmation, communication, data analyse, rh, logistique, gestion de projet",2,2.0,2.0
Spécialiste en entreprenariat et appui à la collecte de lait,Dakar,2025-04-30,2025-04-01,CDI,La Laiterie Du Berger,goafricaonline.com,Agriculture & Agroalimentaire,communication,5,5.0,5.0
Vendeuse de parfum et d’ordinateurs portables à distance,Dakar,2025-04-30,2025-04-01,Stage,SORIBA BAYO COMPANY,goafricaonline.com,Technologie & Informatique,"vente, programmation, communication",Non spécifié,,
Vendeuse de Nems,Dakar,2025-04-30,2025-04-01,CDD,Seck Global Business,goafricaonline.com,Technologie & Informatique,vente,Non spécifié,,
Infirmière,Dakar,2025-04-30,2025-04-01,CDD,AFRIC MANAGEMENT,goafricaonline.com,RH & Recrutement,"marketing, vente, finance, communication, data analyse, programmation, rh, santé, gestion de projet",2,2.0,2.0
Chauffeur,Dakar,2025-04-30,2025-04-01,Non spécifié,Fmi (Fonds Monetaire International),goafricaonline.com,"Finance, Banque & Comptabilité","marketing, finance, programmation, communication, data analyse, rh, logistique, gestion de projet",2,2.0,2.0
Graphiste Print confirmé,Dakar,2025-04-30,2025-04-01,CDD,ELITE RH,goafricaonline.com,RH & Recrutement,rh,Non spécifié,,
conseiller commercial,Dakar,2025-04-30,2025-04-01,CDD,EXPAT-DAKAR.COM,goafricaonline.com,Commerce & Vente,vente,Non spécifié,,
Responsable Ingénieur Technico-Commercial(e),Dakar,2025-04-30,2025-04-01,CDD,EXPAT-DAKAR.COM,goafricaonline.com,Commerce & Vente,vente,5,5.0,5.0
un conseiller juridique en Immobilier H/F,Dakar,2025-04-30,2025-04-01,CDD,EXPAT-DAKAR.COM,goafricaonline.com,Commerce & Vente,vente,Non spécifié,,
surveillant et une formatrice en prothésie ongle,Dakar,2025-04-30,2025-04-01,CDD,EXPAT-DAKAR.COM,goafricaonline.com,Commerce & Vente,logistique,Non spécifié,,
Formation ong ehi paris,Dakar,2025-04-30,2025-04-01,CDD,EXPAT-DAKAR.COM,goafricaonline.com,Commerce & Vente,"finance, gestion de projet",Non spécifié,,
Chef pâtissier et commis,Dakar,2025-04-30,2025-04-01,CDD,EXPAT-DAKAR.COM,goafricaonline.com,Commerce & Vente,vente,Non spécifié,,
Responsable qshe,Dakar,2025-04-30,2025-04-01,CDD,EXPAT-DAKAR.COM,goafricaonline.com,Commerce & Vente,,Non spécifié,,
Tech lead front-end,Dakar,2025-04-30,2025-04-01,CDD,EXPAT-DAKAR.COM,goafricaonline.com,Commerce & Vente,programmation,Non spécifié,,
Conducteur Jakarta expérimenté,Dakar,2025-04-30,2025-04-01,CDD,EXPAT-DAKAR.COM,goafricaonline.com,Commerce & Vente,"vente, logistique",Non spécifié,,
Vente live TIK TOK,Dakar,2025-04-30,2025-04-01,CDD,EXPAT-DAKAR.COM,goafricaonline.com,Commerce & Vente,,Non spécifié,,
Cuisinier(e),Dakar,2025-04-29,2025-04-01,CDD,ELITE RH,goafricaonline.com,RH & Recrutement,rh,2,2.0,2.0
Commercial (H/F) BtoB,Dakar,2025-04-29,2025-04-01,CDD,WEBTEL,goafricaonline.com,Marketing & Communication,"vente, communication",Non spécifié,,
Finance and Estates Manager (02/25 DKR) Maternity Cover,Dakar,2025-04-29,2025-04-01,CDD,Ambassade Du Royaume-Uni Au Senegal,goafricaonline.com,Administration & Services publics,finance,Non spécifié,,
Gestionnaire de contrats – Société minière,Dakar,2025-04-29,2025-04-01,CDD,ENERGIA,goafricaonline.com,RH & Recrutement,"finance, gestion de projet",2-10,2.0,10.0
Responsable HSE Mines,Dakar,2025-04-29,2025-04-01,CDD,ENERGIA,goafricaonline.com,RH & Recrutement,gestion de projet,Non spécifié,,
Mécanicien de Ligne,Dakar,2025-04-29,2025-04-01,Non spécifié,NESTLE SENEGAL,goafricaonline.com,BTP & Industrie,"marketing, vente, programmation, communication, rh, santé, gestion de projet",2-3,2.0,3.0
Electricien de ligne,Dakar,2025-04-29,2025-04-01,Non spécifié,NESTLE SENEGAL,goafricaonline.com,BTP & Industrie,"marketing, vente, programmation, communication, rh, santé, gestion de projet",2-3,2.0,3.0
Community Manager,Dakar,2025-04-28,2025-04-01,CDD,AMINE GROUP,goafricaonline.com,"Finance, Banque & Comptabilité","finance, communication, marketing",Non spécifié,,
Développeur / Webmaster,Dakar,2025-04-28,2025-04-01,CDD,AMINE GROUP,goafricaonline.com,"Finance, Banque & Comptabilité","finance, programmation",Non spécifié,,
Infographe / Graphiste,Dakar,2025-04-28,2025-04-01,CDD,AMINE GROUP,goafricaonline.com,"Finance, Banque & Comptabilité","finance, marketing",Non spécifié,,
Facility & Sustainability Coordinator,Dakar,2025-04-28,2025-04-01,CDD,GPF SARL,goafricaonline.com,"Finance, Banque & Comptabilité","finance, rh, gestion de projet",Non spécifié,,
"Chef du service services généraux, achats et approvisionnements",Dakar,2025-04-28,2025-04-01,CDD,Esmt (Ecole Superieure Multinationale Des Telecommunications),goafricaonline.com,Education & Formation,"marketing, finance, programmation, vente, communication, santé, logistique, gestion de projet",5,5.0,5.0
Associate communications Officer,Dakar,2025-04-28,2025-04-01,CDD,United Nations Office For West Africa - Unowa,goafricaonline.com,ONG & Humanitaire,"communication, programmation",Non spécifié,,
Ingenieur.e projet,Dakar,2025-04-28,2025-04-01,Non spécifié,SAGEMCOM SENEGAL,goafricaonline.com,Marketing & Communication,"logistique, gestion de projet",Non spécifié,,
Assistant(e) de Gestion Opérationnelle,Dakar,2025-04-28,2025-04-01,CDD,BEOPENIT,goafricaonline.com,Technologie & Informatique,"marketing, vente, finance, programmation, communication, data analyse, rh, gestion de projet",2,2.0,2.0
Architecte d’entreprise,Dakar,2025-04-28,2025-04-01,CDD,PAENS,goafricaonline.com,ONG & Humanitaire,"finance, santé, gestion de projet",Non spécifié,,
Chef du service recouvrement,Dakar,2025-04-25,2025-04-01,CDD,Esmt (Ecole Superieure Multinationale Des Telecommunications),goafricaonline.com,Education & Formation,"marketing, vente, finance, programmation, communication, data analyse, santé, gestion de projet",3,3.0,3.0
Chef du département finances et comptabilité,Dakar,2025-04-25,2025-04-01,CDD,Esmt (Ecole Superieure Multinationale Des Telecommunications),goafricaonline.com,Education & Formation,"marketing, finance, programmation, vente, communication, santé, gestion de projet",10,10.0,10.0
Assistant RH,Dakar,2025-04-25,2025-04-01,CDD,SIMPLON SENEGAL,goafricaonline.com,Technologie & Informatique,"marketing, finance, vente, communication, programmation, data analyse, rh, santé, logistique, gestion de projet",4,4.0,4.0
Technicien Support IT,Dakar,2025-04-25,2025-04-01,CDD/CDI,SIMPLON SENEGAL,goafricaonline.com,Technologie & Informatique,"marketing, finance, vente, communication, programmation, data analyse, rh, santé, logistique, gestion de projet",4,4.0,4.0
Superviseure / Superviseur Construction,Dakar,2025-04-25,2025-04-01,CDI,ERAMET,goafricaonline.com,BTP & Industrie,gestion de projet,Non spécifié,,
Technicien d'installations mécaniques,Dakar,2025-04-25,2025-04-01,Non spécifié,Wartsila West Africa Sa,goafricaonline.com,BTP & Industrie,communication,3-5,3.0,5.0
Technicien d'installation électrique,Dakar,2025-04-25,2025-04-01,Non spécifié,Wartsila West Africa Sa,goafricaonline.com,BTP & Industrie,,3-5,3.0,5.0
Directeur de transport,Dakar,2025-04-25,2025-04-01,CDD,SERVTEC Sénégal,goafricaonline.com,RH & Recrutement,"marketing, vente, finance, communication, data analyse, programmation, rh, logistique, santé, gestion de projet",5,5.0,5.0
Superviseur recrutement,Dakar,2025-04-25,2025-04-01,CDD,SERVTEC Sénégal,goafricaonline.com,RH & Recrutement,"marketing, vente, finance, communication, data analyse, programmation, rh, santé, gestion de projet",5,5.0,5.0
Superviseur dédouanement,Dakar,2025-04-25,2025-04-01,CDD,SERVTEC Sénégal,goafricaonline.com,RH & Recrutement,"marketing, vente, finance, communication, data analyse, programmation, rh, santé, logistique, gestion de projet",5,5.0,5.0
HSE Officer,Dakar,2025-04-25,2025-04-01,Non spécifié,Wartsila West Africa Sa,goafricaonline.com,BTP & Industrie,santé,5-8,5.0,8.0
Magasinier,Dakar,2025-04-25,2025-04-01,Non spécifié,Wartsila West Africa Sa,goafricaonline.com,BTP & Industrie,logistique,Non spécifié,,
Assistant Administratif,Dakar,2025-04-25,2025-04-01,Non spécifié,Wartsila West Africa Sa,goafricaonline.com,BTP & Industrie,logistique,Non spécifié,,
Developpeur Back-end Core Digital,Dakar,2025-04-25,2025-04-01,CDD,GPF SARL,goafricaonline.com,"Finance, Banque & Comptabilité","rh, finance, programmation",Non spécifié,,
"Développeur Intégration API (Web, Mobile et App)",Dakar,2025-04-25,2025-04-01,CDD,GPF SARL,goafricaonline.com,"Finance, Banque & Comptabilité","finance, programmation, rh",Non spécifié,,
Chef de service projet h/f,Dakar,2025-04-25,2025-04-01,CDD,Banque Islamique Du Senegal-Bis,goafricaonline.com,"Finance, Banque & Comptabilité","gestion de projet, finance",Non spécifié,,
Chef de service recouvrement et contentieux,Dakar,2025-04-25,2025-04-01,CDI,Banque Islamique Du Senegal-Bis,goafricaonline.com,"Finance, Banque & Comptabilité",finance,Non spécifié,,
Responsable des Opérations H/F,Dakar,2025-04-25,2025-04-01,CDI,Banque Islamique Du Senegal-Bis,goafricaonline.com,"Finance, Banque & Comptabilité",,Non spécifié,,
Responsable de cellule caution h/f,Dakar,2025-04-25,2025-04-01,CDD,Banque Islamique Du Senegal-Bis,goafricaonline.com,"Finance, Banque & Comptabilité",finance,Non spécifié,,
Chef de service liquidite et marche des capitaux h/f,Dakar,2025-04-25,2025-04-01,CDD,Banque Islamique Du Senegal-Bis,goafricaonline.com,"Finance, Banque & Comptabilité","vente, finance",Non spécifié,,
Chargé de projet Web,Dakar,2025-04-23,2025-04-01,CDD,PAUL & JOSE,goafricaonline.com,Marketing & Communication,"marketing, vente, gestion de projet",Non spécifié,,
Consultant WASH,Dakar,2025-04-23,2025-04-01,CDD,UNICEF,goafricaonline.com,ONG & Humanitaire,,Non spécifié,,
Data Analysis Consultant,Dakar,2025-04-23,2025-04-01,CDD,UNICEF,goafricaonline.com,ONG & Humanitaire,"data analyse, santé",Non spécifié,,
Auxiliaire de Vie Scolaire,Dakar,2025-04-23,2025-04-01,CDD,LYCEE JEAN MERMOZ,goafricaonline.com,Education & Formation,,Non spécifié,,
Assistant de Direction,Dakar,2025-04-23,2025-04-01,CDD,LYCEE JEAN MERMOZ,goafricaonline.com,Education & Formation,,Non spécifié,,
Professeur des Écoles,Dakar,2025-04-23,2025-04-01,CDD,LYCEE JEAN MERMOZ,goafricaonline.com,Education & Formation,,Non spécifié,,
Professeur du Second Degré – Lettres Modernes,Dakar,2025-04-23,2025-04-01,CDD,LYCEE JEAN MERMOZ,goafricaonline.com,Education & Formation,,Non spécifié,,
Professeur Section Internationale Américaine – Lycée,Dakar,2025-04-23,2025-04-01,CDD,LYCEE JEAN MERMOZ,goafricaonline.com,Education & Formation,,Non spécifié,,
Professeur du 2nd Degré d’Anglais,Dakar,2025-04-23,2025-04-01,CDD,LYCEE JEAN MERMOZ,goafricaonline.com,Education & Formation,,Non spécifié,,
Professeur d’Arts Plastiques,Dakar,2025-04-23,2025-04-01,CDD,LYCEE JEAN MERMOZ,goafricaonline.com,Education & Formation,,Non spécifié,,
Operateur Production,Dakar,2025-04-23,2025-04-01,CDD,NESTLE SENEGAL,goafricaonline.com,Commerce & Vente,,Non spécifié,,
Technico-Commercial pièces de rechange automobile,Dakar,2025-04-23,2025-04-01,CDD,Sareq Group,goafricaonline.com,Marketing & Communication,"vente, marketing, logistique",2,2.0,2.0
Livreurs à moto Yango / Heetch,Dakar,2025-04-23,2025-04-01,CDD,SICOM,goafricaonline.com,Marketing & Communication,"marketing, communication, vente",2,2.0,2.0
Finance Manager GFA Regional Hub West Africa region,Dakar,2025-04-23,2025-04-01,CDD,GFA CONSULTING,goafricaonline.com,ONG & Humanitaire,"finance, communication, gestion de projet",Non spécifié,,
Televendeur,Dakar,2025-04-23,2025-04-01,CDD/CDI,INTELCIA,goafricaonline.com,Marketing & Communication,"vente, marketing, communication",Non spécifié,,
Chargé de projet (Éducation pour la santé et le bien-être),Dakar,2025-04-23,2025-04-01,CDD,"Unesco (Organisation Des Nations Unies Pour L'Education, La Science Et La Culture)",goafricaonline.com,ONG & Humanitaire,"gestion de projet, santé",Non spécifié,,
Assistant.e de projet secteur Culture,Dakar,2025-04-23,2025-04-01,CDD,"Unesco (Organisation Des Nations Unies Pour L'Education, La Science Et La Culture)",goafricaonline.com,ONG & Humanitaire,"communication, programmation, finance, gestion de projet",3,3.0,3.0
Comptable fournisseurs,Dakar,2025-04-23,2025-04-01,Stage,TOTAL ENERGIES,goafricaonline.com,Transport & Logistique,"marketing, vente, finance, communication, data analyse, gestion de projet",2,2.0,2.0
PMO de La Communication du Programme de Transformation du Service Client,Dakar,2025-04-23,2025-04-01,CDD,SERVTEC Sénégal,goafricaonline.com,RH & Recrutement,"marketing, vente, finance, communication, data analyse, programmation, rh, santé, gestion de projet",3,3.0,3.0
Agent téléconseillers,Dakar,2025-04-23,2025-04-01,CDD,GPF SARL,goafricaonline.com,"Finance, Banque & Comptabilité","communication, finance, rh",Non spécifié,,
Assistant Administratif et Financier,Dakar,2025-04-23,2025-04-01,CDD,Cetud (Conseil Excecutif Des Transports Urbains De Dakar),goafricaonline.com,Transport & Logistique,"finance, logistique, gestion de projet",Non spécifié,,
Coordonnateur Technique,Dakar,2025-04-23,2025-04-01,CDD,Cetud (Conseil Excecutif Des Transports Urbains De Dakar),goafricaonline.com,Transport & Logistique,"logistique, gestion de projet",Non spécifié,,
Livreurs Motos pour Yango,Dakar,2025-04-23,2025-04-01,CDD,SICOM,goafricaonline.com,Marketing & Communication,"marketing, vente, communication",2,2.0,2.0
Commerciaux expérimentés,Dakar,2025-04-23,2025-04-01,CDD,AGENCE HYBRIDE,goafricaonline.com,RH & Recrutement,vente,Non spécifié,,
Commerciaux terrains,Dakar,2025-04-23,2025-04-01,CDD,AGENCE HYBRIDE,goafricaonline.com,RH & Recrutement,"marketing, vente, finance, communication, programmation, data analyse, rh, santé, gestion de projet",3,3.0,3.0
Contrôleur stocks,Dakar,2025-04-21,2025-04-01,CDD,INTERNATIONAL STAFFING COMPANY,goafricaonline.com,RH & Recrutement,"finance, logistique, communication",Non spécifié,,
Software developer,Dakar,2025-04-21,2025-04-01,CDD,IT MOBILE AFRIQUE,goafricaonline.com,Transport & Logistique,"marketing, programmation, communication, finance, data analyse, gestion de projet",2,2.0,2.0
Stagiaire chargé(e) du travail temporaire,Dakar,2025-04-21,2025-04-01,CDD,MD HOLDING INTERNATIONAL,goafricaonline.com,RH & Recrutement,logistique,Non spécifié,,
Assistante administrative et comptable,Dakar,2025-04-21,2025-04-01,CDD,GFS,goafricaonline.com,Transport & Logistique,"finance, logistique",Non spécifié,,
Community manager & commercial,Dakar,2025-04-21,2025-04-01,Non spécifié,KS CONSULTING,goafricaonline.com,BTP & Industrie,"marketing, vente, communication, programmation, logistique, santé, gestion de projet",3,3.0,3.0
Facility and Sustainability Coordinator,Dakar,2025-04-21,2025-04-01,CDD,BIA DAKAR,goafricaonline.com,BTP & Industrie,"vente, communication, finance, data analyse, programmation, logistique, gestion de projet",2,2.0,2.0
Responsable de communauté,Dakar,2025-04-21,2025-04-01,CDD/CDI,MOZAR GROUP,goafricaonline.com,Commerce & Vente,"marketing, vente, programmation, communication, data analyse, logistique, gestion de projet",2,2.0,2.0
QEHS Officer,Dakar,2025-04-17,2025-04-01,Non spécifié,Wartsila West Africa Sa,goafricaonline.com,BTP & Industrie,santé,Non spécifié,,
superviseur de quart,Dakar,2025-04-17,2025-04-01,Non spécifié,Wartsila West Africa Sa,goafricaonline.com,BTP & Industrie,"communication, santé",5-8,5.0,8.0
Responsable des opérations et de la maintenance,Dakar,,,Non spécifié,Wartsila West Africa Sa,goafricaonline.com,BTP & Industrie,,Non spécifié,,
Gestionnaire d'accords,Dakar,2025-04-17,2025-04-01,Non spécifié,Wartsila West Africa Sa,goafricaonline.com,BTP & Industrie,"vente, programmation",Non spécifié,,
(02) Deux commerciaux expérimentés,Dakar,2025-04-17,2025-04-01,CDD,TOPWORK SENEGAL,goafricaonline.com,RH & Recrutement,vente,3-5,3.0,5.0
Agents enquêteurs,Dakar,2025-04-17,2025-04-01,CDD,ELITE RH,goafricaonline.com,RH & Recrutement,"data analyse, rh",Non spécifié,,
Superviseur rénumeration,Dakar,2025-04-17,2025-04-01,CDD,SERVTEC Sénégal,goafricaonline.com,RH & Recrutement,"marketing, vente, finance, communication, data analyse, programmation, rh, santé, gestion de projet",5-7,5.0,7.0
Conseiller technique régional Sécurité alimentaire Moyens de subsistance et résilience,Dakar,2025-04-17,2025-04-01,CDD,Wvi (World Vision International),goafricaonline.com,ONG & Humanitaire,,12,12.0,12.0
Technico Commercial Senior Mettallurgie/Acier,Dakar,2025-04-17,2025-04-01,CDD,RPORTH,goafricaonline.com,"Finance, Banque & Comptabilité","vente, data analyse, gestion de projet",Non spécifié,,
Stagiaire en gestion et analyse de données,Dakar,2025-04-17,2025-04-01,CDD/CDI,Dji Na Rafete Couture - Drc,goafricaonline.com,BTP & Industrie,data analyse,Non spécifié,,
Assistante de Direction,Dakar,2025-04-17,2025-04-01,CDD,AFRIC MANAGEMENT,goafricaonline.com,RH & Recrutement,"marketing, vente, finance, communication, data analyse, programmation, rh, santé, gestion de projet",3,3.0,3.0
Coordonnateur du programme national,Dakar,2025-04-17,2025-04-01,CDD,Unfpa (Fonds Des Nations Unies Pour La Population),goafricaonline.com,ONG & Humanitaire,"gestion de projet, santé",Non spécifié,,
Développeur web,Dakar,2025-04-17,2025-04-01,CDD,NETSYSTEME,goafricaonline.com,Technologie & Informatique,"vente, programmation, communication, data analyse, gestion de projet",5,5.0,5.0
Assistant de direction,Dakar,2025-04-17,2025-04-01,CDD,NETSYSTEME,goafricaonline.com,Technologie & Informatique,"vente, programmation, communication, data analyse, gestion de projet",2,2.0,2.0
Répartiteur – Taxi parc,Dakar,2025-04-17,2025-04-01,CDD,YANGO SENEGAL,goafricaonline.com,Transport & Logistique,"vente, marketing, communication, logistique",Non spécifié,,
Docteur en pharmacie,Dakar,,,CDD,PHARMACIE GAMBETTA,goafricaonline.com,Santé & Bien-être,non spécifié,Non spécifié,,
Tech Lead.Net – Développeur.Net,Dakar,2025-04-17,2025-04-01,CDD,BEOPENIT,goafricaonline.com,Technologie & Informatique,"marketing, vente, finance, programmation, communication, data analyse, rh, gestion de projet",2,2.0,2.0
Téléopérateur/téléopératrice,Dakar,2025-04-17,2025-04-01,CDD,OLAM SENEGAL,goafricaonline.com,Agriculture & Agroalimentaire,"marketing, vente, finance, communication, data analyse, programmation, rh, santé, gestion de projet",5,5.0,5.0
Recherches commerciales vendeuses,Dakar,2025-04-17,2025-04-01,CDD,EXPAT-DAKAR.COM,goafricaonline.com,Commerce & Vente,vente,Non spécifié,,
(02) Deux commerciaux expérimentés,Dakar,2025-04-17,2025-04-01,CDD,EXPAT-DAKAR.COM,goafricaonline.com,Commerce & Vente,vente,3-5,3.0,5.0
Caissiere multiservices,Dakar,2025-04-17,2025-04-01,CDD,EXPAT-DAKAR.COM,goafricaonline.com,Commerce & Vente,vente,Non spécifié,,
Assistante de Direction,Dakar,2025-04-17,2025-04-01,CDD,EXPAT-DAKAR.COM,goafricaonline.com,Commerce & Vente,finance,Non spécifié,,
Coiffeur/barbier professionnel,Dakar,2025-04-17,2025-04-01,CDD,EXPAT-DAKAR.COM,goafricaonline.com,Commerce & Vente,vente,Non spécifié,,
Prospection émission réception d’appels,Dakar,2025-04-17,2025-04-01,CDD,EXPAT-DAKAR.COM,goafricaonline.com,Commerce & Vente,non spécifié,Non spécifié,,
Recherche Chef Cuisinier,Dakar,2025-04-17,2025-04-01,CDD,EXPAT-DAKAR.COM,goafricaonline.com,Commerce & Vente,vente,Non spécifié,,
Chef cuisinier / responsable de cantine,Dakar,2025-04-17,2025-04-01,CDD,EXPAT-DAKAR.COM,goafricaonline.com,Commerce & Vente,vente,Non spécifié,,
Commercial de terrain,Dakar,2025-04-17,2025-04-01,CDD,EXPAT-DAKAR.COM,goafricaonline.com,Commerce & Vente,"vente, logistique",Non spécifié,,
Cariste,Ross Bethio,2025-04-17,2025-04-01,CDD,Seck Global Business,goafricaonline.com,Technologie & Informatique,,Non spécifié,,
Cariste,Dakar,2025-04-17,2025-04-01,Non spécifié,Résidences KALIA,goafricaonline.com,BTP & Industrie,,Non spécifié,,
Gestionnaire de Stocks,Dakar,2025-04-17,2025-04-01,Non spécifié,TERANGA TRAVEL TOURS,goafricaonline.com,Tourisme & Hôtellerie,"vente, finance, rh, data analyse, logistique, gestion de projet",2,2.0,2.0
Assistant Manager / Énergie,Dakar,2025-04-17,2025-04-01,Non spécifié,DELOITTE SENEGAL,goafricaonline.com,Technologie & Informatique,"communication, gestion de projet, vente",Non spécifié,,
Infirmier,Dakar,2025-04-17,2025-04-01,Non spécifié,Africa Global Logistics Sénégal,goafricaonline.com,Transport & Logistique,"logistique, santé",3-5,3.0,5.0
Chef de section engins lourds,Dakar,2025-04-17,2025-04-01,Non spécifié,Africa Global Logistics Sénégal,goafricaonline.com,Transport & Logistique,"logistique, gestion de projet",Non spécifié,,
Directeur Technique (H/F) – BTP,Dakar,2025-04-17,2025-04-01,CDI,BATICHIMIE,goafricaonline.com,BTP & Industrie,"vente, communication, rh, gestion de projet",5-10,5.0,10.0
Responsable QHSE (H/F) – BTP,Dakar,2025-04-17,2025-04-01,CDI,BATICHIMIE,goafricaonline.com,BTP & Industrie,"communication, gestion de projet",5,5.0,5.0
"Expert Collecte, Directeur des Opérations",Dakar,2025-04-17,2025-04-01,CDI,La Laiterie Du Berger,goafricaonline.com,Agriculture & Agroalimentaire,data analyse,Non spécifié,,
Chef de Projet SEA,Dakar,2025-04-17,2025-04-01,CDD,EXPAT-DAKAR.COM,goafricaonline.com,Commerce & Vente,"marketing, programmation, communication, data analyse, gestion de projet",Non spécifié,,
Assistante pour dame âgée + Aide en cuisine,Dakar,2025-04-17,2025-04-01,CDD,EXPAT-DAKAR.COM,goafricaonline.com,Commerce & Vente,vente,Non spécifié,,
Agents commerciaux (les),Dakar,2025-04-17,2025-04-01,CDD,EXPAT-DAKAR.COM,goafricaonline.com,Commerce & Vente,vente,Non spécifié,,
Entreprise de livraison cherche commerciale,Dakar,2025-04-17,2025-04-01,CDD,EXPAT-DAKAR.COM,goafricaonline.com,Commerce & Vente,vente,Non spécifié,,
Coordonnateur de Projets,Dakar,2025-04-15,2025-04-01,CDD,HELEN KELLER INTERNATIONAL,goafricaonline.com,ONG & Humanitaire,"finance, communication",Non spécifié,,
Driver – Kolda,Dakar,2025-04-15,2025-04-01,CDD,HELEN KELLER INTERNATIONAL,goafricaonline.com,ONG & Humanitaire,"logistique, santé",Non spécifié,,
Driver – Tambacounda,Dakar,2025-04-15,2025-04-01,CDD,HELEN KELLER INTERNATIONAL,goafricaonline.com,ONG & Humanitaire,"finance, gestion de projet, santé",Non spécifié,,
Coordonnateur de Projets 2,Dakar,2025-04-15,2025-04-01,CDD,HELEN KELLER INTERNATIONAL,goafricaonline.com,ONG & Humanitaire,"finance, communication",Non spécifié,,
Opérateur de salle de contrôle,Dakar,2025-04-15,2025-04-01,Non spécifié,Wartsila West Africa Sa,goafricaonline.com,BTP & Industrie,"vente, communication, data analyse, marketing, santé, gestion de projet",5-8,5.0,8.0
Opérateur d'usine,Dakar,2025-04-15,2025-04-01,Non spécifié,Wartsila West Africa Sa,goafricaonline.com,BTP & Industrie,"vente, communication, data analyse, marketing, santé, gestion de projet",3-5,3.0,5.0
Mechanical Maintenance Supervisor,Dakar,,,Non spécifié,Wartsila West Africa Sa,goafricaonline.com,BTP & Industrie,"vente, communication, data analyse, marketing, santé, gestion de projet",5-8,5.0,8.0
Formateur en marketing bilingue,Dakar,2025-04-15,2025-04-01,CDD,CARLCARE SERVICE,goafricaonline.com,Transport & Logistique,"vente, marketing, communication, rh",Non spécifié,,
Electrical Maintenance Supervisor,Dakar,,,Non spécifié,Wartsila West Africa Sa,goafricaonline.com,BTP & Industrie,"vente, communication, data analyse, marketing, santé, gestion de projet",5-8,5.0,8.0
directeur des ventes,Dakar,2025-04-15,2025-04-01,CDD,EXPAT-DAKAR.COM,goafricaonline.com,Commerce & Vente,vente,Non spécifié,,
Sage femme,Dakar,2025-04-15,2025-04-01,CDI,EXPAT-DAKAR.COM,goafricaonline.com,Commerce & Vente,vente,Non spécifié,,
Esthéticien(ne) polyvalent(e) QUALIFIÉ AVEC EXPÉRIENCE,Dakar,2025-04-15,2025-04-01,CDI,EXPAT-DAKAR.COM,goafricaonline.com,Commerce & Vente,,2,2.0,2.0
Vendeuse live tik tok,Dakar,2025-04-15,2025-04-01,CDD,EXPAT-DAKAR.COM,goafricaonline.com,Commerce & Vente,"vente, communication, marketing",Non spécifié,,
Commerciaux et promoteurs expérimentés,Dakar,2025-04-15,2025-04-01,CDD,CARLCARE SERVICE,goafricaonline.com,Transport & Logistique,"vente, marketing, communication, rh",Non spécifié,,
Comptable caissier,Dakar,2025-04-15,2025-04-01,CDD,CARLCARE SERVICE,goafricaonline.com,Transport & Logistique,"vente, marketing, communication, rh",Non spécifié,,
Estheticienne en freelance,Dakar,2025-04-15,2025-04-01,CDD,EXPAT-DAKAR.COM,goafricaonline.com,Commerce & Vente,vente,Non spécifié,,
Stagiaire en Informatique,Dakar,2025-04-15,2025-04-01,CDD,EXPAT-DAKAR.COM,goafricaonline.com,Commerce & Vente,vente,Non spécifié,,
Brand & Communication Specialist,Dakar,2025-04-15,2025-04-01,CDD,GUNGUE CONSULTING,goafricaonline.com,"Finance, Banque & Comptabilité","communication, marketing",Non spécifié,,
Administrative and Financial Assistant – G5,Dakar,2025-04-15,2025-04-01,CDD,Unfpa (Fonds Des Nations Unies Pour La Population),goafricaonline.com,ONG & Humanitaire,finance,Non spécifié,,
"Planning, Monitoring and Evaluation Adviser",Dakar,2025-04-15,2025-04-01,CDD,Unfpa (Fonds Des Nations Unies Pour La Population),goafricaonline.com,ONG & Humanitaire,data analyse,Non spécifié,,
National Expert _ Gender,Dakar,2025-04-15,2025-04-01,CDD,Unfpa (Fonds Des Nations Unies Pour La Population),goafricaonline.com,ONG & Humanitaire,gestion de projet,Non spécifié,,
(02) stagiaires en marché publique,Dakar,2025-04-15,2025-04-01,Non spécifié,Musee Des Civilisations Noires,goafricaonline.com,Tourisme & Hôtellerie,rh,3,3.0,3.0
Stagiaire comptable,Dakar,2025-04-15,2025-04-01,Non spécifié,Musee Des Civilisations Noires,goafricaonline.com,Tourisme & Hôtellerie,"finance, rh",3,3.0,3.0
Stagiaire en automatisation,Dakar,2025-04-15,2025-04-01,Non spécifié,Musee Des Civilisations Noires,goafricaonline.com,Tourisme & Hôtellerie,rh,3,3.0,3.0
Stagiaire administrateur réseau,Dakar,2025-04-15,2025-04-01,Non spécifié,Musee Des Civilisations Noires,goafricaonline.com,Tourisme & Hôtellerie,rh,3,3.0,3.0
(03) Stagiaires archivistes,Dakar,2025-04-15,2025-04-01,Non spécifié,Musee Des Civilisations Noires,goafricaonline.com,Tourisme & Hôtellerie,rh,3,3.0,3.0
Stagiaire sonorisation,Dakar,2025-04-15,2025-04-01,Non spécifié,Musee Des Civilisations Noires,goafricaonline.com,Tourisme & Hôtellerie,rh,Non spécifié,,
(03) Stagiaires documentalistes,Dakar,2025-04-15,2025-04-01,Non spécifié,Musee Des Civilisations Noires,goafricaonline.com,Tourisme & Hôtellerie,rh,4,4.0,4.0
(08) stagiaires en médiation culturelle,Dakar,2025-04-15,2025-04-01,Non spécifié,Musee Des Civilisations Noires,goafricaonline.com,Tourisme & Hôtellerie,rh,3,3.0,3.0
Stagiaire en sociologie,Dakar,2025-04-15,2025-04-01,Non spécifié,Musee Des Civilisations Noires,goafricaonline.com,Tourisme & Hôtellerie,rh,3,3.0,3.0
(02) stagiaires en climatisation,Dakar,2025-04-15,2025-04-01,Non spécifié,Musee Des Civilisations Noires,goafricaonline.com,Tourisme & Hôtellerie,rh,2,2.0,2.0
(02) stagiaires régisseurs d’événements,Dakar,2025-04-15,2025-04-01,Non spécifié,Musee Des Civilisations Noires,goafricaonline.com,Tourisme & Hôtellerie,,Non spécifié,,
Coursier Administratif,Dakar,2025-04-15,2025-04-01,CDD,Cabinet E-RH Consulting,goafricaonline.com,RH & Recrutement,rh,Non spécifié,,
Opératrices Téléphoniques,Dakar,2025-04-15,2025-04-01,CDD,EXPAT-DAKAR.COM,goafricaonline.com,Commerce & Vente,vente,Non spécifié,,
Chef de Service Achats et Logistique,Dakar,2025-04-15,2025-04-01,CDD,EXPAT-DAKAR.COM,goafricaonline.com,Commerce & Vente,"vente, logistique",Non spécifié,,
Comptables (6),Dakar,2025-04-15,2025-04-01,CDD,CROIX ROUGE NIGERIENNE,goafricaonline.com,Transport & Logistique,"finance, communication, data analyse, rh, logistique, santé, gestion de projet",5,5.0,5.0
Caissier h/f,Dakar,2025-04-11,2025-04-01,CDD,Banque Islamique Du Senegal-Bis,goafricaonline.com,"Finance, Banque & Comptabilité","finance, data analyse",0-3,0.0,3.0
Comptable bilingue,Dakar,2025-04-11,2025-04-01,CDD,CARLCARE SERVICE,goafricaonline.com,Transport & Logistique,"vente, marketing, communication",Non spécifié,,
Cuisinière expérimentée,Dakar,2025-04-11,2025-04-01,CDD,AGENCE HYBRIDE,goafricaonline.com,RH & Recrutement,non spécifié,Non spécifié,,
Responsable Atelier Mécanique,Dakar,2025-04-11,2025-04-01,CDD,GPF SARL,goafricaonline.com,"Finance, Banque & Comptabilité","finance, communication, rh",Non spécifié,,
Associate Human Resources Officer,Dakar,2025-04-11,2025-04-01,CDD,United Nations Office For West Africa - Unowa,goafricaonline.com,ONG & Humanitaire,rh,Non spécifié,,
Directeur Administratif Financier,Dakar,2025-04-11,2025-04-01,CDI,Anpej (Agence Nationale Pour La Promotion De L’Emploi Des Jeunes),goafricaonline.com,Administration & Services publics,finance,Non spécifié,,
Contrôleur Général,Dakar,2025-04-11,2025-04-01,CDI,Anpej (Agence Nationale Pour La Promotion De L’Emploi Des Jeunes),goafricaonline.com,Administration & Services publics,non spécifié,Non spécifié,,
Expert en intégration des SI,Dakar,2025-04-11,2025-04-01,CDD,PAENS,goafricaonline.com,ONG & Humanitaire,"finance, santé, gestion de projet",Non spécifié,,
Expert en gestion hospitalière,Dakar,2025-04-11,2025-04-01,CDD,PAENS,goafricaonline.com,ONG & Humanitaire,"finance, santé, gestion de projet",Non spécifié,,
Expert en base de données,Dakar,2025-04-11,2025-04-01,CDD,PAENS,goafricaonline.com,ONG & Humanitaire,"finance, santé, gestion de projet",Non spécifié,,
2 Chargés des Affaires PME,Dakar,2025-04-11,2025-04-01,CDI,Anpej (Agence Nationale Pour La Promotion De L’Emploi Des Jeunes),goafricaonline.com,Administration & Services publics,non spécifié,Non spécifié,,
Expert en santé publique,Dakar,2025-04-11,2025-04-01,CDD,PAENS,goafricaonline.com,ONG & Humanitaire,"finance, santé, gestion de projet",Non spécifié,,
Expert en sécurité et infrastructure logicielle,Dakar,2025-04-11,2025-04-01,CDD,PAENS,goafricaonline.com,ONG & Humanitaire,"finance, santé, gestion de projet",Non spécifié,,
Expert santé,Dakar,2025-04-11,2025-04-01,CDD,PAENS,goafricaonline.com,ONG & Humanitaire,"finance, santé, gestion de projet",Non spécifié,,
Expert SIG,Dakar,2025-04-11,2025-04-01,CDD,PAENS,goafricaonline.com,ONG & Humanitaire,"finance, santé, gestion de projet",Non spécifié,,
Administrateur général,Dakar,2025-04-11,2025-04-01,CDI,Institut Pasteur De Dakar,goafricaonline.com,Education & Formation,"finance, santé, logistique, gestion de projet, data analyse",15,15.0,15.0
Cost Analyst,Dakar,2025-04-11,2025-04-01,CDD,NESTLE SENEGAL,goafricaonline.com,Agriculture & Agroalimentaire,"marketing, vente, finance, communication, data analyse, programmation, rh, santé, gestion de projet",5,5.0,5.0
Technico commercial,Dakar,2025-04-11,2025-04-01,CDD,GPF SARL,goafricaonline.com,RH & Recrutement,"marketing, vente, gestion de projet",Non spécifié,,
Responsable Ingénieur Technico-commercial,Dakar,2025-04-11,2025-04-01,CDD,Soterco-Societe D'Edudes De Realisation Et D'Ingenierie Conseils,goafricaonline.com,BTP & Industrie,vente,5,5.0,5.0
Animateur HSE,Dakar,2025-04-11,2025-04-01,CDD,GPF SARL,goafricaonline.com,"Finance, Banque & Comptabilité",communication,Non spécifié,,
Campagne Recrutement Stagiaires,Dakar,2025-04-11,2025-04-01,CDI,ERAMET,goafricaonline.com,BTP & Industrie,"communication, finance, rh, logistique, gestion de projet",3,3.0,3.0
Ingénieur géologue ressources,Dakar,2025-04-11,2025-04-01,CDI,ERAMET,goafricaonline.com,BTP & Industrie,"vente, data analyse, santé, gestion de projet",Non spécifié,,
Technicien(ne) en décoration d'intérieur h/f,Dakar,,,CDD,INTERIM-CI,goafricaonline.com,RH & Recrutement,gestion de projet,Non spécifié,,
Cuisinière expérimentée habituée aux expatriés,Dakar,2025-04-11,2025-04-01,CDD,AGENCE HYBRIDE,goafricaonline.com,RH & Recrutement,,Non spécifié,,
Assistant comptable,Dakar,2025-04-11,2025-04-01,CDD,SERVTEC Sénégal,goafricaonline.com,RH & Recrutement,"marketing, vente, finance, communication, data analyse, programmation, rh, santé, gestion de projet",2-3,2.0,3.0
Stage – webdesigner junior,Dakar,2025-04-11,2025-04-01,Non spécifié,CANAL + SENEGAL,goafricaonline.com,Marketing & Communication,,Non spécifié,,
Regional Accounting Officer,Dakar,2025-04-11,2025-04-01,CDD,Oim (Organisation Internationale Pour Les Migrations),goafricaonline.com,ONG & Humanitaire,finance,Non spécifié,,
Associate information systems Officer,Dakar,2025-04-10,2025-04-01,CDD,United Nations Office For West Africa - Unowa,goafricaonline.com,ONG & Humanitaire,communication,Non spécifié,,
Stagiaire Contrôle Permanent et Gestion Applicative,Dakar,2025-04-10,2025-04-01,CDD,Banque Ouest Africaine De Developpement-Boad,goafricaonline.com,"Finance, Banque & Comptabilité",finance,Non spécifié,,
Agent Commercial,Dakar,2025-04-10,2025-04-01,CDI,Holly Trans Limited Senegal,goafricaonline.com,Technologie & Informatique,"vente, communication, logistique, gestion de projet",Non spécifié,,
Regional Product Launch Manager,Dakar,2025-04-10,2025-04-01,CDD,MARIE STOPES INTERNATIONALE,goafricaonline.com,Santé & Bien-être,,Non spécifié,,
Responsable régional des ventes et du marketing commercial,Dakar,2025-04-10,2025-04-01,CDD,MARIE STOPES INTERNATIONALE,goafricaonline.com,Santé & Bien-être,,Non spécifié,,
"Directeur associé, marketing social régional",Dakar,2025-04-10,2025-04-01,CDD,MARIE STOPES INTERNATIONALE,goafricaonline.com,Santé & Bien-être,"vente, marketing",Non spécifié,,
Responsable RH,Dakar,2025-04-10,2025-04-01,Non spécifié,SAGEMCOM SENEGAL,goafricaonline.com,Marketing & Communication,"rh, santé",Non spécifié,,
"Directeur Administration, Commercial et Marketing",Dakar,2025-04-10,2025-04-01,CDD,GPF SARL,goafricaonline.com,RH & Recrutement,"marketing, vente, communication, finance, data analyse, logistique",7,7.0,7.0
Assistant(e) Administratif(ve) Expérimentée,Dakar,2025-04-10,2025-04-01,Stage,GRAZEINA TECHNOLOGIES,goafricaonline.com,Sécurité,"finance, rh, logistique",Non spécifié,,
Agent de gestion de programme,Dakar,2025-04-10,2025-04-01,CDD,United Nations Office For West Africa - Unowa,goafricaonline.com,ONG & Humanitaire,data analyse,Non spécifié,,
Photographe d'Afrique de l'Ouest (Photographe),Dakar,2025-04-10,2025-04-01,CDD,THE ASSOCIATED PRESS,goafricaonline.com,ONG & Humanitaire,"communication, marketing",Non spécifié,,
Responsable adjoint MAS,Dakar,2025-04-10,2025-04-01,Non spécifié,HOTEL TERROU BI,goafricaonline.com,Tourisme & Hôtellerie,rh,3-5,3.0,5.0
Assistant Chargé.e de Projets,Dakar,2025-04-08,2025-04-01,CDD,SIMPLON SENEGAL,goafricaonline.com,Technologie & Informatique,"marketing, finance, vente, communication, programmation, data analyse, rh, santé, logistique, gestion de projet",4,4.0,4.0
Access to Finance (A2F) and Catalytic Fund Director,Dakar,2025-04-08,2025-04-01,CDD,Winrock International - Wi,goafricaonline.com,ONG & Humanitaire,finance,Non spécifié,,
Adjoint au gérant,Dakar,2025-04-08,2025-04-01,CDD,SERVTEC Sénégal,goafricaonline.com,RH & Recrutement,"marketing, vente, finance, communication, data analyse, programmation, rh, santé, logistique, gestion de projet",3,3.0,3.0
Chef comptable (h),Dakar,2025-04-08,2025-04-01,CDD,MARIE STOPES INTERNATIONALE,goafricaonline.com,Santé & Bien-être,"finance, santé",10,10.0,10.0
Consultant sénior,Dakar,2025-04-08,2025-04-01,CDD,NUTRITION SHOP,goafricaonline.com,Commerce & Vente,,Non spécifié,,
Assistant(e) Administratif(ve) et Financier(e) ( Education),Dakar,2025-04-08,2025-04-01,CDD,"Unesco (Organisation Des Nations Unies Pour L'Education, La Science Et La Culture)",goafricaonline.com,ONG & Humanitaire,"rh, data analyse, gestion de projet",Non spécifié,,
Responsable Achat Approvisionnement,Dakar,2025-04-08,2025-04-01,CDD,GPF SARL,goafricaonline.com,"Finance, Banque & Comptabilité",vente,Non spécifié,,
Commercial Senior,Dakar,2025-04-08,2025-04-01,CDD,GPF SARL,goafricaonline.com,"Finance, Banque & Comptabilité","vente, finance",Non spécifié,,
Aide-Cuisinier,Dakar,2025-04-08,2025-04-01,CDD/CDI,Lezzetli Restaurant Et Traiteur,goafricaonline.com,Commerce & Vente,"communication, finance, gestion de projet",2,2.0,2.0
Pâtissier,Dakar,2025-04-08,2025-04-01,CDD/CDI,Lezzetli Restaurant Et Traiteur,goafricaonline.com,Commerce & Vente,"communication, finance, gestion de projet",2,2.0,2.0
Téléprospecteur BtB en Télétravail,Dakar,2025-04-08,2025-04-01,Stage,MMS CONTACT,goafricaonline.com,Technologie & Informatique,"marketing, vente, communication, gestion de projet",Non spécifié,,
Commerciaux en Freelance,Dakar,2025-04-08,2025-04-01,CDD,VCJN RECRUT,goafricaonline.com,RH & Recrutement,"vente, logistique",Non spécifié,,
cherche chirurgiens dentistes,Dakar,2025-04-08,2025-04-01,CDD,EXPAT-DAKAR.COM,goafricaonline.com,Commerce & Vente,vente,Non spécifié,,
Assistant(e) dans une laverie automatique,Dakar,2025-04-08,2025-04-01,CDD,EXPAT-DAKAR.COM,goafricaonline.com,Commerce & Vente,vente,Non spécifié,,
Femme de ménage expérimentée,Dakar,2025-04-08,2025-04-01,CDD,EXPAT-DAKAR.COM,goafricaonline.com,Commerce & Vente,vente,Non spécifié,,
Assistant(e) Commercial(e) & Administratif(ve) Polyvalent(e),Dakar,2025-04-08,2025-04-01,CDD,EXPAT-DAKAR.COM,goafricaonline.com,Commerce & Vente,"vente, communication, marketing",Non spécifié,,
"Directeur Pedagogique et professeurs : anglais, maths..",Dakar,2025-04-08,2025-04-01,CDD,EXPAT-DAKAR.COM,goafricaonline.com,Commerce & Vente,vente,2,2.0,2.0
Coiffeuse ou coiffeur professionnel,Dakar,2025-04-08,2025-04-01,CDD,EXPAT-DAKAR.COM,goafricaonline.com,Commerce & Vente,vente,Non spécifié,,
Regional Supply Chain Associate,Dakar,2025-04-08,2025-04-01,CDD,OIM,goafricaonline.com,Tourisme & Hôtellerie,"programmation, data analyse, gestion de projet",Non spécifié,,
Senior Policy and Liaison Associate,Dakar,2025-04-08,2025-04-01,CDD,OIM,goafricaonline.com,Tourisme & Hôtellerie,communication,Non spécifié,,
Comptable,Dakar,2025-04-08,2025-04-01,CDD,SERVTEC Sénégal,goafricaonline.com,RH & Recrutement,finance,2-3,2.0,3.0
Sales Administrator,Dakar,2025-04-08,2025-04-01,Non spécifié,Dakar Trading Healthcare & Services,goafricaonline.com,Santé & Bien-être,"vente, communication, rh, santé, data analyse",3,3.0,3.0
Administrateur des ventes,Dakar,2025-04-08,2025-04-01,Non spécifié,Dakar Trading Healthcare & Services,goafricaonline.com,Santé & Bien-être,"vente, communication, rh, santé, data analyse",3,3.0,3.0
Provider Relations Associate,Dakar,2025-04-08,2025-04-01,Non spécifié,Dakar Trading Healthcare & Services,goafricaonline.com,Santé & Bien-être,"communication, rh, santé, data analyse",3,3.0,3.0
Claims Operations Associate (Senegal),Dakar,2025-04-08,2025-04-01,Non spécifié,Dakar Trading Healthcare & Services,goafricaonline.com,Santé & Bien-être,"communication, rh, santé, data analyse",3,3.0,3.0
Customer Service Officer,Dakar,2025-04-08,2025-04-01,Non spécifié,Dakar Trading Healthcare & Services,goafricaonline.com,Santé & Bien-être,"communication, finance, rh, santé, data analyse",3,3.0,3.0
Associé principal en marketing direct,Dakar,2025-04-08,2025-04-01,Non spécifié,Dakar Trading Healthcare & Services,goafricaonline.com,Santé & Bien-être,"marketing, vente, communication, data analyse, rh, santé, gestion de projet",3,3.0,3.0
Médecin indépendant en télémédecine,Dakar,2025-04-08,2025-04-01,Non spécifié,Dakar Trading Healthcare & Services,goafricaonline.com,Santé & Bien-être,"communication, rh, santé, data analyse",3,3.0,3.0
Growth Marketing Senior Associate,Dakar,2025-04-08,2025-04-01,Non spécifié,Dakar Trading Healthcare & Services,goafricaonline.com,Santé & Bien-être,"marketing, vente, communication, rh, santé, data analyse",3,3.0,3.0
IT Support Specialist,Dakar,2025-04-08,2025-04-01,Non spécifié,Dakar Trading Healthcare & Services,goafricaonline.com,Santé & Bien-être,"communication, rh, santé, data analyse",3,3.0,3.0
Commercial,Dakar,2025-04-08,2025-04-01,Non spécifié,Africa Global Logistics Sénégal,goafricaonline.com,Transport & Logistique,vente,Non spécifié,,
Consultants,Dakar,2025-04-08,2025-04-01,CDD,JGM INTERNATIONAL CONSULTANTS,goafricaonline.com,"Finance, Banque & Comptabilité","finance, gestion de projet",5,5.0,5.0
"Assistant Technique, Expert en Sauvegarde Sociale – CPCSP – Office des Lacs et Cours d’Eau (OLAC",Dakar,2025-04-06,2025-04-01,CDD,CPCSP,goafricaonline.com,BTP & Industrie,gestion de projet,Non spécifié,,
Chef de projet IT,Non spécifié,2025-04-06,2025-04-01,CDD,AMD CORPORATE,goafricaonline.com,Non spécifié,"marketing, vente, finance, communication, data analyse, programmation, rh, santé, gestion de projet",3,3.0,3.0
Directeur pédagogique,Dakar,2025-04-06,2025-04-01,CDD,GLOBAL BUSINESS GROUP - GBG,goafricaonline.com,"Finance, Banque & Comptabilité",,Non spécifié,,
Téléconseillers,Dakar,2025-04-06,2025-04-01,CDD,MOUABI GROUP,goafricaonline.com,Marketing & Communication,"communication, vente",2,2.0,2.0
Regional Humanitarian Operations Officer,Dakar,2025-04-06,2025-04-01,CDD,GIZ,goafricaonline.com,ONG & Humanitaire,,Non spécifié,,
Assistant(e) informatique,Dakar,2025-04-06,2025-04-01,Stage,ITECH SOLUTIONS,goafricaonline.com,Technologie & Informatique,"finance, logistique, gestion de projet",Non spécifié,,
"Technical Lead, Guinean Forests Integrated Program",Dakar,2025-04-06,2025-04-01,CDD,BIRDLIFE INTERNATIONAL,goafricaonline.com,ONG & Humanitaire,"finance, gestion de projet",Non spécifié,,
Career Manager,Dakar,2025-04-06,2025-04-01,Non spécifié,MSF SARL SENEGAL,goafricaonline.com,Santé & Bien-être,"communication, rh, santé, gestion de projet",Non spécifié,,
Stagiaire pour la Sensibilisation Communautaire et la Communication,Dakar,2025-04-06,2025-04-01,CDD,Unfpa (Fonds Des Nations Unies Pour La Population),goafricaonline.com,ONG & Humanitaire,"communication, marketing, santé, gestion de projet",Non spécifié,,
Avis d’appel d’offre de recrutement d’un consultant,Dakar,2025-04-06,2025-04-01,CDD,Crs (Catholic Relief Services),goafricaonline.com,ONG & Humanitaire,"gestion de projet, santé",Non spécifié,,
Stagiaire pour la Sensibilisation Communautaire et la Communication,Dakar,2025-04-06,2025-04-01,CDD,Crs (Catholic Relief Services),goafricaonline.com,ONG & Humanitaire,"communication, santé",Non spécifié,,
Technical Trainer – Formateur Technique,Dakar,2025-04-06,2025-04-01,CDD,BIA DAKAR,goafricaonline.com,RH & Recrutement,"marketing, communication, logistique",3,3.0,3.0
Électrotechnicien,Dakar,2025-04-06,2025-04-01,CDD,RMO,goafricaonline.com,RH & Recrutement,"rh, gestion de projet",2,2.0,2.0
Gestionnaire de stock,Dakar,2025-04-06,2025-04-01,CDD,RMO,goafricaonline.com,RH & Recrutement,"rh, logistique",2,2.0,2.0
Administrateur des ventes chargé de reporting,Dakar,2025-04-06,2025-04-01,CDD,GLOBAL BUSINESS GROUP - GBG,goafricaonline.com,"Finance, Banque & Comptabilité","vente, data analyse, gestion de projet",Non spécifié,,
Reporter Afrique de l'Ouest,Dakar,2025-04-06,2025-04-01,CDD,THE ASSOCIATED PRESS,goafricaonline.com,ONG & Humanitaire,"programmation, santé",Non spécifié,,
Ingénieur Systèmes,Dakar,2025-04-06,2025-04-01,CDD,PCCI,goafricaonline.com,Marketing & Communication,,Non spécifié,,
Stagiaire Technique AFM,Dakar,2025-04-06,2025-04-01,CDD,BIA DAKAR,goafricaonline.com,BTP & Industrie,"vente, communication, finance, data analyse, programmation, logistique, gestion de projet",2,2.0,2.0
Program Management Officer,Dakar,2025-04-06,2025-04-01,CDD,United Nations Office For West Africa - Unowa,goafricaonline.com,ONG & Humanitaire,data analyse,Non spécifié,,
Partnerships Advisor,Dakar,2025-04-06,2025-04-01,CDD,UNOPS,goafricaonline.com,ONG & Humanitaire,gestion de projet,Non spécifié,,
Assistant responsable animation vente terrain,Dakar,2025-04-06,2025-04-01,CDD,GLOBAL BUSINESS GROUP - GBG,goafricaonline.com,"Finance, Banque & Comptabilité","vente, marketing, communication, rh",Non spécifié,,
Commercial ADV/PRC,Dakar,2025-04-06,2025-04-01,CDD,GLOBAL BUSINESS GROUP - GBG,goafricaonline.com,"Finance, Banque & Comptabilité","vente, data analyse",Non spécifié,,
Stagiaire en logistique et support à l’organisation d’événements,Dakar,2025-04-06,2025-04-01,Non spécifié,Cabinet D'Expertise De Gestion Et De Promotions Immobilieres-Cegepi,goafricaonline.com,BTP & Industrie,"communication, programmation, logistique, gestion de projet",Non spécifié,,
Contrôleur de gestion,Dakar,2025-04-06,2025-04-01,CDD,LA CASAMANCAISE,goafricaonline.com,Agriculture & Agroalimentaire,"marketing, vente, finance, communication, programmation, data analyse, gestion de projet",3,3.0,3.0
Coordinateur(trice) Local(e) du Programme de Renforcement de la famille,Dakar,2025-04-06,2025-04-01,CDD,Sos Villages D'Enfants Senegal,goafricaonline.com,Santé & Bien-être,"communication, finance, data analyse, santé, gestion de projet",Non spécifié,,
Responsable e-commerce,Dakar,2025-04-06,2025-04-01,CDD,DECATHLON SENEGAL,goafricaonline.com,Commerce & Vente,"vente, marketing, communication, gestion de projet",Non spécifié,,
Chargé(e) Trade Marketing opérationnel,Dakar,2025-04-06,2025-04-01,CDD,LA CASAMANCAISE,goafricaonline.com,Agriculture & Agroalimentaire,"marketing, vente, communication, programmation",Non spécifié,,
Comptable stocks,Dakar,2025-04-06,2025-04-01,CDD,INTERNATIONAL STAFFING COMPANY,goafricaonline.com,RH & Recrutement,"finance, logistique, communication",Non spécifié,,
Consultant RH,Dakar,2025-04-06,2025-04-01,CDD,GLOBAL BUSINESS GROUP - GBG,goafricaonline.com,"Finance, Banque & Comptabilité","rh, gestion de projet",Non spécifié,,
Technicien contrôle opérationnel et fraude,Dakar,2025-04-06,2025-04-01,CDD,GLOBAL BUSINESS GROUP - GBG,goafricaonline.com,"Finance, Banque & Comptabilité",,Non spécifié,,
Chargé de recherche,Dakar,2025-04-06,2025-04-01,CDD,GLOBAL BUSINESS GROUP - GBG,goafricaonline.com,"Finance, Banque & Comptabilité","data analyse, santé, gestion de projet",Non spécifié,,
Assistante de direction et administrative,Dakar,2025-04-06,2025-04-01,CDD,GLOBAL BUSINESS GROUP - GBG,goafricaonline.com,"Finance, Banque & Comptabilité","finance, communication, rh, gestion de projet",Non spécifié,,
Chargé.e de projet – Suivi-évaluation Programme APPRENDRE,Dakar,2025-04-06,2025-04-01,Non spécifié,Auf / Agence Universitaire De La Francophonie,goafricaonline.com,"Finance, Banque & Comptabilité","marketing, finance, programmation, communication, data analyse, rh, logistique, gestion de projet",2,2.0,2.0
Responsable de projet,Dakar,2025-04-06,2025-04-01,Non spécifié,Auf / Agence Universitaire De La Francophonie,goafricaonline.com,"Finance, Banque & Comptabilité","marketing, finance, programmation, communication, data analyse, rh, logistique, gestion de projet",Non spécifié,,
Commercial(e),Dakar,2025-04-06,2025-04-01,CDD,EXPAT-DAKAR.COM,goafricaonline.com,Commerce & Vente,"vente, communication",Non spécifié,,
Social and Behaviour Change (SBC) Specialist,Dakar,2025-04-06,2025-04-01,CDD,MARIE STOPES INTERNATIONALE,goafricaonline.com,Santé & Bien-être,"gestion de projet, data analyse",Non spécifié,,
Employée de maison,Dakar,,,CDD,EXPAT-DAKAR.COM,goafricaonline.com,Commerce & Vente,vente,Non spécifié,,
un(e) Comptable !,Dakar,2025-04-06,2025-04-01,CDD,EXPAT-DAKAR.COM,goafricaonline.com,Commerce & Vente,"vente, gestion de projet",Non spécifié,,
Recherche danseuses pour animation restaurant,Dakar,2025-04-06,2025-04-01,CDD,EXPAT-DAKAR.COM,goafricaonline.com,Commerce & Vente,vente,Non spécifié,,
Recherche femme de ménage,Dakar,2025-04-06,2025-04-01,CDD,EXPAT-DAKAR.COM,goafricaonline.com,Commerce & Vente,vente,Non spécifié,,
Nettoyage et cuisine,Dakar,2025-04-06,2025-04-01,CDD,EXPAT-DAKAR.COM,goafricaonline.com,Commerce & Vente,vente,Non spécifié,,
Domestiques,Dakar,2025-04-06,2025-04-01,CDD,EXPAT-DAKAR.COM,goafricaonline.com,Commerce & Vente,non spécifié,Non spécifié,,
Contrôleur Qualité (H/F),Dakar,2025-03-27,2025-03-01,CDI,LAITERIE DU BERGER,goafricaonline.com,Agriculture & Agroalimentaire,communication,2,2.0,2.0
Ingénieurs en électromécanique,Dakar,2025-03-27,2025-03-01,CDD,TERANGA MANPOWER,goafricaonline.com,RH & Recrutement,gestion de projet,Non spécifié,,
Responsable Marketing,Dakar,2025-03-27,2025-03-01,CDD,KATOS CONSULTING,goafricaonline.com,BTP & Industrie,"marketing, vente, communication, programmation, gestion de projet",3-5,3.0,5.0
Commercial,Dakar,2025-03-27,2025-03-01,CDD,MASTER OFFICE DECO,goafricaonline.com,Marketing & Communication,"communication, vente",2,2.0,2.0
Acheteur,Dakar,2025-03-27,2025-03-01,CDD,MASTER OFFICE DECO,goafricaonline.com,Marketing & Communication,"vente, communication, logistique",2,2.0,2.0
Informaticien,Dakar,2025-03-27,2025-03-01,CDD,MASTER OFFICE DECO,goafricaonline.com,Marketing & Communication,"communication, vente",2,2.0,2.0
Agent Marketing Digital,Dakar,2025-03-27,2025-03-01,CDD,MASTER OFFICE DECO,goafricaonline.com,Marketing & Communication,"marketing, vente, communication",2,2.0,2.0
Directeur RH,Dakar,2025-03-27,2025-03-01,CDD,TOPWORK SENEGAL,goafricaonline.com,RH & Recrutement,rh,8,8.0,8.0
Consultant (cartographie des risques),Dakar,2025-03-27,2025-03-01,CDI,FONSIS,goafricaonline.com,"Finance, Banque & Comptabilité",finance,Non spécifié,,
Conseiller.ère en santé publique et règlementation pharmaceutique (Conseiller.ère en santé),Dakar,2025-03-27,2025-03-01,Stage,GIZ,goafricaonline.com,Administration & Services publics,gestion de projet,Non spécifié,,
Chargé(e) de Plaidoyer,Dakar,2025-03-27,2025-03-01,CDD,MARIE STOPES INTERNATIONALE,goafricaonline.com,Santé & Bien-être,"communication, santé, data analyse",Non spécifié,,
Conducteur de chaudière à vapeur,Dakar,2025-03-27,2025-03-01,CDI,LAITERIE DU BERGER,goafricaonline.com,Agriculture & Agroalimentaire,,Non spécifié,,
Assistant RH,Dakar,2025-03-27,2025-03-01,Non spécifié,MSF SARL SENEGAL,goafricaonline.com,Santé & Bien-être,"finance, rh, gestion de projet",Non spécifié,,
Ingénieur informatique,Dakar,2025-03-27,2025-03-01,CDD,SERVTEC Sénégal,goafricaonline.com,RH & Recrutement,"marketing, vente, finance, communication, programmation, data analyse, rh, santé, gestion de projet",3,3.0,3.0
Assistant Manager/Energie,Dakar,2025-03-27,2025-03-01,Non spécifié,DELOITTE SENEGAL,goafricaonline.com,Technologie & Informatique,"communication, gestion de projet, vente",Non spécifié,,
Enseignant.e English Language et literature,Dakar,2025-03-25,2025-03-01,CDD,ENKO INTERNATIONAL SCHOOL,goafricaonline.com,Education & Formation,vente,Non spécifié,,
Enseignant.e Éducation Physique,Dakar,2025-03-25,2025-03-01,CDD,ENKO INTERNATIONAL SCHOOL,goafricaonline.com,Education & Formation,vente,Non spécifié,,
Trésorier(ère),Dakar,2025-03-25,2025-03-01,CDD,Nouvelles Editions Africaine Du Senegal - Neas,goafricaonline.com,Marketing & Communication,"finance, communication, logistique, gestion de projet",5,5.0,5.0
Enseignant.e Éducation Artistique,Dakar,2025-03-25,2025-03-01,CDD,ENKO INTERNATIONAL SCHOOL,goafricaonline.com,Education & Formation,finance,Non spécifié,,
Coordinateur.trice Logistique,Dakar,2025-03-25,2025-03-01,CDD,Nouvelles Editions Africaine Du Senegal - Neas,goafricaonline.com,Marketing & Communication,"communication, finance, logistique, gestion de projet",3-5,3.0,5.0
Développeur web/mobile,Dakar,2025-03-25,2025-03-01,CDD,GLOBAL BUSINESS GROUP - GBG,goafricaonline.com,"Finance, Banque & Comptabilité","finance, programmation, rh, gestion de projet",Non spécifié,,
Chargé d’études électriques,Dakar,2025-03-25,2025-03-01,Non spécifié,SAGEMCOM SENEGAL,goafricaonline.com,Marketing & Communication,gestion de projet,Non spécifié,,
Enseignant.e Économie,Dakar,2025-03-25,2025-03-01,CDD,ENKO INTERNATIONAL SCHOOL,goafricaonline.com,Education & Formation,finance,Non spécifié,,
Téléconseiller(e) – Maîtrise de l’espagnol,Dakar,2025-03-25,2025-03-01,CDD,RESELFORM DAKAR,goafricaonline.com,Transport & Logistique,"marketing, communication",3,3.0,3.0
Secrétaire Bilingue Espagnol,Dakar,2025-03-25,2025-03-01,Non spécifié,Etls Sarl (Entreprise Transport Logistique Senegal),goafricaonline.com,Transport & Logistique,,Non spécifié,,
Responsable Marketing Analytique,Non spécifié,2025-03-25,2025-03-01,Non spécifié,AMD CORPORATE,goafricaonline.com,Non spécifié,"marketing, vente, finance, communication, data analyse, programmation, rh, santé, gestion de projet",3,3.0,3.0
Recrutement en energie BtoB,Dakar,2025-03-25,2025-03-01,CDD,EXPAT-DAKAR.COM,goafricaonline.com,Commerce & Vente,vente,Non spécifié,,
Santé et bien être,Dakar,2025-03-25,2025-03-01,CDD,EXPAT-DAKAR.COM,goafricaonline.com,Commerce & Vente,"marketing, vente",Non spécifié,,
Employé polyvalent - Ménage et Cuisine,Dakar,2025-03-25,2025-03-01,CDD,EXPAT-DAKAR.COM,goafricaonline.com,Commerce & Vente,,2-3,2.0,3.0
Recrutement Vendeur(se) en Boutique,Dakar,2025-03-25,2025-03-01,CDD,EXPAT-DAKAR.COM,goafricaonline.com,Commerce & Vente,vente,Non spécifié,,
Emploi Aviculture,Dakar,2025-03-25,2025-03-01,CDD,EXPAT-DAKAR.COM,goafricaonline.com,Commerce & Vente,vente,Non spécifié,,
Gérant IPM,Dakar,2025-03-25,2025-03-01,CDD,EXPAT-DAKAR.COM,goafricaonline.com,Commerce & Vente,"vente, logistique",Non spécifié,,
Technicien Géophysique,Dakar,2025-03-25,2025-03-01,CDD,TECTRA SENEGAL,goafricaonline.com,RH & Recrutement,"data analyse, gestion de projet, vente",Non spécifié,,
Athletes Education Program Manager,Dakar,2025-03-25,2025-03-01,CDD,TECTRA SENEGAL,goafricaonline.com,RH & Recrutement,gestion de projet,Non spécifié,,
Téléconseillers en Prise de Rendez-vous,Dakar,2025-03-25,2025-03-01,CDD,KAWRAL,goafricaonline.com,Marketing & Communication,"vente, marketing, communication",2,2.0,2.0
Assistant(e) Marketing Digital et Commerciale,Dakar,2025-03-25,2025-03-01,Stage,AGENCE ARCANES,goafricaonline.com,BTP & Industrie,"marketing, vente, finance, programmation, communication, rh, gestion de projet",2,2.0,2.0
Chef de Projet Expérimenté,Dakar,2025-03-25,2025-03-01,Stage,MODELSIS MODELISATION,goafricaonline.com,Technologie & Informatique,"communication, gestion de projet",Non spécifié,,
Technical and Quality Manager,Dakar,2025-03-25,2025-03-01,CDD,INTERNATIONAL STAFFING COMPANY,goafricaonline.com,RH & Recrutement,santé,Non spécifié,,
Formateur,Dakar,2025-03-25,2025-03-01,CDD,Quality center,goafricaonline.com,Marketing & Communication,"communication, gestion de projet",Non spécifié,,
"Associate Media, Communications and Gender Officer",Dakar,2025-03-25,2025-03-01,CDD,United Nations Office For West Africa - Unowa,goafricaonline.com,ONG & Humanitaire,communication,Non spécifié,,
Regional Security Support Officer,Dakar,2025-03-25,2025-03-01,CDD,OIM,goafricaonline.com,ONG & Humanitaire,,Non spécifié,,
Call for roster – Consultant Emergency,Dakar,2025-03-25,2025-03-01,CDD,Pam (Programme Alimentaire Mondial),goafricaonline.com,ONG & Humanitaire,marketing,Non spécifié,,
Data Analyst / Engineer,Dakar,2025-03-25,2025-03-01,CDD,GLOBAL BUSINESS GROUP - GBG,goafricaonline.com,"Finance, Banque & Comptabilité","visualisation de données, data analyse",Non spécifié,,
Enseignant.e SVT,Dakar,2025-03-25,2025-03-01,CDD,ENKO INTERNATIONAL SCHOOL,goafricaonline.com,Education & Formation,,Non spécifié,,
Enseignant.e Primaire,Dakar,,,Non spécifié,ENKO SCHOOL WACO,goafricaonline.com,Education & Formation,"marketing, programmation, communication, finance, data analyse, gestion de projet",2,2.0,2.0
Enseignant.e Philosophie,Dakar,2025-03-25,2025-03-01,CDD,ENKO INTERNATIONAL SCHOOL,goafricaonline.com,Education & Formation,,Non spécifié,,
Enseignant.e Musique,Dakar,2025-03-25,2025-03-01,CDD,ENKO INTERNATIONAL SCHOOL,goafricaonline.com,Education & Formation,,Non spécifié,,
Enseignant.e Maternelle,Dakar,2025-03-25,2025-03-01,CDD,ENKO INTERNATIONAL SCHOOL,goafricaonline.com,Education & Formation,,Non spécifié,,
Data Analyst Enginee,Dakar,2025-03-25,2025-03-01,CDD,AFRIC MANAGEMENT,goafricaonline.com,RH & Recrutement,"marketing, vente, visualisation de données, finance, communication, data analyse, programmation, rh, santé, gestion de projet",3,3.0,3.0
Développeur Front Web/Mobile,Dakar,2025-03-25,2025-03-01,CDD,AFRIC MANAGEMENT,goafricaonline.com,RH & Recrutement,"marketing, vente, finance, programmation, communication, data analyse, rh, santé, gestion de projet",2,2.0,2.0
Développeur Fullstack,Dakar,2025-03-25,2025-03-01,CDD,AFRIC MANAGEMENT,goafricaonline.com,RH & Recrutement,"marketing, vente, finance, programmation, communication, data analyse, rh, santé, gestion de projet",3,3.0,3.0
Hôtesse d’accueil,Dakar,2025-03-22,2025-03-01,Non spécifié,REVIVE,goafricaonline.com,Santé & Bien-être,"vente, finance, santé, logistique, gestion de projet",Non spécifié,,
Serveur(se),Dakar,2025-03-22,2025-03-01,Non spécifié,REVIVE,goafricaonline.com,Santé & Bien-être,"vente, finance, logistique, gestion de projet",Non spécifié,,
Chauffeurs professionnels pour Yango,Dakar,2025-03-22,2025-03-01,CDD,URBAN CARS SENEGAL,goafricaonline.com,Transport & Logistique,"logistique, communication",Non spécifié,,
Logisticien,Dakar,2025-03-22,2025-03-01,CDD,Efed (Entreprise De Froid Et D'Electricite Dakaroise ),goafricaonline.com,BTP & Industrie,logistique,3,3.0,3.0
Responsable QHSE,Dakar,2025-03-22,2025-03-01,CDD,Efed (Entreprise De Froid Et D'Electricite Dakaroise ),goafricaonline.com,BTP & Industrie,,5,5.0,5.0
Ingénieur projet,Dakar,2025-03-22,2025-03-01,CDD,Efed (Entreprise De Froid Et D'Electricite Dakaroise ),goafricaonline.com,BTP & Industrie,"communication, gestion de projet",5,5.0,5.0
Directeur technique logistique,Dakar,2025-03-22,2025-03-01,CDD,Efed (Entreprise De Froid Et D'Electricite Dakaroise ),goafricaonline.com,BTP & Industrie,logistique,Non spécifié,,
Assistant administratif bilingue,Dakar,2025-03-22,2025-03-01,CDD,GPF SARL,goafricaonline.com,"Finance, Banque & Comptabilité","rh, finance",3,3.0,3.0
Onboarding Reviewer,Dakar,2025-03-22,2025-03-01,CDD,WAVE,goafricaonline.com,"Finance, Banque & Comptabilité","vente, data analyse",Non spécifié,,
Spa Praticien / Esthéticien,Dakar,2025-03-22,2025-03-01,CDD,Club Med Cap Skirring,goafricaonline.com,Sport & Loisirs,vente,Non spécifié,,
"Roster of Consultants for Communications Expertise, Education Outcomes Fund (EOF)",Dakar,2025-03-22,2025-03-01,CDD,UNICEF,goafricaonline.com,ONG & Humanitaire,communication,Non spécifié,,
Directeur général Adjoint,Dakar,2025-03-22,2025-03-01,CDD,Consulting Expertises Et Formations Incendies-Cefi,goafricaonline.com,Sécurité,"vente, rh, gestion de projet",5,5.0,5.0
Controleur Qualité,Dakar,2025-03-22,2025-03-01,CDI,La Laiterie Du Berger,goafricaonline.com,Agriculture & Agroalimentaire,communication,Non spécifié,,
Agents centre d’appel,Dakar,2025-03-22,2025-03-01,CDD,PERFORMANCES,goafricaonline.com,Energie & Environnement,"finance, gestion de projet",Non spécifié,,
Stagiaires Techniciens de Surface,Dakar,2025-03-22,2025-03-01,CDD,Regard Global Services,goafricaonline.com,BTP & Industrie,"marketing, vente, santé",2,2.0,2.0
Assistant administratif informatique,Dakar,2025-03-22,2025-03-01,CDD,GPF SARL,goafricaonline.com,"Finance, Banque & Comptabilité","gestion de projet, rh, finance",Non spécifié,,
Responsable du groupe de soutien,Dakar,2025-03-22,2025-03-01,CDD,WAVE,goafricaonline.com,"Finance, Banque & Comptabilité",communication,Non spécifié,,
Responsable des opérations de croissance des pays,Dakar,2025-03-22,2025-03-01,CDD,WAVE,goafricaonline.com,"Finance, Banque & Comptabilité","finance, communication",8,8.0,8.0
Directeur Travaux,Dakar,2025-03-22,2025-03-01,CDD,UMO INTERIM SENEGAL,goafricaonline.com,RH & Recrutement,"finance, gestion de projet",Non spécifié,,
Treasury Sales Officer,Dakar,2025-03-22,2025-03-01,CDD,Boa (Bank Of Africa),goafricaonline.com,"Finance, Banque & Comptabilité","communication, finance",Non spécifié,,
Environnementaliste,Dakar,2025-03-22,2025-03-01,CDD,Fida (Fonds International De Developpement Agricole),goafricaonline.com,ONG & Humanitaire,"data analyse, gestion de projet",Non spécifié,,
Chef d’agence,Dakar,2025-03-22,2025-03-01,CDD,Banque Nationale Pour Le Developpement Economique-Bnde,goafricaonline.com,"Finance, Banque & Comptabilité","vente, finance",Non spécifié,,
Contrôleur de Gestion,Dakar,2025-03-20,2025-03-01,CDD,FGDR-UMOA,goafricaonline.com,"Finance, Banque & Comptabilité","finance, data analyse, gestion de projet",Non spécifié,,
Auditeur Interne,Dakar,2025-03-20,2025-03-01,CDD,FGDR-UMOA,goafricaonline.com,"Finance, Banque & Comptabilité",,Non spécifié,,
Assistant Legal Counsel,Dakar,2025-03-20,2025-03-01,CDD,WAVE,goafricaonline.com,"Finance, Banque & Comptabilité",finance,Non spécifié,,
Agents Reviewers,Dakar,2025-03-20,2025-03-01,CDD,UMO INTERIM SENEGAL,goafricaonline.com,RH & Recrutement,"vente, communication, gestion de projet",Non spécifié,,
M&A Senior Officer,Dakar,2025-03-20,2025-03-01,CDD,ENKO INTERNATIONAL SCHOOL,goafricaonline.com,Education & Formation,"marketing, finance, programmation, vente, communication, data analyse, santé, gestion de projet",5,5.0,5.0
Commercial(e) pour la Vente et la Distribution de MIREP (Phase d’Essai),Dakar,2025-03-20,2025-03-01,CDD,SORIBA BAYO COMPANY,goafricaonline.com,Technologie & Informatique,"marketing, vente, communication, programmation, rh",2,2.0,2.0
"Spécialiste communication visuelle, web et multimédia",Dakar,2025-03-20,2025-03-01,CDD,"Unesco (Organisation Des Nations Unies Pour L'Education, La Science Et La Culture)",goafricaonline.com,ONG & Humanitaire,"logistique, programmation",5,5.0,5.0
Consultant(e) national Égalité de Genre dans le secteur de l’education,Dakar,2025-03-20,2025-03-01,CDD,"Unesco (Organisation Des Nations Unies Pour L'Education, La Science Et La Culture)",goafricaonline.com,ONG & Humanitaire,,Non spécifié,,
caissiers,Dakar,2025-03-20,2025-03-01,CDD,EXPAT-DAKAR.COM,goafricaonline.com,Commerce & Vente,vente,Non spécifié,,
teleconseillers en énergie a Keur Massar,Dakar,2025-03-20,2025-03-01,CDD,EXPAT-DAKAR.COM,goafricaonline.com,Commerce & Vente,vente,Non spécifié,,
agents communautaire,Dakar,2025-03-20,2025-03-01,CDD,EXPAT-DAKAR.COM,goafricaonline.com,Commerce & Vente,vente,Non spécifié,,
Responsable Point de Vente,Dakar,2025-03-20,2025-03-01,CDD,Banque Internationale Pour Le Commerce Et L'Industrie Du Senegal - Bicis,goafricaonline.com,"Finance, Banque & Comptabilité","marketing, vente, finance",Non spécifié,,
Commercial(e) en Pièces Détachées Mécaniques,Dakar,2025-03-20,2025-03-01,CDD,EXPAT-DAKAR.COM,goafricaonline.com,Commerce & Vente,"vente, logistique",Non spécifié,,
Spécialiste en communication,Dakar,2025-03-20,2025-03-01,CDD,PROFIL,goafricaonline.com,"Finance, Banque & Comptabilité","communication, gestion de projet",Non spécifié,,
Coordonnateur Talent,Dakar,2025-03-20,2025-03-01,CDI,ERAMET,goafricaonline.com,BTP & Industrie,"rh, gestion de projet",Non spécifié,,
Ingénieur Technico commercial,Dakar,2025-03-20,2025-03-01,CDD,Sen Global Network Services - Sgns,goafricaonline.com,Technologie & Informatique,"marketing, vente, communication",3-5,3.0,5.0
Conseillère et Vendeuse en cosmétique,Dakar,2025-03-20,2025-03-01,Non spécifié,HEMISPHERE,goafricaonline.com,Tourisme & Hôtellerie,"vente, finance, rh, data analyse, logistique, gestion de projet",2,2.0,2.0
Maitre d’hôtel,Dakar,,,Non spécifié,HOTEL TERROU BI,goafricaonline.com,Tourisme & Hôtellerie,vente,2,2.0,2.0
Business Developer,Dakar,2025-03-20,2025-03-01,CDD,WEBTEL,goafricaonline.com,Marketing & Communication,"vente, marketing, programmation, gestion de projet",Non spécifié,,
Consultant Accréditeur maître formateur TRANSFORM,Dakar,2025-03-20,2025-03-01,CDD,UNICEF,goafricaonline.com,ONG & Humanitaire,finance,Non spécifié,,
Consultant en Education,Dakar,2025-03-20,2025-03-01,CDD,"Unesco (Organisation Des Nations Unies Pour L'Education, La Science Et La Culture)",goafricaonline.com,ONG & Humanitaire,"communication, programmation",5,5.0,5.0
Développeur – Data Analyst,Dakar,2025-03-20,2025-03-01,CDD,Boa (Bank Of Africa),goafricaonline.com,"Finance, Banque & Comptabilité","visualisation de données, data analyse",Non spécifié,,
Fiscaliste,Dakar,2025-03-20,2025-03-01,CDD,Boa (Bank Of Africa),goafricaonline.com,"Finance, Banque & Comptabilité",finance,5,5.0,5.0
Comptable sénior,Dakar,2025-03-20,2025-03-01,CDD,Boa (Bank Of Africa),goafricaonline.com,"Finance, Banque & Comptabilité",data analyse,Non spécifié,,
3 Mécaniciens,Dakar,2025-03-20,2025-03-01,CDD,TOPWORK SENEGAL,goafricaonline.com,RH & Recrutement,,Non spécifié,,
3 Electriciens,Dakar,2025-03-20,2025-03-01,CDD,TOPWORK SENEGAL,goafricaonline.com,RH & Recrutement,,3,3.0,3.0
Conseiller Clientèle Particuliers,Dakar,2025-03-20,2025-03-01,CDD,Banque Islamique Du Senegal-Bis,goafricaonline.com,"Finance, Banque & Comptabilité",finance,Non spécifié,,
Juriste contentieux senior,Dakar,2025-03-20,2025-03-01,CDD,Banque Islamique Du Senegal-Bis,goafricaonline.com,"Finance, Banque & Comptabilité","finance, data analyse",Non spécifié,,
Ingénieur Production,Dakar,2025-03-20,2025-03-01,CDD,Banque Islamique Du Senegal-Bis,goafricaonline.com,"Finance, Banque & Comptabilité",programmation,2,2.0,2.0
Assistant Contrôleur de gestion,Dakar,2025-03-20,2025-03-01,CDD,Banque Islamique Du Senegal-Bis,goafricaonline.com,"Finance, Banque & Comptabilité","finance, data analyse",0-8,0.0,8.0
Commercial Marketing Bilingue,Dakar,2025-03-20,2025-03-01,CDD,"NKOH NTEE, Vêtements et Accessoires au Sénégal",goafricaonline.com,Non spécifié,"vente, marketing, communication",Non spécifié,,
03 Conducteurs de bus,Dakar,2025-03-20,2025-03-01,CDD,TOPWORK SENEGAL,goafricaonline.com,RH & Recrutement,logistique,Non spécifié,,
2 Esthéticiennes Polyvalentes,Dakar,2025-03-20,2025-03-01,Non spécifié,BODY ZEN,goafricaonline.com,Santé & Bien-être,vente,Non spécifié,,
Coiffeuse Généraliste avec notion en Locks,Dakar,2025-03-20,2025-03-01,Non spécifié,BODY ZEN,goafricaonline.com,Santé & Bien-être,vente,Non spécifié,,
Coiffeuse,Dakar,2025-03-20,2025-03-01,CDD,AFRI RH,goafricaonline.com,RH & Recrutement,"marketing, vente, finance, communication, data analyse, programmation, rh, santé, gestion de projet",3,3.0,3.0
(03) Chefs de projets,Dakar,2025-03-20,2025-03-01,CDD,Banque Internationale Pour Le Commerce Et L'Industrie Du Senegal - Bicis,goafricaonline.com,"Finance, Banque & Comptabilité","marketing, vente, finance, gestion de projet",Non spécifié,,
Chargé(e) de Mission,Dakar,2025-03-20,2025-03-01,CDD,AFRI RH,goafricaonline.com,RH & Recrutement,"finance, rh, gestion de projet",Non spécifié,,
Chef de projet,Dakar,2025-03-20,2025-03-01,CDD,VOICE AFRICA,goafricaonline.com,Marketing & Communication,"communication, gestion de projet, vente",2,2.0,2.0
"Associate Director, Application Services",Dakar,2025-03-20,2025-03-01,CDD,MARIE STOPES INTERNATIONALE,goafricaonline.com,Santé & Bien-être,"vente, finance, santé, gestion de projet",Non spécifié,,
"Consultant: Fundraising, Education Outcomes Fund",Dakar,2025-03-20,2025-03-01,CDD,UNICEF,goafricaonline.com,ONG & Humanitaire,finance,Non spécifié,,
Immunization Specialist,Dakar,2025-03-20,2025-03-01,CDD,UNICEF,goafricaonline.com,ONG & Humanitaire,"communication, santé",Non spécifié,,
Commercial – Grossistes/Superettes,Dakar,2025-03-20,2025-03-01,CDD,GPF SARL,goafricaonline.com,"Finance, Banque & Comptabilité","vente, finance, rh",Non spécifié,,
Stagiaire Community Manager Divertissement,Dakar,2025-03-20,2025-03-01,Non spécifié,CANAL + SENEGAL,goafricaonline.com,Marketing & Communication,"marketing, santé",Non spécifié,,
Forestry and Natural Resources Experts for GEF projects (3 positions),Dakar,2025-03-20,2025-03-01,CDD,Food And Agriculture Organization Of The United Nations-Fao,goafricaonline.com,ONG & Humanitaire,"data analyse, gestion de projet",Non spécifié,,
Fishery and Aquaculture Expert for GEF projects,Dakar,2025-03-20,2025-03-01,CDD,Food And Agriculture Organization Of The United Nations-Fao,goafricaonline.com,ONG & Humanitaire,"programmation, communication, finance, data analyse, santé, gestion de projet",5,5.0,5.0
Nutrition and Food Systems Expert for GEF projects,Dakar,2025-03-20,2025-03-01,CDD,Food And Agriculture Organization Of The United Nations-Fao,goafricaonline.com,ONG & Humanitaire,gestion de projet,Non spécifié,,
National Project Officer,Dakar,2025-03-20,2025-03-01,CDD,Iucn (Union Mondiale Pour La Conservation De La Nature),goafricaonline.com,ONG & Humanitaire,"gestion de projet, vente",Non spécifié,,
Pharmacien assistant,Dakar,2025-03-20,2025-03-01,CDD,PHARMACIE GAMBETTA,goafricaonline.com,Santé & Bien-être,non spécifié,Non spécifié,,
SWEDD Director,Dakar,2025-03-17,2025-03-01,CDD,Unfpa (Fonds Des Nations Unies Pour La Population),goafricaonline.com,ONG & Humanitaire,"communication, finance, rh, santé",Non spécifié,,
Juriste confirmé – Droit du travail et Ressources humaines,Dakar,,,CDD,TOPWORK SENEGAL,goafricaonline.com,RH & Recrutement,"rh, gestion de projet",Non spécifié,,
Consultant en management et Gestion des Ressources Humaines,Dakar,,,CDD,TOPWORK SENEGAL,goafricaonline.com,RH & Recrutement,"rh, gestion de projet",Non spécifié,,
Préparateur maintenance instrumentation,Dakar,,,CDD,ENERGIA,goafricaonline.com,RH & Recrutement,,Non spécifié,,
"Ingénieur horticole /agroéconomiste, chef de projet accompagnement sociétés coopératives",Dakar,2025-03-17,2025-03-01,CDD,Cradesc (Centre De Recherche Et D'Action Sur Les Droits Economique Sociaux Et Culturels),goafricaonline.com,ONG & Humanitaire,"gestion de projet, vente",Non spécifié,,
Chef de Produits Marketing et Partenariat,Dakar,2025-03-17,2025-03-01,CDD,GLOBAL BUSINESS GROUP - GBG,goafricaonline.com,"Finance, Banque & Comptabilité","marketing, communication, gestion de projet",Non spécifié,,
Finance Coordinator,Dakar,2025-03-17,2025-03-01,CDD,HUMAN APPEAL INTER.,goafricaonline.com,ONG & Humanitaire,"finance, data analyse, logistique",Non spécifié,,
Administrateur de Site,Dakar,2025-03-17,2025-03-01,CDD,GPF SARL,goafricaonline.com,"Finance, Banque & Comptabilité","vente, santé",Non spécifié,,
Téléconseillers commerciaux,Dakar,2025-03-17,2025-03-01,CDD,TALIACOM,goafricaonline.com,Marketing & Communication,"vente, communication",Non spécifié,,
Coordonnateur de la formation des superviseurs de service – Académie MSF pour les soins de santé,Dakar,2025-03-17,2025-03-01,CDD/CDI/Stage,MSF ENGENHARIA SA,goafricaonline.com,BTP & Industrie,"communication, programmation, data analyse, rh, santé, logistique, gestion de projet",3,3.0,3.0
Comptable,Dakar,2025-03-17,2025-03-01,CDD,ZAHRA,goafricaonline.com,Agriculture & Agroalimentaire,"marketing, vente, finance, communication, programmation, data analyse, gestion de projet",3,3.0,3.0
Acheteur(se) Laboratoire,Dakar,2025-03-17,2025-03-01,Non spécifié,Dwa (Dislab West Africa),goafricaonline.com,Santé & Bien-être,"vente, communication, data analyse, rh, santé",3-5,3.0,5.0
Conseiller Clientèle Bilingue,Dakar,2025-03-17,2025-03-01,CDD,Phone Group Website Teranga,goafricaonline.com,Marketing & Communication,vente,2,2.0,2.0
Chauffeur,Dakar,2025-03-17,2025-03-01,CDD,TECTRA SENEGAL,goafricaonline.com,RH & Recrutement,"marketing, communication",3,3.0,3.0
Pharmacien,Dakar,2025-03-17,2025-03-01,CDD,EXPAT-DAKAR.COM,goafricaonline.com,Commerce & Vente,vente,Non spécifié,,
Spécialiste Marketing et Communication,Dakar,2025-03-17,2025-03-01,CDD,EXPAT-DAKAR.COM,goafricaonline.com,Commerce & Vente,,Non spécifié,,
"Chauffeurs, conducteur",Dakar,2025-03-17,2025-03-01,CDD,EXPAT-DAKAR.COM,goafricaonline.com,Commerce & Vente,"vente, logistique",Non spécifié,,
Assistant(e) Category Manager,Dakar,2025-03-17,2025-03-01,CDD,CLUB TIOSSANE,goafricaonline.com,Transport & Logistique,"marketing, communication, rh, gestion de projet",Non spécifié,,
Technicien Ascenseur,Dakar,2025-03-17,2025-03-01,CDD,GROUPE ACCESS,goafricaonline.com,Marketing & Communication,,2,2.0,2.0
Commercial Freelance,Dakar,2025-03-17,2025-03-01,CDD,ARESS SENEGAL,goafricaonline.com,Energie & Environnement,vente,Non spécifié,,
Hygièniste,Dakar,2025-03-17,2025-03-01,Non spécifié,MSF SARL SENEGAL,goafricaonline.com,Santé & Bien-être,santé,Non spécifié,,
Logisticien,Dakar,2025-03-17,2025-03-01,CDD,RMO,goafricaonline.com,RH & Recrutement,rh,Non spécifié,,
Chauffeur,Dakar,2025-03-17,2025-03-01,CDD,Unfpa (Fonds Des Nations Unies Pour La Population),goafricaonline.com,ONG & Humanitaire,logistique,3,3.0,3.0
Agent Commercial (VMC),Dakar,2025-03-17,2025-03-01,CDD,CLUB TIOSSANE,goafricaonline.com,Transport & Logistique,"vente, communication, rh, gestion de projet",Non spécifié,,
Nettoyage 3 fois semaine,Dakar,,,CDD,EXPAT-DAKAR.COM,goafricaonline.com,Commerce & Vente,vente,Non spécifié,,
Réseau sociaux,Dakar,2025-03-17,2025-03-01,CDD,EXPAT-DAKAR.COM,goafricaonline.com,Commerce & Vente,"vente, marketing",Non spécifié,,
Télévendeurs Expérimentés,Dakar,2025-03-17,2025-03-01,CDD,EXPAT-DAKAR.COM,goafricaonline.com,Commerce & Vente,vente,Non spécifié,,
Ingénieurs responsable d’affaires,Dakar,2025-03-17,2025-03-01,CDD,SERVTEC Sénégal,goafricaonline.com,RH & Recrutement,"marketing, vente, finance, communication, data analyse, programmation, rh, santé, gestion de projet",3,3.0,3.0
Finance Coordinator,Dakar,2025-03-17,2025-03-01,CDD,SERVTEC Sénégal,goafricaonline.com,RH & Recrutement,"marketing, vente, finance, communication, data analyse, programmation, rh, santé, gestion de projet",3,3.0,3.0
Assistant agronome,Dakar,2025-03-17,2025-03-01,CDD,SERVTEC Sénégal,goafricaonline.com,RH & Recrutement,"marketing, vente, finance, communication, data analyse, programmation, rh, santé, gestion de projet",3,3.0,3.0
Fabrication Supervisor,Dakar,2025-03-17,2025-03-01,CDD,SERVTEC Sénégal,goafricaonline.com,RH & Recrutement,"marketing, vente, finance, communication, data analyse, programmation, rh, santé, gestion de projet",3,3.0,3.0
Chef de Service Etudes et Recherches de Solutions Digitales,Dakar,2025-03-17,2025-03-01,CDD,Port Autonome De Dakar,goafricaonline.com,Transport & Logistique,"programmation, gestion de projet",Non spécifié,,
Data Scientist,Dakar,2025-03-17,2025-03-01,CDD,Port Autonome De Dakar,goafricaonline.com,Transport & Logistique,"data analyse, gestion de projet",3-5,3.0,5.0
Administrateur Infrastructure Système et Sauvegarde,Dakar,2025-03-17,2025-03-01,CDD,Port Autonome De Dakar,goafricaonline.com,Transport & Logistique,"communication, gestion de projet",Non spécifié,,
(03) Gardiens,Dakar,2025-03-17,2025-03-01,Non spécifié,MSF SARL SENEGAL,goafricaonline.com,Santé & Bien-être,"logistique, communication",Non spécifié,,
Webdesigner,Dakar,2025-03-17,2025-03-01,CDD,AFRICA DIGITAL MEDIA,goafricaonline.com,Marketing & Communication,,Non spécifié,,
(04) Analystes sécurité des SI,Dakar,2025-03-17,2025-03-01,CDD,BCEAO,goafricaonline.com,ONG & Humanitaire,"communication, finance",Non spécifié,,
Chargé du développement des compétences,Dakar,2025-03-17,2025-03-01,CDD,BCEAO,goafricaonline.com,ONG & Humanitaire,"data analyse, rh",Non spécifié,,
Analyste financement bancaire,Dakar,2025-03-17,2025-03-01,CDD,BCEAO,goafricaonline.com,ONG & Humanitaire,"finance, gestion de projet",Non spécifié,,
(02) Chargés du suivi de la trésorerie,Dakar,2025-03-17,2025-03-01,CDD,BCEAO,goafricaonline.com,ONG & Humanitaire,finance,Non spécifié,,
Chargé de la réglementation financière,Dakar,2025-03-17,2025-03-01,CDD,BCEAO,goafricaonline.com,ONG & Humanitaire,"finance, communication, gestion de projet",Non spécifié,,
Community Manager,Dakar,2025-03-17,2025-03-01,CDD,AFRICA DIGITAL MEDIA,goafricaonline.com,Marketing & Communication,"marketing, vente, communication",2,2.0,2.0
Superviseur des établissements de crédit,Dakar,2025-03-17,2025-03-01,CDD,BCEAO,goafricaonline.com,ONG & Humanitaire,"finance, data analyse, gestion de projet",Non spécifié,,
Superviseur des institutions financières islamiques,Dakar,2025-03-17,2025-03-01,CDD,BCEAO,goafricaonline.com,ONG & Humanitaire,"finance, programmation, data analyse",Non spécifié,,
Assistante de direction,Dakar,2025-03-17,2025-03-01,CDD,BCEAO,goafricaonline.com,ONG & Humanitaire,,Non spécifié,,
Commercial HORECA,Dakar,2025-03-17,2025-03-01,CDD,BCEAO,goafricaonline.com,RH & Recrutement,"vente, communication, finance",2-3,2.0,3.0
Chauffeur Jarkarta (Haojue),Dakar,2025-03-17,2025-03-01,CDD,EXPAT-DAKAR.COM,goafricaonline.com,Commerce & Vente,vente,Non spécifié,,
Commercial terrain,Dakar,2025-03-12,2025-03-01,CDD,EXPAT-DAKAR.COM,goafricaonline.com,Commerce & Vente,vente,Non spécifié,,
Enquêteur,Dakar,2025-03-12,2025-03-01,Non spécifié,Sdt (Senegal Decouvertes Touristiques),goafricaonline.com,Tourisme & Hôtellerie,,Non spécifié,,
Superviseur plateau téléphonique,Dakar,2025-03-12,2025-03-01,Non spécifié,Sdt (Senegal Decouvertes Touristiques),goafricaonline.com,Tourisme & Hôtellerie,,3,3.0,3.0
Administrateur Réseau,Dakar,2025-03-12,2025-03-01,Non spécifié,Sdt (Senegal Decouvertes Touristiques),goafricaonline.com,Tourisme & Hôtellerie,"vente, finance, rh, data analyse, logistique, gestion de projet",3,3.0,3.0
Développeur Web Full-stack,Dakar,2025-03-12,2025-03-01,Non spécifié,Sdt (Senegal Decouvertes Touristiques),goafricaonline.com,Tourisme & Hôtellerie,programmation,3,3.0,3.0
Assistante commerciale immobilier,Dakar,2025-03-12,2025-03-01,CDD,EXPAT-DAKAR.COM,goafricaonline.com,Commerce & Vente,"vente, communication",Non spécifié,,
Salon de coiffure,Dakar,2025-03-12,2025-03-01,CDD,EXPAT-DAKAR.COM,goafricaonline.com,Commerce & Vente,vente,Non spécifié,,
Monteur Vidéo & Créateur de Contenu Multimédia,Dakar,2025-03-12,2025-03-01,CDD,EXPAT-DAKAR.COM,goafricaonline.com,Commerce & Vente,"gestion de projet, marketing",Non spécifié,,
Menage-Facile,Dakar,2025-03-12,2025-03-01,CDD,EXPAT-DAKAR.COM,goafricaonline.com,Commerce & Vente,"vente, marketing",2,2.0,2.0
Formation en ligne aux Métiers du centre d'appels,Dakar,2025-03-12,2025-03-01,CDD,EXPAT-DAKAR.COM,goafricaonline.com,Commerce & Vente,vente,Non spécifié,,
une coiffeuse expérimentée à Liberté 6,Dakar,2025-03-12,2025-03-01,CDD,EXPAT-DAKAR.COM,goafricaonline.com,Commerce & Vente,vente,Non spécifié,,
Agent Commercial,Dakar,2025-03-12,2025-03-01,CDD,DIGISMILE AGENCY,goafricaonline.com,Marketing & Communication,"vente, marketing, communication",Non spécifié,,
Programme Jeunes Diplômés,Dakar,2025-03-12,2025-03-01,CDD,PUMA ENERGY,goafricaonline.com,Energie & Environnement,,0-2,0.0,2.0
Assistant de pilotage performance,Dakar,2025-03-12,2025-03-01,CDD,GLOBAL BUSINESS GROUP - GBG,goafricaonline.com,"Finance, Banque & Comptabilité","finance, communication, gestion de projet",2,2.0,2.0
Responsable de la gestion des programmes,Dakar,2025-03-12,2025-03-01,CDD,United Nations Office For West Africa - Unowa,goafricaonline.com,ONG & Humanitaire,data analyse,Non spécifié,,
Tech Lead Dynamics,Dakar,2025-03-12,2025-03-01,CDD,KRATOS AGENCY,goafricaonline.com,Marketing & Communication,"communication, vente",6,6.0,6.0
Consultant,Dakar,2025-03-12,2025-03-01,CDD,"Unesco (Organisation Des Nations Unies Pour L'Education, La Science Et La Culture)",goafricaonline.com,ONG & Humanitaire,gestion de projet,Non spécifié,,
caissières,Dakar,2025-03-12,2025-03-01,CDD,EXPAT-DAKAR.COM,goafricaonline.com,Commerce & Vente,vente,Non spécifié,,
assistante bureautique,Dakar,2025-03-12,2025-03-01,CDD,EXPAT-DAKAR.COM,goafricaonline.com,Commerce & Vente,vente,Non spécifié,,
vendeurs,Dakar,2025-03-12,2025-03-01,CDD,EXPAT-DAKAR.COM,goafricaonline.com,Commerce & Vente,vente,Non spécifié,,
Téléconseiller(ère),Dakar,2025-03-12,2025-03-01,CDD,RESELFORM DAKAR,goafricaonline.com,Transport & Logistique,,3,3.0,3.0
Campus Manager,Dakar,2025-03-12,2025-03-01,CDD,CONSORTIUM JEUNESSE SENEGAL,goafricaonline.com,Administration & Services publics,"marketing, finance, communication, data analyse, rh, santé, logistique, gestion de projet",Non spécifié,,
Hotesse vendeuse pour bar énergisant.,Dakar,2025-03-12,2025-03-01,CDD,EXPAT-DAKAR.COM,goafricaonline.com,Commerce & Vente,vente,Non spécifié,,
Représentant commercial,Dakar,2025-03-12,2025-03-01,CDD,SORIBA BAYO COMPANY,goafricaonline.com,Marketing & Communication,"vente, communication, rh",2,2.0,2.0
Coordonnateur dédouanement logistique,Dakar,2025-03-12,2025-03-01,CDD,AFRI RH,goafricaonline.com,RH & Recrutement,"vente, communication, logistique",Non spécifié,,
Gestionnaire de programme Education en situation d’urgence,Dakar,2025-03-12,2025-03-01,CDD,Delegation De L’Union Europeenne,goafricaonline.com,Administration & Services publics,,5,5.0,5.0
(03) Stagiaires projet,Dakar,2025-03-12,2025-03-01,Stage,GIZ,goafricaonline.com,Administration & Services publics,,Non spécifié,,
Commercial,Dakar,2025-03-12,2025-03-01,CDD,GLOBAL BUSINESS GROUP - GBG,goafricaonline.com,"Finance, Banque & Comptabilité","vente, communication",Non spécifié,,
Agent en gestion du digital,Dakar,2025-03-12,2025-03-01,CDD,GLOBAL BUSINESS GROUP - GBG,goafricaonline.com,"Finance, Banque & Comptabilité","marketing, programmation",Non spécifié,,
Assistante de direction,Dakar,2025-03-12,2025-03-01,CDD,GLOBAL BUSINESS GROUP - GBG,goafricaonline.com,"Finance, Banque & Comptabilité","communication, logistique, gestion de projet",Non spécifié,,
Electrotechnicien,Dakar,2025-03-12,2025-03-01,Non spécifié,Africa Global Logistics Sénégal,goafricaonline.com,Transport & Logistique,,Non spécifié,,
Consultance,Dakar,2025-03-12,2025-03-01,CDD,Terre Des Hommes Lausanne,goafricaonline.com,ONG & Humanitaire,,Non spécifié,,
Superintendant OHST (Occupational Health and Safety),Dakar,2025-03-12,2025-03-01,CDD,GPF SARL,goafricaonline.com,"Finance, Banque & Comptabilité","programmation, santé",10,10.0,10.0
Formateur Technique,Dakar,2025-03-12,2025-03-01,CDD,GPF SARL,goafricaonline.com,"Finance, Banque & Comptabilité","finance, communication, rh",3,3.0,3.0
Electrical & Instrumentation Superintendent,Dakar,2025-03-12,2025-03-01,CDD,GPF SARL,goafricaonline.com,"Finance, Banque & Comptabilité",,Non spécifié,,
Assistant RH,Dakar,2025-03-12,2025-03-01,CDD/CDI/Stage,MSF ENGENHARIA SA,goafricaonline.com,BTP & Industrie,"rh, gestion de projet",Non spécifié,,
Responsable du développement du personnel,Dakar,2025-03-12,2025-03-01,CDD/CDI/Stage,MSF ENGENHARIA SA,goafricaonline.com,BTP & Industrie,"data analyse, rh",Non spécifié,,
Responsable de projet,Dakar,2025-03-12,2025-03-01,CDD,"Unesco (Organisation Des Nations Unies Pour L'Education, La Science Et La Culture)",goafricaonline.com,ONG & Humanitaire,"communication, finance, gestion de projet",Non spécifié,,
english teacher native- speaker,Dakar,2025-03-12,2025-03-01,CDD,EXPAT-DAKAR.COM,goafricaonline.com,Commerce & Vente,vente,Non spécifié,,
Auditeur IT,Dakar,2025-03-10,2025-03-01,CDD,BANK OF AFRICA,goafricaonline.com,"Finance, Banque & Comptabilité","finance, vente",5,5.0,5.0
Responsable de la sécurité informatique de la Banque régionale,Dakar,2025-03-10,2025-03-01,CDD,BANK OF AFRICA,goafricaonline.com,"Finance, Banque & Comptabilité","vente, finance",5,5.0,5.0
Comptable terrain,Dakar,2025-03-10,2025-03-01,CDD,Terre Des Hommes Lausanne,goafricaonline.com,ONG & Humanitaire,"finance, gestion de projet",Non spécifié,,
Responsable Fraude Monitoring,Dakar,2025-03-10,2025-03-01,CDD,BANK OF AFRICA,goafricaonline.com,"Finance, Banque & Comptabilité","finance, vente",8,8.0,8.0
Directeur Technique Logistique,Dakar,2025-03-10,2025-03-01,Non spécifié,Africa Global Logistics Sénégal,goafricaonline.com,Transport & Logistique,,Non spécifié,,
Gestionnaire de Stocks,Dakar,2025-03-10,2025-03-01,Non spécifié,Africa Global Logistics Sénégal,goafricaonline.com,Transport & Logistique,,Non spécifié,,
Subregional Coordinator for West Africa (SFW) and FAO Representative in Senegal (SNG),Dakar,2025-03-10,2025-03-01,CDD,CFAO EQUIPEMENT,goafricaonline.com,BTP & Industrie,"communication, rh, santé, gestion de projet",Non spécifié,,
Chef d’atelier,Dakar,2025-03-10,2025-03-01,CDD,GPF SARL,goafricaonline.com,"Finance, Banque & Comptabilité",logistique,Non spécifié,,
Chargé(e) de l’Administration et Logistique,Dakar,2025-03-10,2025-03-01,CDD,HELEN KELLER INTERNATIONAL,goafricaonline.com,ONG & Humanitaire,"communication, finance, logistique",3,3.0,3.0
"Chargé(e) de Suivi, Évaluation et Formation Service Client",Dakar,2025-03-10,2025-03-01,Stage,GRAZEINA TECHNOLOGIES,goafricaonline.com,Sécurité,"marketing, vente, communication, data analyse, rh, logistique, gestion de projet",5,5.0,5.0
Support bureautique,Dakar,2025-03-10,2025-03-01,CDD,GLOBAL BUSINESS GROUP - GBG,goafricaonline.com,"Finance, Banque & Comptabilité","gestion de projet, rh, finance",Non spécifié,,
Juriste contentieux senior,Dakar,2025-03-10,2025-03-01,CDD,Bis (Banque Islamique Du Senegal),goafricaonline.com,"Finance, Banque & Comptabilité","finance, data analyse",Non spécifié,,
Agent de Saisie Compable,Dakar,2025-03-10,2025-03-01,CDI,AUCHAN,goafricaonline.com,Commerce & Vente,"finance, communication, programmation, data analyse, rh, santé, gestion de projet",5,5.0,5.0
Conseiller Clientèle Particuliers,Dakar,2025-03-10,2025-03-01,CDD,Bis (Banque Islamique Du Senegal),goafricaonline.com,"Finance, Banque & Comptabilité",finance,Non spécifié,,
Directeur (trice) de Magasin,Dakar,2025-03-10,2025-03-01,CDI,AUCHAN,goafricaonline.com,Commerce & Vente,"finance, communication, programmation, data analyse, rh, santé, gestion de projet",5,5.0,5.0
Ingénieur Développeur d’Applications H/F,Dakar,2025-03-10,2025-03-01,CDD,Bis (Banque Islamique Du Senegal),goafricaonline.com,"Finance, Banque & Comptabilité","communication, programmation, finance",3-5,3.0,5.0
Monitoring & Evaluation Junior Analyst,Dakar,2025-03-10,2025-03-01,CDD,GPF SARL,goafricaonline.com,"Finance, Banque & Comptabilité","visualisation de données, communication, data analyse",Non spécifié,,
Junior Analyst,Dakar,2025-03-10,2025-03-01,CDD,GPF SARL,goafricaonline.com,"Finance, Banque & Comptabilité","communication, finance, data analyse",1-2,1.0,2.0
Surveillant Travaux de Voirie,Dakar,2025-03-10,2025-03-01,CDD,GLOBAL BUSINESS GROUP - GBG,goafricaonline.com,"Finance, Banque & Comptabilité","rh, finance",Non spécifié,,
Comptable junior,Dakar,2025-03-10,2025-03-01,CDD,GPF SARL,goafricaonline.com,"Finance, Banque & Comptabilité",finance,Non spécifié,,
Responsable des ressources humaine,Dakar,,,CDD,BANQUE DE DAKAR,goafricaonline.com,"Finance, Banque & Comptabilité","programmation, finance, rh, gestion de projet",Non spécifié,,
Stagiaire en climat,Dakar,2025-03-10,2025-03-01,Stage,GIZ,goafricaonline.com,Administration & Services publics,"communication, data analyse, gestion de projet",Non spécifié,,
Assistant Agronome,Dakar,2025-03-10,2025-03-01,CDD,INTERNATIONAL STAFFING COMPANY,goafricaonline.com,RH & Recrutement,santé,Non spécifié,,
Chef patissier,Dakar,2025-03-06,2025-03-01,Non spécifié,HOTEL TERROU BI,goafricaonline.com,Tourisme & Hôtellerie,vente,Non spécifié,,
Commercial Sénégal,Dakar,2025-03-06,2025-03-01,CDI,GIM-UEMOA,goafricaonline.com,"Finance, Banque & Comptabilité","marketing, vente, communication, finance, data analyse, rh, gestion de projet",Non spécifié,,
Responsable Commercial,Dakar,2025-03-06,2025-03-01,CDD,E-Rh Consulting sn,goafricaonline.com,"Finance, Banque & Comptabilité","vente, finance, rh",Non spécifié,,
Responsable Informatique et Infrastructures d’Usine,Dakar,2025-03-06,2025-03-01,CDI,La Laiterie Du Berger,goafricaonline.com,Agriculture & Agroalimentaire,,Non spécifié,,
Livreurs et gestionnaire de stock,Dakar,2025-03-06,2025-03-01,CDD,EXPAT-DAKAR.COM,goafricaonline.com,Commerce & Vente,"vente, logistique",Non spécifié,,
Community manager,Dakar,2025-03-06,2025-03-01,CDD,EXPAT-DAKAR.COM,goafricaonline.com,Commerce & Vente,"vente, marketing",Non spécifié,,
Live Tik-tok,Dakar,2025-03-06,2025-03-01,CDD,EXPAT-DAKAR.COM,goafricaonline.com,Commerce & Vente,vente,Non spécifié,,
Community Manager et Assistant Administratif,Dakar,2025-03-06,2025-03-01,CDD,EXPAT-DAKAR.COM,goafricaonline.com,Commerce & Vente,"marketing, communication, gestion de projet",Non spécifié,,
IT Manager,Dakar,2025-03-06,2025-03-01,Non spécifié,MSF SARL SENEGAL,goafricaonline.com,Santé & Bien-être,"vente, communication, programmation, data analyse, rh, santé, logistique, gestion de projet",5,5.0,5.0
Directeur régional,Dakar,2025-03-06,2025-03-01,CDD,Uicn (Union Mondiale Pour La Conservation De La Nature),goafricaonline.com,ONG & Humanitaire,,Non spécifié,,
"Consultant chargé de l’enquête de prévalence ponctuelle (PPS) sur l’utilisation des antimicrobiens, dans les établissements hospitaliers publics du Sénégal",Dakar,2025-03-06,2025-03-01,CDD,FONDATION MERIEUX,goafricaonline.com,ONG & Humanitaire,data analyse,Non spécifié,,
Chauffeur bureau régional,Dakar,2025-03-06,2025-03-01,CDD,Uicn (Union Mondiale Pour La Conservation De La Nature),goafricaonline.com,ONG & Humanitaire,,5,5.0,5.0
Électricien (Spécialiste en Froid et Électricité),Mbour,2025-03-06,2025-03-01,CDD,Université Alioune DIOP de Bambey,goafricaonline.com,Education & Formation,"marketing, programmation, vente, communication, finance, santé, gestion de projet",3,3.0,3.0
Comptable trésorier,Dakar,2025-03-06,2025-03-01,CDD,GLOBAL BUSINESS GROUP - GBG,goafricaonline.com,"Finance, Banque & Comptabilité","finance, rh",Non spécifié,,
HR Manager (HR social et training),Dakar,2025-03-06,2025-03-01,CDD,SERVTEC Sénégal,goafricaonline.com,RH & Recrutement,"marketing, vente, finance, communication, data analyse, programmation, rh, santé, gestion de projet",3,3.0,3.0
Télévendeur,Dakar,2025-03-06,2025-03-01,CDD,Cabinet E-RH Consulting,goafricaonline.com,RH & Recrutement,"vente, marketing, communication",Non spécifié,,
Bilingual Administrative Assistant (French/English),Dakar,2025-03-06,2025-03-01,CDD,Phoenix Consulting Group Sn,goafricaonline.com,RH & Recrutement,communication,Non spécifié,,
05 Commerciaux B2B (Matériaux de Construction),Dakar,2025-03-06,2025-03-01,CDD,Phoenix Consulting Group Sn,goafricaonline.com,RH & Recrutement,vente,Non spécifié,,
Magasinier gestionnaire d’entrepôt bilingue,Dakar,2025-03-06,2025-03-01,CDD,Phoenix Consulting Group Sn,goafricaonline.com,RH & Recrutement,"vente, communication, logistique",2,2.0,2.0
Vendeuses magasin,Dakar,2025-03-06,2025-03-01,CDI,ELECTRICITE TABLEAUTIER SERVICES,goafricaonline.com,Energie & Environnement,"marketing, vente, programmation",Non spécifié,,
Senior Investment Officer,Dakar,2025-03-06,2025-03-01,CDD,Ifc/ Senegal (Institut De Formation Des Conseillers En Organisations),goafricaonline.com,Education & Formation,"marketing, vente, communication, finance, logistique",Non spécifié,,
Stagiaire administratif,Dakar,2025-03-06,2025-03-01,CDD,Go Africa Online - Gao,goafricaonline.com,Marketing & Communication,"marketing, vente, communication",Non spécifié,,
Dix (10) Techniciens Géologues,Dakar,2025-03-06,2025-03-01,CDD,Semos Sa (Societe Des Mines DOr De Sadiola),goafricaonline.com,BTP & Industrie,"marketing, vente, rh, santé",Non spécifié,,
Conseiller.ère en innovation dans la formation professionnelle,Dakar,,,Stage,GIZ,goafricaonline.com,Administration & Services publics,gestion de projet,Non spécifié,,
Responsable d'unité commerciale,Dakar,2025-03-06,2025-03-01,CDI,3MD ENERGY SARL,goafricaonline.com,Energie & Environnement,"vente, gestion de projet",5-10,5.0,10.0
"HR Associate, Client Services",Dakar,2025-03-06,2025-03-01,CDD,Unfpa (Fonds Des Nations Unies Pour La Population),goafricaonline.com,ONG & Humanitaire,"finance, rh, logistique",Non spécifié,,
Technico-Commerciaux,Dakar,2025-03-06,2025-03-01,CDI,3MD ENERGY SARL,goafricaonline.com,Energie & Environnement,"vente, marketing",Non spécifié,,
Directeur exécutif,Dakar,2025-03-06,2025-03-01,CDD,TOPWORK SENEGAL,goafricaonline.com,RH & Recrutement,"finance, logistique",Non spécifié,,
Expert en Ingénierie des Hydrocarbures,Dakar,2025-03-06,2025-03-01,CDD,TOPWORK SENEGAL,goafricaonline.com,RH & Recrutement,non spécifié,Non spécifié,,
Expert en Ingénierie Électrique,Dakar,2025-03-06,2025-03-01,CDD,TOPWORK SENEGAL,goafricaonline.com,RH & Recrutement,non spécifié,Non spécifié,,
Spécialiste QHSE,Dakar,2025-03-06,2025-03-01,CDD,TOPWORK SENEGAL,goafricaonline.com,RH & Recrutement,non spécifié,Non spécifié,,
Maintenance mechanical supervisor,Dakar,,,Non spécifié,Wartsila West Africa Sa,goafricaonline.com,BTP & Industrie,,Non spécifié,,
Conducteurs de dumpers,Dakar,2025-03-06,2025-03-01,CDD,UMO INTERIM SENEGAL,goafricaonline.com,RH & Recrutement,logistique,Non spécifié,,
Assistant juridique et administratif,Dakar,2025-03-06,2025-03-01,CDD,ELITE RH,goafricaonline.com,RH & Recrutement,"finance, communication",1-2,1.0,2.0
Agent commercial,Dakar,2025-03-06,2025-03-01,Stage,IMMODAKAR.COM,goafricaonline.com,BTP & Industrie,"marketing, vente, finance, programmation, communication, rh, gestion de projet",2,2.0,2.0
Chauffeur jakarta (Haojue),Dakar,2025-03-06,2025-03-01,CDD,EXPAT-DAKAR.COM,goafricaonline.com,Commerce & Vente,vente,Non spécifié,,
Chauffeur Yango,Dakar,2025-03-06,2025-03-01,CDD,EXPAT-DAKAR.COM,goafricaonline.com,Commerce & Vente,vente,Non spécifié,,
Chargé principal d'investissement,Dakar,2025-03-06,2025-03-01,CDD,Ifc/ Senegal (Institut De Formation Des Conseillers En Organisations),goafricaonline.com,Education & Formation,"marketing, vente, communication, finance, programmation, rh, gestion de projet",3-4,3.0,4.0
Cherche pâtissière passionnée et créative,Dakar,2025-03-06,2025-03-01,CDD,EXPAT-DAKAR.COM,goafricaonline.com,Commerce & Vente,vente,Non spécifié,,
Recrutement de Commercial immobilier F/H,Dakar,2025-03-06,2025-03-01,CDD,EXPAT-DAKAR.COM,goafricaonline.com,Commerce & Vente,"vente, logistique",Non spécifié,,
Head of the Driver Search and Recruitment Department,Dakar,2025-03-06,2025-03-01,CDD,YANGO SENEGAL,goafricaonline.com,Transport & Logistique,"vente, marketing, communication, logistique",Non spécifié,,
Document Controller,Dakar,2025-03-06,2025-03-01,CDD,RMO,goafricaonline.com,RH & Recrutement,rh,Non spécifié,,
Gouvernant d’étages,Dakar,2025-03-06,2025-03-01,CDD,Club Med Cap Skirring,goafricaonline.com,Sport & Loisirs,,Non spécifié,,
Sous-chef de cuisine,Dakar,2025-03-06,2025-03-01,CDD,Club Med Cap Skirring,goafricaonline.com,Sport & Loisirs,,Non spécifié,,
02 Agents (sécurité),Dakar,2025-03-06,2025-03-01,Non spécifié,HOTEL TERROU BI,goafricaonline.com,Tourisme & Hôtellerie,,Non spécifié,,
Designer Graphique & Web,Dakar,2025-03-06,2025-03-01,CDD,IT MOBILE AFRIQUE,goafricaonline.com,Transport & Logistique,"marketing, programmation, communication, finance, data analyse, gestion de projet",5,5.0,5.0
Marine Technician,Dakar,2025-03-06,2025-03-01,CDD,BP BUSINESS,goafricaonline.com,BTP & Industrie,"vente, santé",Non spécifié,,
Chauffeur Bilingue,Dakar,2025-03-06,2025-03-01,CDD,TOPWORK SENEGAL,goafricaonline.com,RH & Recrutement,,7,7.0,7.0
Vendeur/se en boutique de luxe,Dakar,2025-03-06,2025-03-01,CDD/CDI,SODILUXE,goafricaonline.com,Commerce & Vente,"marketing, vente, programmation, communication, data analyse, logistique, gestion de projet",2,2.0,2.0
Marketing Specialist,Dakar,2025-03-06,2025-03-01,Stage,GRAZEINA TECHNOLOGIES,goafricaonline.com,Sécurité,"marketing, vente, communication, rh, logistique",2,2.0,2.0
Senior Assistant Manager Juridique,Dakar,2025-03-06,2025-03-01,CDD,TOPWORK SENEGAL,goafricaonline.com,RH & Recrutement,,Non spécifié,,
Junior Business Developper – Responsable opérations,Dakar,2025-03-06,2025-03-01,CDD,MOOVINDAK,goafricaonline.com,Marketing & Communication,"marketing, vente, logistique, gestion de projet",Non spécifié,,
Apporteurs d’affaires,Dakar,2025-03-06,2025-03-01,CDD,CONEXUS,goafricaonline.com,Commerce & Vente,,Non spécifié,,
Directeur Commercial Lubrifiants (H/F),Dakar,2025-03-06,2025-03-01,CDD,TECTRA SENEGAL,goafricaonline.com,RH & Recrutement,"vente, marketing",Non spécifié,,
oukam maitresse prescolaire pédagogie Montessori,Dakar,,,CDD,EXPAT-DAKAR.COM,goafricaonline.com,Commerce & Vente,vente,3-6,3.0,6.0
Coiffeuse maquilleuse professionelle,Dakar,2025-03-06,2025-03-01,CDD,EXPAT-DAKAR.COM,goafricaonline.com,Commerce & Vente,vente,Non spécifié,,
Supply and field finance technician,Dakar,2025-02-28,2025-02-01,Non spécifié,MSF SARL SENEGAL,goafricaonline.com,Santé & Bien-être,"finance, programmation, data analyse, gestion de projet",3,3.0,3.0
HR Director,Dakar,2025-02-28,2025-02-01,Non spécifié,MSF SARL SENEGAL,goafricaonline.com,Santé & Bien-être,"communication, programmation, data analyse, rh, santé, gestion de projet",5,5.0,5.0
Responsable des ventes Equipements / Equipment Sales manager,Dakar,2025-02-28,2025-02-01,CDD,CARRIERE 360,goafricaonline.com,RH & Recrutement,"vente, marketing",Non spécifié,,
Mécanicien de maintenance STI Level 2,Dakar,,,CDD,CARRIERE 360,goafricaonline.com,RH & Recrutement,,2,2.0,2.0
Responsable SAV Equipement,Dakar,2025-02-28,2025-02-01,CDD,CARRIERE 360,goafricaonline.com,RH & Recrutement,vente,Non spécifié,,
Directeur Business Unit Equipement,Dakar,2025-02-28,2025-02-01,CDD,CARRIERE 360,goafricaonline.com,RH & Recrutement,"programmation, marketing, vente",Non spécifié,,
Mécanicien de maintenance,Dakar,,,CDD,SERVTEC Sénégal,goafricaonline.com,RH & Recrutement,"marketing, vente, finance, communication, data analyse, programmation, rh, santé, gestion de projet",2,2.0,2.0
Responsable des ventes équipements,Dakar,2025-02-28,2025-02-01,CDD,SERVTEC Sénégal,goafricaonline.com,RH & Recrutement,"marketing, vente, finance, communication, data analyse, programmation, rh, santé, gestion de projet",5,5.0,5.0
Directeur Business Unit Equipment,Dakar,2025-02-28,2025-02-01,CDD,SERVTEC Sénégal,goafricaonline.com,RH & Recrutement,"marketing, vente, finance, communication, programmation, data analyse, rh, santé, gestion de projet",3,3.0,3.0
Responsable SAV Pole équipement,Dakar,2025-02-28,2025-02-01,CDD,SERVTEC Sénégal,goafricaonline.com,RH & Recrutement,"marketing, vente, finance, communication, programmation, data analyse, rh, santé, gestion de projet",3,3.0,3.0
Stagiaire chargé(e) de recrutement,Dakar,2025-02-28,2025-02-01,Alternance,Institut Bioforce Centre Afrique,goafricaonline.com,Education & Formation,rh,2,2.0,2.0
Directeur des opérations Sénégal,Dakar,2025-02-28,2025-02-01,Non spécifié,CANAL + SENEGAL,goafricaonline.com,Marketing & Communication,logistique,Non spécifié,,
Responsable expérience client,Dakar,2025-02-28,2025-02-01,Non spécifié,CANAL + SENEGAL,goafricaonline.com,Marketing & Communication,"communication, vente",Non spécifié,,
Community Manager,Dakar,2025-02-28,2025-02-01,CDD/CDI,SODILUXE,goafricaonline.com,Commerce & Vente,"marketing, vente, programmation, communication, data analyse, logistique, gestion de projet",2,2.0,2.0
Chef de cuisine,Non spécifié,2025-02-28,2025-02-01,CDI,Club Med Cap Skirring,goafricaonline.com,Tourisme & Hôtellerie,,Non spécifié,,
Responsable Qualité (QHSE) Agroalimentaire,Dakar,2025-02-28,2025-02-01,CDD,Cabinet E-RH Consulting,goafricaonline.com,RH & Recrutement,"communication, rh",Non spécifié,,
Commercial agroalimentaire,Dakar,2025-02-28,2025-02-01,CDD,Cabinet E-RH Consulting,goafricaonline.com,RH & Recrutement,"marketing, vente, rh",2-3,2.0,3.0
Infographiste-Monteur,Dakar,2025-02-28,2025-02-01,CDD,BCEAO,goafricaonline.com,ONG & Humanitaire,"communication, finance",Non spécifié,,
Chargé des publications,Dakar,2025-02-28,2025-02-01,CDD,BCEAO,goafricaonline.com,ONG & Humanitaire,"communication, finance",Non spécifié,,
Technicien multimédia,Dakar,2025-02-28,2025-02-01,CDD,BCEAO,goafricaonline.com,ONG & Humanitaire,"marketing, communication, finance, gestion de projet",Non spécifié,,
Concepteur-rédacteur,Dakar,2025-02-28,2025-02-01,CDD,BCEAO,goafricaonline.com,ONG & Humanitaire,"communication, finance, marketing",Non spécifié,,
Chargé de la gestion des réserves de change,Dakar,2025-02-28,2025-02-01,CDD,BCEAO,goafricaonline.com,ONG & Humanitaire,"finance, data analyse",Non spécifié,,
Conservateur du Musée de la monnaie,Dakar,2025-02-28,2025-02-01,CDD,BCEAO,goafricaonline.com,ONG & Humanitaire,finance,Non spécifié,,
Conducteur de finisseur d’enrobé,Dakar,2025-02-28,2025-02-01,CDD,TOPWORK SENEGAL,goafricaonline.com,RH & Recrutement,,Non spécifié,,
Régleur de finisseur d’enrobé,Dakar,2025-02-28,2025-02-01,CDD,TOPWORK SENEGAL,goafricaonline.com,RH & Recrutement,,Non spécifié,,
Coordonnateur de projet fortification,Dakar,2025-02-28,2025-02-01,CDD,HELLEN KELLER INTERNATIONAL,goafricaonline.com,Santé & Bien-être,"communication, finance, data analyse, santé, gestion de projet",6,6.0,6.0
Stagiaire commercial(e,Dakar,2025-02-28,2025-02-01,Non spécifié,Zeltex Senegal Sa (Kalia),goafricaonline.com,BTP & Industrie,"vente, communication, data analyse, marketing, santé, gestion de projet",5-8,5.0,8.0
Comptable sénior,Dakar,2025-02-28,2025-02-01,CDD,ONG RAES,goafricaonline.com,ONG & Humanitaire,"finance, data analyse",5,5.0,5.0
Appel à candidats- Stages en Agroalimentaire,Saint-Louis,2025-02-28,2025-02-01,CDD,EPICE'SN,goafricaonline.com,Agriculture & Agroalimentaire,"marketing, vente, finance, communication, data analyse, programmation, rh, santé, gestion de projet",5,5.0,5.0
Technico-Commercial Fuel,Dakar,2025-02-28,2025-02-01,CDD,INTERNATIONAL STAFFING COMPANY,goafricaonline.com,RH & Recrutement,"vente, marketing, logistique",Non spécifié,,
LPG B2B Territory Manager,Dakar,2025-02-28,2025-02-01,CDD,INTERNATIONAL STAFFING COMPANY,goafricaonline.com,RH & Recrutement,"vente, marketing, data analyse, logistique",Non spécifié,,
Technico commercial lubrifiants,Dakar,2025-02-28,2025-02-01,CDD,INTERNATIONAL STAFFING COMPANY,goafricaonline.com,RH & Recrutement,"communication, data analyse, gestion de projet",5,5.0,5.0
Procurement Advisor,Dakar,2025-02-28,2025-02-01,CDD,UNOPS,goafricaonline.com,"Finance, Banque & Comptabilité",rh,Non spécifié,,
Directeur Général,Dakar,2025-02-28,2025-02-01,CDD,PROFIL,goafricaonline.com,"Finance, Banque & Comptabilité","finance, vente",Non spécifié,,
Chef d’application de l’enrobé,Dakar,2025-02-28,2025-02-01,CDD,TOPWORK SENEGAL,goafricaonline.com,RH & Recrutement,communication,Non spécifié,,
Directeur de l’Audit Interne,Dakar,2025-02-28,2025-02-01,CDD,PROFIL,goafricaonline.com,"Finance, Banque & Comptabilité",finance,10,10.0,10.0
Assistant Comptable,Dakar,2025-02-28,2025-02-01,CDD,RMO,goafricaonline.com,RH & Recrutement,"finance, rh",2,2.0,2.0
Caissier,Dakar,2025-02-28,2025-02-01,CDD,EXPAT-DAKAR.COM,goafricaonline.com,Commerce & Vente,vente,Non spécifié,,
Stage Formation et Emploi,Dakar,2025-02-28,2025-02-01,CDD,EXPAT-DAKAR.COM,goafricaonline.com,Commerce & Vente,vente,Non spécifié,,
Assistante Administrative Bilingue,Dakar,2025-02-26,2025-02-01,CDD,ELITE RH,goafricaonline.com,RH & Recrutement,rh,Non spécifié,,
Assistant ressources humaines et paie,Dakar,,,CDI,GIM-UEMOA,goafricaonline.com,"Finance, Banque & Comptabilité","rh, gestion de projet",Non spécifié,,
Consultant sénior Tax & Legal,Dakar,2025-02-26,2025-02-01,Non spécifié,DELOITTE SENEGAL,goafricaonline.com,Technologie & Informatique,,Non spécifié,,
Vehicle inspector,Dakar,2025-02-26,2025-02-01,CDD,YANGO SENEGAL,goafricaonline.com,Transport & Logistique,,Non spécifié,,
Commercial Confirmé – Vente de Services,Dakar,2025-02-26,2025-02-01,CDD,WEBTEL,goafricaonline.com,Marketing & Communication,"vente, programmation, communication",3-5,3.0,5.0
Téléconseiller(e) En émission d’appels,Dakar,2025-02-26,2025-02-01,CDD,RESELFORM DAKAR,goafricaonline.com,Transport & Logistique,,3,3.0,3.0
Charge(e) cybersécurité et sécurité opérationnelle,Dakar,2025-02-26,2025-02-01,CDD,Boa Senegal Agence Maristes,goafricaonline.com,"Finance, Banque & Comptabilité","gestion de projet, finance",Non spécifié,,
Responsable des opérations de croissance du pays,Dakar,2025-02-26,2025-02-01,CDD,WAVE,goafricaonline.com,"Finance, Banque & Comptabilité",finance,Non spécifié,,
Standardiste expérimenté(e) chargé(e) de la clientèle,Dakar,2025-02-26,2025-02-01,Stage,LA GRAZEINA,goafricaonline.com,BTP & Industrie,"marketing, vente, finance, programmation, communication, rh, gestion de projet",2,2.0,2.0
Conseiller.ère en coopération transfrontalière,Dakar,2025-02-26,2025-02-01,CDD,GIZ,goafricaonline.com,RH & Recrutement,,Non spécifié,,
Agent commercial en vente de terrains,Dakar,2025-02-26,2025-02-01,CDD,KATOS CONSULTING,goafricaonline.com,BTP & Industrie,"marketing, vente, communication, programmation, gestion de projet",2,2.0,2.0
Conseiller en résilience,Dakar,2025-02-26,2025-02-01,CDD,GIZ,goafricaonline.com,RH & Recrutement,,Non spécifié,,
Chargé Achats,Dakar,2025-02-26,2025-02-01,CDI,BAOBAB SENEGAL,goafricaonline.com,"Finance, Banque & Comptabilité",logistique,3,3.0,3.0
Directeur régional adjoint,Dakar,2025-02-26,2025-02-01,CDD,Unfpa (Fonds Des Nations Unies Pour La Population),goafricaonline.com,ONG & Humanitaire,,Non spécifié,,
Chargé d'investissement,Dakar,2025-02-26,2025-02-01,CDD,BANQUE MONDIALE,goafricaonline.com,ONG & Humanitaire,"vente, programmation, gestion de projet",Non spécifié,,
Chargé d'investissement associé,Dakar,2025-02-26,2025-02-01,CDD,BANQUE MONDIALE,goafricaonline.com,ONG & Humanitaire,"finance, gestion de projet, vente",Non spécifié,,
Techniciens polyvalents,Dakar,2025-02-26,2025-02-01,CDD,ELITE RH,goafricaonline.com,RH & Recrutement,"finance, gestion de projet",Non spécifié,,
Graphiste,Dakar,2025-02-26,2025-02-01,CDD,ONG RAES,goafricaonline.com,ONG & Humanitaire,gestion de projet,Non spécifié,,
Community Manager et Créateur(trice) de contenu,Dakar,2025-02-26,2025-02-01,CDD,SEN DIGITAL LAB,goafricaonline.com,Commerce & Vente,"marketing, communication, gestion de projet",2,2.0,2.0
Senior Administrative Assistant,Dakar,2025-02-26,2025-02-01,CDD,United Nations Office For West Africa - Unowa,goafricaonline.com,ONG & Humanitaire,communication,Non spécifié,,
Conseiller.ère en gestion des partenariats,Dakar,2025-02-26,2025-02-01,CDD,GIZ,goafricaonline.com,RH & Recrutement,finance,Non spécifié,,
Assistant de bureau,Dakar,2025-02-26,2025-02-01,CDD,GIZ,goafricaonline.com,RH & Recrutement,"marketing, communication, finance, logistique",2-3,2.0,3.0
Assistante logistique de zone,Dakar,2025-02-26,2025-02-01,Non spécifié,CMA CGM SENEGAL,goafricaonline.com,Transport & Logistique,"logistique, vente",Non spécifié,,
Chargé des Partenariats Afrique,Dakar,2025-02-26,2025-02-01,CDD,FONDATION MERIEUX,goafricaonline.com,ONG & Humanitaire,"finance, gestion de projet",Non spécifié,,
Responsable maintenance,Dakar,,,CDD,GLOBAL BUSINESS GROUP - GBG,goafricaonline.com,"Finance, Banque & Comptabilité",,Non spécifié,,
Chef de projet communication digitale,Dakar,2025-02-26,2025-02-01,CDD,GLOBAL BUSINESS GROUP - GBG,goafricaonline.com,"Finance, Banque & Comptabilité","marketing, communication, gestion de projet",Non spécifié,,
Responsable financier,Dakar,2025-02-26,2025-02-01,CDD,ONG RAES,goafricaonline.com,ONG & Humanitaire,"finance, communication, data analyse, santé, gestion de projet",7,7.0,7.0
Expert.e en Technologies numériques pour le Développement,Dakar,2025-02-26,2025-02-01,Stage,GIZ,goafricaonline.com,Administration & Services publics,"marketing, communication, programmation, gestion de projet",Non spécifié,,
Responsable de base,Dakar,2025-02-26,2025-02-01,CDD,RMO,goafricaonline.com,RH & Recrutement,"communication, logistique",10+,10.0,10.0
Agents de sécurité,Dakar,2025-02-26,2025-02-01,CDD,AXESS SECURITE,goafricaonline.com,Sécurité,santé,Non spécifié,,
Chef de projet,Dakar,2025-02-26,2025-02-01,CDD,UNOPS,goafricaonline.com,ONG & Humanitaire,gestion de projet,Non spécifié,,
Spécialiste du programme de statistiques sur le genre,Dakar,2025-02-26,2025-02-01,CDD,ONU-FEMMES,goafricaonline.com,ONG & Humanitaire,"communication, finance, data analyse, programmation, rh, logistique, gestion de projet",Non spécifié,,
Chef comptable,Dakar,2025-02-26,2025-02-01,CDD,TOPWORK SENEGAL,goafricaonline.com,RH & Recrutement,finance,7,7.0,7.0
Finance manager,Dakar,2025-02-26,2025-02-01,CDD,TOPWORK SENEGAL,goafricaonline.com,RH & Recrutement,"finance, gestion de projet",Non spécifié,,
Contrôleur de Gestion Commercial Junior,Dakar,2025-02-26,2025-02-01,Non spécifié,Societe Des Brasseries De L'Ouest Africain - Soboa,goafricaonline.com,BTP & Industrie,"marketing, vente, programmation, communication, rh, santé, gestion de projet",2-3,2.0,3.0
Télévendeur,Dakar,2025-02-26,2025-02-01,CDD,WAY2CALL,goafricaonline.com,Marketing & Communication,"vente, communication",Non spécifié,,
Chargé Marketing,Dakar,2025-02-26,2025-02-01,CDD/CDI,SODILUXE,goafricaonline.com,Commerce & Vente,"marketing, vente, programmation, communication, data analyse, logistique, gestion de projet",2,2.0,2.0
Conseiller principal d’éducation (CPE),Dakar,2025-02-26,2025-02-01,CDD,Cours Sainte Marie De Hann,goafricaonline.com,Education & Formation,gestion de projet,Non spécifié,,
Agent de maintenance fibre optique,Dakar,,,CDD,GLOBAL BUSINESS GROUP - GBG,goafricaonline.com,"Finance, Banque & Comptabilité","data analyse, logistique",Non spécifié,,
Responsable suivi activité externalisée sur le roaming,Dakar,2025-02-26,2025-02-01,CDD,GLOBAL BUSINESS GROUP - GBG,goafricaonline.com,"Finance, Banque & Comptabilité","finance, data analyse",Non spécifié,,
Responsable recouvrement et paiement opérateurs,Dakar,2025-02-26,2025-02-01,CDD,GLOBAL BUSINESS GROUP - GBG,goafricaonline.com,"Finance, Banque & Comptabilité",,Non spécifié,,
Cadre en RSE,Dakar,2025-02-26,2025-02-01,CDD,Sonacos Sa (Ex Suneor),goafricaonline.com,Agriculture & Agroalimentaire,,Non spécifié,,
Technicien(ne) supérieur(e) en en génie civil,Dakar,2025-02-26,2025-02-01,CDD,Grdr (Groupe De Recherche Et De Realisations Pour Le Developpement Rural),goafricaonline.com,ONG & Humanitaire,gestion de projet,Non spécifié,,
Ingénieur Devops,Dakar,2025-02-26,2025-02-01,CDI,GIM-UEMOA,goafricaonline.com,"Finance, Banque & Comptabilité",communication,Non spécifié,,
nounou,Dakar,2025-02-26,2025-02-01,CDD,EXPAT-DAKAR.COM,goafricaonline.com,Commerce & Vente,vente,Non spécifié,,
Responsable commerciale,Dakar,2025-02-26,2025-02-01,CDD,EXPAT-DAKAR.COM,goafricaonline.com,Commerce & Vente,vente,Non spécifié,,
Placement,Dakar,2025-02-26,2025-02-01,CDD,EXPAT-DAKAR.COM,goafricaonline.com,Commerce & Vente,vente,Non spécifié,,
ingénieur agricole,Dakar,2025-02-26,2025-02-01,CDD,EXPAT-DAKAR.COM,goafricaonline.com,Commerce & Vente,"vente, gestion de projet",Non spécifié,,
Femme de Nettoyage,Dakar,2025-02-26,2025-02-01,CDD,EXPAT-DAKAR.COM,goafricaonline.com,Commerce & Vente,vente,Non spécifié,,
Commercial Sunhome,Dakar,2025-02-26,2025-02-01,CDD,EXPAT-DAKAR.COM,goafricaonline.com,Commerce & Vente,"vente, marketing",Non spécifié,,
Base Manager,Dakar,2025-02-26,2025-02-01,CDD,RMO,goafricaonline.com,RH & Recrutement,"communication, logistique",10+,10.0,10.0
Recherche coiffeuses et estheticiennes,Dakar,2025-02-19,2025-02-01,CDD,EXPAT-DAKAR.COM,goafricaonline.com,Commerce & Vente,,Non spécifié,,
Une commerciale responsable,Dakar,2025-02-19,2025-02-01,CDD,EXPAT-DAKAR.COM,goafricaonline.com,Commerce & Vente,"vente, marketing, communication",Non spécifié,,
Comptable Confirmé,Dakar,2025-02-19,2025-02-01,Non spécifié,VISION PLUS VOYAGES,goafricaonline.com,Tourisme & Hôtellerie,"vente, finance, rh, data analyse, logistique, gestion de projet",2,2.0,2.0
Responsable des Services Linguistiques (H/F),Dakar,2025-02-19,2025-02-01,CDD,TECTRA SENEGAL,goafricaonline.com,RH & Recrutement,communication,Non spécifié,,
Coordinateur régional,Dakar,2025-02-19,2025-02-01,CDD,Iucn (Union Mondiale Pour La Conservation De La Nature),goafricaonline.com,ONG & Humanitaire,gestion de projet,Non spécifié,,
Chef d’agence (secteur assurance),Dakar,2025-02-19,2025-02-01,CDD,TOPWORK SENEGAL,goafricaonline.com,RH & Recrutement,"finance, vente",10,10.0,10.0
Dessinateur Projeteur,Dakar,2025-02-19,2025-02-01,CDI,Senelec (Societe Nationale D'Electricite),goafricaonline.com,Energie & Environnement,"logistique, gestion de projet",Non spécifié,,
03 Chefs de projets,Dakar,2025-02-19,2025-02-01,CDI,Senelec (Societe Nationale D'Electricite),goafricaonline.com,Energie & Environnement,"logistique, gestion de projet",Non spécifié,,
05 Assistants Comptables & Financiers,Dakar,2025-02-19,2025-02-01,CDI,Senelec (Societe Nationale D'Electricite),goafricaonline.com,Energie & Environnement,"finance, logistique",Non spécifié,,
Chef d’Unité Budget et Analyses,Dakar,2025-02-19,2025-02-01,CDI,Senelec (Societe Nationale D'Electricite),goafricaonline.com,Energie & Environnement,logistique,Non spécifié,,
Responsable – Contenus communication numérique,Dakar,2025-02-19,2025-02-01,Non spécifié,Auf / Agence Universitaire De La Francophonie,goafricaonline.com,"Finance, Banque & Comptabilité","marketing, finance, programmation, communication, data analyse, rh, logistique, gestion de projet",5,5.0,5.0
Scientifique en conservation,Dakar,2025-02-19,2025-02-01,CDD,Iucn (Union Mondiale Pour La Conservation De La Nature),goafricaonline.com,ONG & Humanitaire,"data analyse, gestion de projet",Non spécifié,,
Controleur de gestion junior,Dakar,2025-02-19,2025-02-01,CDD,GPF SARL,goafricaonline.com,RH & Recrutement,"finance, vente, communication",1-3,1.0,3.0
Africa Country Procurement Buyer,Dakar,2025-02-19,2025-02-01,CDD,Phoenix Consulting Group Sn,goafricaonline.com,RH & Recrutement,"data analyse, gestion de projet",5,5.0,5.0
Acheteur achats pays Afrique,Dakar,2025-02-19,2025-02-01,CDD,Phoenix Consulting Group Sn,goafricaonline.com,RH & Recrutement,gestion de projet,5,5.0,5.0
Agent de Sécurité,Dakar,2025-02-19,2025-02-01,CDD,MEKS SECURITE,goafricaonline.com,Sécurité,"communication, santé",Non spécifié,,
Hotesses d’accueil (02),Dakar,2025-02-19,2025-02-01,Non spécifié,HOTEL TERROU BI,goafricaonline.com,Tourisme & Hôtellerie,data analyse,Non spécifié,,
Chef de secteur,Dakar,2025-02-19,2025-02-01,Stage,TOTAL ENERGIES,goafricaonline.com,Transport & Logistique,"marketing, vente, finance, communication, data analyse, gestion de projet",2,2.0,2.0
Conseillère technique en matière de genre et de droits humains,Dakar,,,CDD,Unfpa (Fonds Des Nations Unies Pour La Population),goafricaonline.com,ONG & Humanitaire,,Non spécifié,,
Responsable de processus,Dakar,2025-02-19,2025-02-01,CDD,GPF SARL,goafricaonline.com,"Finance, Banque & Comptabilité","gestion de projet, finance, santé",15,15.0,15.0
Manoeuvre,Dakar,2025-02-19,2025-02-01,CDD,RPORTH,goafricaonline.com,"Finance, Banque & Comptabilité",,Non spécifié,,
Projeteur Dessinateur,Dakar,2025-02-19,2025-02-01,CDD,TOPWORK SENEGAL,goafricaonline.com,RH & Recrutement,gestion de projet,Non spécifié,,
Commercial,Dakar,2025-02-19,2025-02-01,CDD,SCRH,goafricaonline.com,RH & Recrutement,"rh, vente",Non spécifié,,
Gestionnaire et responsable RH,Dakar,2025-02-19,2025-02-01,Freelance/Stage,EVENTS,goafricaonline.com,Marketing & Communication,"marketing, vente, finance, programmation, communication, rh, logistique, gestion de projet",7,7.0,7.0
Spécialiste en gestion de projet (local) – Transport ou développement rural,Dakar,2025-02-19,2025-02-01,CDD,Institut Superieur Dakar Banlieue - Isdb,goafricaonline.com,Education & Formation,"marketing, programmation, vente, communication, finance, santé, logistique, gestion de projet",5,5.0,5.0
STAGE – Assistant(e) Gestion Relation Donateurs,Dakar,2025-02-19,2025-02-01,CDD,ALIMA,goafricaonline.com,Administration & Services publics,"marketing, finance, communication, data analyse",Non spécifié,,
"Gestion de la chaîne d'approvisionnement, associée, paludisme mondial (accès aux produits)",Dakar,2025-02-19,2025-02-01,CDD,CHAI AFRICA PROTEINE,goafricaonline.com,Commerce & Vente,"visualisation de données, data analyse, santé",Non spécifié,,
"Spécialiste en gestion de projets (local) – Énergie/Électricité, RH",Dakar,2025-02-19,2025-02-01,CDD,Institut Superieur Dakar Banlieue - Isdb,goafricaonline.com,Education & Formation,"marketing, programmation, vente, communication, finance, santé, gestion de projet",5,5.0,5.0
Spécialiste en gestion de projets (local) – Santé publique,Dakar,2025-02-19,2025-02-01,CDD,Institut Superieur Dakar Banlieue - Isdb,goafricaonline.com,Education & Formation,"marketing, programmation, vente, communication, finance, santé, gestion de projet",5,5.0,5.0
Des agents commerciaux et hôtesses à pieds,Dakar,2025-02-19,2025-02-01,CDD,EXPAT-DAKAR.COM,goafricaonline.com,Commerce & Vente,vente,Non spécifié,,
Ingenieur technico-commercial en qhse,Dakar,2025-02-19,2025-02-01,CDD,EXPAT-DAKAR.COM,goafricaonline.com,Commerce & Vente,"vente, communication, rh",Non spécifié,,
Coiffeuse Spécialisée en Locks – Dakar (Almadies),Dakar,2025-02-19,2025-02-01,CDD,EXPAT-DAKAR.COM,goafricaonline.com,Commerce & Vente,vente,Non spécifié,,
HSE Manager / CSO,Dakar,2025-02-16,2025-02-01,Stage,TOTAL ENERGIES,goafricaonline.com,Transport & Logistique,"marketing, vente, finance, communication, programmation, data analyse, santé, logistique, gestion de projet",2,2.0,2.0
Coiffeurs,Non spécifié,2025-02-16,2025-02-01,CDD,AFRI RH,goafricaonline.com,Non spécifié,"vente, rh, santé",Non spécifié,,
Programme Jeunes Diplômés,Dakar,2025-02-16,2025-02-01,Stage,TOTAL ENERGIES,goafricaonline.com,Transport & Logistique,"marketing, vente, finance, communication, data analyse, gestion de projet",2,2.0,2.0
Chef de secteur maintenance,Dakar,,,Stage,TOTAL ENERGIES,goafricaonline.com,Transport & Logistique,"marketing, vente, finance, communication, data analyse, gestion de projet",2,2.0,2.0
Administrateur des opérations aériennes,Dakar,2025-02-16,2025-02-01,Non spécifié,CMA CGM SENEGAL,goafricaonline.com,Transport & Logistique,"vente, communication, logistique",Non spécifié,,
Administrateur des opérations,Dakar,2025-02-16,2025-02-01,Non spécifié,CMA CGM SENEGAL,goafricaonline.com,Transport & Logistique,"vente, communication, data analyse, logistique",Non spécifié,,
Stagiaire en opérations océaniques,Dakar,2025-02-16,2025-02-01,Non spécifié,CMA CGM SENEGAL,goafricaonline.com,Transport & Logistique,"vente, communication, logistique",Non spécifié,,
Chef de département audit interne,Dakar,2025-02-16,2025-02-01,CDD,ECO AFRIQUE,goafricaonline.com,"Finance, Banque & Comptabilité","marketing, vente, finance, communication, rh, logistique, gestion de projet",Non spécifié,,
Chauffeur livreur,Dakar,2025-02-16,2025-02-01,CDD,RPORTH,goafricaonline.com,"Finance, Banque & Comptabilité",,2,2.0,2.0
Travailleur des opérations aériennes,Dakar,2025-02-16,2025-02-01,Non spécifié,CMA CGM SENEGAL,goafricaonline.com,Transport & Logistique,"vente, communication, logistique",Non spécifié,,
Responsable informatique,Dakar,2025-02-16,2025-02-01,CDD/CDI/Stage,Msf (Moniz Da Maia Serra & Fortunato Empreiteiro),goafricaonline.com,BTP & Industrie,"vente, communication, programmation, data analyse, rh, santé, logistique, gestion de projet",5,5.0,5.0
Comptable expérimenté,Dakar,2025-02-16,2025-02-01,CDD/CDI,INTELCIA,goafricaonline.com,Marketing & Communication,"finance, communication",5,5.0,5.0
Administrateur des tarifs et des devis pour les transports terrestres et ferroviaires,Dakar,2025-02-16,2025-02-01,Non spécifié,CMA CGM SENEGAL,goafricaonline.com,Transport & Logistique,"vente, finance, logistique",Non spécifié,,
Professeur de mathématiques et professeur d'anglais,Dakar,2025-02-16,2025-02-01,CDD,IQRA BILINGUAL ACADEMY,goafricaonline.com,Education & Formation,"marketing, programmation, vente, communication, finance, santé, gestion de projet",2,2.0,2.0
Consultant en Mobilisation de ressource,Dakar,2025-02-16,2025-02-01,CDD,EXPAT-DAKAR.COM,goafricaonline.com,Commerce & Vente,"finance, programmation",Non spécifié,,
Spécialiste en markting et communication,Dakar,2025-02-16,2025-02-01,CDD,EXPAT-DAKAR.COM,goafricaonline.com,Commerce & Vente,"vente, marketing",Non spécifié,,
Assistante Stagiaire Polyvalente,Dakar,2025-02-16,2025-02-01,CDD,AGENCE HYBRIDE,goafricaonline.com,RH & Recrutement,"marketing, vente, finance, communication, data analyse, programmation, rh, santé, gestion de projet",3,3.0,3.0
Superviseur de Maintenance Électrique,Dakar,,,CDD,GPF SARL,goafricaonline.com,"Finance, Banque & Comptabilité",,5,5.0,5.0
Superviseur du traitement de la production,Dakar,2025-02-16,2025-02-01,CDD,GPF SARL,goafricaonline.com,"Finance, Banque & Comptabilité","communication, santé",15,15.0,15.0
Chargée de mission transition énergétique,Dakar,2025-02-16,2025-02-01,CDD/CDI/Stage,Msf (Moniz Da Maia Serra & Fortunato Empreiteiro),goafricaonline.com,BTP & Industrie,"programmation, communication, logistique, gestion de projet",Non spécifié,,
Functional support referent – financial information systems,Dakar,2025-02-16,2025-02-01,CDD/CDI/Stage,Msf (Moniz Da Maia Serra & Fortunato Empreiteiro),goafricaonline.com,BTP & Industrie,"finance, communication, data analyse, rh, gestion de projet",Non spécifié,,
Agent de soutien Tembo,Dakar,2025-02-16,2025-02-01,CDD/CDI/Stage,Msf (Moniz Da Maia Serra & Fortunato Empreiteiro),goafricaonline.com,BTP & Industrie,"communication, programmation, logistique, gestion de projet",Non spécifié,,
Superviseur pour agents de securite,Dakar,2025-02-16,2025-02-01,CDD,EXPAT-DAKAR.COM,goafricaonline.com,BTP & Industrie,vente,Non spécifié,,
Formation,Dakar,2025-02-16,2025-02-01,CDD,EXPAT-DAKAR.COM,goafricaonline.com,BTP & Industrie,vente,Non spécifié,,
Conseiller commercial en assurances,Dakar,2025-02-16,2025-02-01,CDD,EXPAT-DAKAR.COM,goafricaonline.com,BTP & Industrie,"vente, santé",8,8.0,8.0
Développeur web full stack,Dakar,2025-02-16,2025-02-01,CDD,GLOBAL BUSINESS GROUP - GBG,goafricaonline.com,"Finance, Banque & Comptabilité",programmation,Non spécifié,,
Finance and budget Assistant,Dakar,2025-02-16,2025-02-01,CDD,United Nations Office For West Africa - Unowa,goafricaonline.com,ONG & Humanitaire,finance,Non spécifié,,
Chauffeur,Dakar,2025-02-16,2025-02-01,CDD,EXPAT-DAKAR.COM,goafricaonline.com,BTP & Industrie,vente,Non spécifié,,
Charge(e) cybersécurité et sécurité opérationnelle,Dakar,2025-02-13,2025-02-01,CDD,Banque Ouest Africaine De Developpement-Boad,goafricaonline.com,"Finance, Banque & Comptabilité","gestion de projet, finance",Non spécifié,,
Responsable des laboratoires de physico-chimie,Dakar,2025-02-13,2025-02-01,CDI,Institut Pasteur De Dakar,goafricaonline.com,Education & Formation,"programmation, finance, data analyse, rh, santé, logistique, gestion de projet",2,2.0,2.0
Directeur Financier,Dakar,2025-02-13,2025-02-01,CDD,RMO,goafricaonline.com,RH & Recrutement,finance,10,10.0,10.0
HRBP Billingue,Dakar,2025-02-13,2025-02-01,CDD,RMO,goafricaonline.com,RH & Recrutement,"vente, rh, marketing",3,3.0,3.0
Responsable QHSE,Dakar,2025-02-13,2025-02-01,CDD,GPF SARL,goafricaonline.com,"Finance, Banque & Comptabilité","finance, communication, rh, gestion de projet",10,10.0,10.0
Médecin d’entreprise,Dakar,2025-02-13,2025-02-01,CDI,Agence Nationale de la Statistique et de la Démographie-ANSD,goafricaonline.com,Administration & Services publics,"marketing, programmation, communication, finance, data analyse, rh, santé, gestion de projet",5,5.0,5.0
Responsable de programme principal,Dakar,2025-02-13,2025-02-01,CDD,Ambassade Du Royaume-Uni Au Senegal,goafricaonline.com,Administration & Services publics,santé,Non spécifié,,
Assistant administratif au Programme,Dakar,2025-02-13,2025-02-01,CDD,"Unesco (Organisation Des Nations Unies Pour L'Education, La Science Et La Culture)",goafricaonline.com,ONG & Humanitaire,communication,Non spécifié,,
Assistant administratif,Dakar,2025-02-13,2025-02-01,CDD,United Nations Office For West Africa - Unowa,goafricaonline.com,ONG & Humanitaire,"finance, rh",Non spécifié,,
Environmental and Social Development Specialist,Dakar,2025-02-13,2025-02-01,CDD,Ifc/ Senegal (Institut De Formation Des Conseillers En Organisations),goafricaonline.com,Education & Formation,"marketing, programmation, vente, communication, finance, santé, gestion de projet",2,2.0,2.0
Assistante de direction sur mbour uniquement,Dakar,2025-02-13,2025-02-01,CDD,EXPAT-DAKAR.COM,goafricaonline.com,Commerce & Vente,"vente, logistique",Non spécifié,,
Cherche chauffeur pour yango,Dakar,2025-02-13,2025-02-01,CDD,EXPAT-DAKAR.COM,goafricaonline.com,Commerce & Vente,vente,Non spécifié,,
Menagere de bureau,Dakar,2025-02-13,2025-02-01,CDD,EXPAT-DAKAR.COM,goafricaonline.com,Commerce & Vente,vente,Non spécifié,,
Opérateur infographie et impression packaging,Dakar,2025-02-13,2025-02-01,CDD,EXPAT-DAKAR.COM,goafricaonline.com,Commerce & Vente,vente,Non spécifié,,
Femme de ménage,Dakar,2025-02-13,2025-02-01,CDD,EXPAT-DAKAR.COM,goafricaonline.com,Commerce & Vente,vente,Non spécifié,,
Social Media Manager et Infographie,Dakar,2025-02-13,2025-02-01,CDD,IQRA BILINGUAL ACADEMY,goafricaonline.com,Education & Formation,"marketing, communication, gestion de projet",3,3.0,3.0
01 Chauffeur expérimenté et Sereiux,Dakar,2025-02-13,2025-02-01,CDD,EXPAT-DAKAR.COM,goafricaonline.com,Commerce & Vente,vente,Non spécifié,,
des décorateurs d'événementiel,Dakar,,,CDD,EXPAT-DAKAR.COM,goafricaonline.com,Commerce & Vente,vente,Non spécifié,,
Nettoyage cuisine,Dakar,2025-02-13,2025-02-01,CDD,EXPAT-DAKAR.COM,goafricaonline.com,Commerce & Vente,vente,Non spécifié,,
Informations sur l'emploi,Dakar,2025-02-13,2025-02-01,CDD,Ifc/ Senegal (Institut De Formation Des Conseillers En Organisations),goafricaonline.com,Education & Formation,"vente, communication, finance, data analyse, programmation, santé, gestion de projet",Non spécifié,,
Chef de cuisine adjoint,Dakar,2025-02-13,2025-02-01,Non spécifié,HOTEL TERROU BI,goafricaonline.com,Tourisme & Hôtellerie,,Non spécifié,,
Stage pratique en communication,Dakar,2025-02-13,2025-02-01,CDD,ENDA JEUNESSE ACTION,goafricaonline.com,ONG & Humanitaire,"marketing, communication",Non spécifié,,
Chef de Rang,Dakar,2025-02-13,2025-02-01,CDD,GPF SARL,goafricaonline.com,"Finance, Banque & Comptabilité","rh, finance",Non spécifié,,
Ingénieur applicatif,Dakar,2025-02-13,2025-02-01,CDI,ERAMET,goafricaonline.com,BTP & Industrie,gestion de projet,Non spécifié,,
Marine Pilot,Dakar,2025-02-13,2025-02-01,CDD,Airswift,goafricaonline.com,RH & Recrutement,,Non spécifié,,
Rondier,Dakar,2025-02-13,2025-02-01,CDD,DANGOTE INDUSTRIES SENEGAL,goafricaonline.com,BTP & Industrie,"vente, finance, communication, data analyse, rh, logistique, santé, gestion de projet",2,2.0,2.0
Chef de projet,Dakar,2025-02-13,2025-02-01,CDD,BAOBAB DES SAVEURS,goafricaonline.com,Agriculture & Agroalimentaire,"marketing, vente, finance, communication, data analyse, programmation, rh, santé, gestion de projet",3,3.0,3.0
(02) Deux hôtesses d’accueil,Dakar,2025-02-13,2025-02-01,CDD,Comptoir Commercial Bara Mboup - Ccbm,goafricaonline.com,Transport & Logistique,vente,Non spécifié,,
Responsable de la sécurité,Dakar,2025-02-13,2025-02-01,CDD,GPF SARL,goafricaonline.com,"Finance, Banque & Comptabilité",,Non spécifié,,
Agent commercial en gestion immobiliere,Dakar,2025-02-13,2025-02-01,CDD,KATOS CONSULTING,goafricaonline.com,BTP & Industrie,"marketing, vente, communication, programmation, gestion de projet",2,2.0,2.0
Poste comptable,Dakar,2025-02-13,2025-02-01,CDD,EXPAT-DAKAR.COM,goafricaonline.com,Commerce & Vente,vente,Non spécifié,,
Gérant CYBERGAME,Dakar,2025-02-13,2025-02-01,CDD,EXPAT-DAKAR.COM,goafricaonline.com,Commerce & Vente,vente,Non spécifié,,
D'agent commercial,Dakar,2025-02-13,2025-02-01,CDD,EXPAT-DAKAR.COM,goafricaonline.com,Commerce & Vente,vente,Non spécifié,,
Recrutement commerciaux,Dakar,2025-02-13,2025-02-01,CDD,EXPAT-DAKAR.COM,goafricaonline.com,Commerce & Vente,"vente, communication",Non spécifié,,
Responsable qualité,Dakar,2025-02-13,2025-02-01,CDD,EXPAT-DAKAR.COM,goafricaonline.com,Commerce & Vente,vente,Non spécifié,,
Environnementaliste,Dakar,2025-02-13,2025-02-01,CDD,Boa Senegal Agence Maristes,goafricaonline.com,"Finance, Banque & Comptabilité",,Non spécifié,,
Cuisine - Nounou,Dakar,2025-02-13,2025-02-01,CDD,EXPAT-DAKAR.COM,goafricaonline.com,Commerce & Vente,vente,Non spécifié,,
Assistant back office,Non spécifié,2025-02-13,2025-02-01,CDD,AMD CORPORATE,goafricaonline.com,Non spécifié,"marketing, vente, finance, communication, data analyse, programmation, rh, santé, gestion de projet",3,3.0,3.0
Analyste Financier Sénior,Dakar,2025-02-13,2025-02-01,CDD,Fongip (Fonds De Garantie Des Investissements Prioritaires),goafricaonline.com,Administration & Services publics,finance,Non spécifié,,
Assistant de direction,Dakar,2025-02-13,2025-02-01,CDD,GLOBAL BUSINESS GROUP - GBG,goafricaonline.com,"Finance, Banque & Comptabilité",finance,Non spécifié,,
Gestionnaire de flotte automobile,Dakar,2025-02-13,2025-02-01,CDD,GLOBAL BUSINESS GROUP - GBG,goafricaonline.com,"Finance, Banque & Comptabilité",communication,Non spécifié,,
Chef de produit Devices,Dakar,2025-02-13,2025-02-01,CDD,GLOBAL BUSINESS GROUP - GBG,goafricaonline.com,"Finance, Banque & Comptabilité","vente, marketing, finance",Non spécifié,,
Comptable confirmé,Dakar,2025-02-13,2025-02-01,CDD,SERVTEC Sénégal,goafricaonline.com,RH & Recrutement,"marketing, vente, finance, communication, programmation, data analyse, rh, santé, gestion de projet",3,3.0,3.0
Directeur de l'ingénierie,Dakar,2025-02-13,2025-02-01,CDD,SERVTEC Sénégal,goafricaonline.com,RH & Recrutement,"marketing, vente, finance, communication, data analyse, programmation, rh, santé, gestion de projet",10,10.0,10.0
Directeur de l’Administration des finances,Dakar,2025-02-13,2025-02-01,CDD,Codesria (Conseil Pour Le Developpement De La Recherche Economique Et Sociale En Afrique),goafricaonline.com,ONG & Humanitaire,finance,Non spécifié,,
Sunhome,Dakar,2025-02-13,2025-02-01,CDD,EXPAT-DAKAR.COM,goafricaonline.com,Commerce & Vente,"vente, marketing",Non spécifié,,
Boy de maison,Dakar,,,CDD,EXPAT-DAKAR.COM,goafricaonline.com,Commerce & Vente,vente,Non spécifié,,
Chauffeur_Conducteur,Dakar,2025-02-13,2025-02-01,CDD,EXPAT-DAKAR.COM,goafricaonline.com,Commerce & Vente,vente,Non spécifié,,
Attachee à la communication et gestion,Dakar,2025-02-13,2025-02-01,CDI,Le mas des cocotiers,goafricaonline.com,Tourisme & Hôtellerie,"communication, marketing",Non spécifié,,
Manager Fiscal,Dakar,2025-02-13,2025-02-01,Non spécifié,SUNDA INTERNATIONAL,goafricaonline.com,BTP & Industrie,"marketing, vente, finance, programmation, communication, data analyse, logistique, santé, gestion de projet",8,8.0,8.0
Assistant Comptable Fiscal Bilingue,Dakar,2025-02-13,2025-02-01,Non spécifié,SUNDA INTERNATIONAL,goafricaonline.com,BTP & Industrie,"marketing, vente, finance, programmation, communication, data analyse, logistique, santé, gestion de projet",1-3,1.0,3.0
Stagiaire QHSE,Dakar,2025-02-13,2025-02-01,Stage,AVI SENEGAL,goafricaonline.com,Agriculture & Agroalimentaire,"finance, vente",Non spécifié,,
Secrétaire Assistant(e) Médicale H/F,Dakar,2025-02-10,2025-02-01,CDD,YSED GROUP CONSULTING,goafricaonline.com,Education & Formation,"finance, programmation, vente, communication, data analyse, rh, marketing, santé, logistique, gestion de projet",3,3.0,3.0
Responsable D’Agence H/F,Dakar,2025-02-10,2025-02-01,CDD,LAPAIRE,goafricaonline.com,Santé & Bien-être,"vente, marketing, finance, santé",3,3.0,3.0
Agent de réception en gros,Dakar,2025-02-10,2025-02-01,CDD,GBGCI,goafricaonline.com,BTP & Industrie,,Non spécifié,,
Responsable Marketing Cloud de Salesforce,Dakar,2025-02-10,2025-02-01,CDD,Soeurs De La Providence De Yopougon,goafricaonline.com,ONG & Humanitaire,"marketing, vente, communication, programmation, data analyse, gestion de projet",3,3.0,3.0
Agents Commerciaux,Dakar,2025-02-10,2025-02-01,CDD,SUNDA INTERNATIONAL,goafricaonline.com,BTP & Industrie,"vente, marketing",Non spécifié,,
Administrateur Système et sécurité,Dakar,2025-02-10,2025-02-01,CDI,Fongip (Fonds De Garantie Des Investissements Prioritaires),goafricaonline.com,Administration & Services publics,"marketing, programmation, communication, finance, data analyse, rh, santé, gestion de projet",5,5.0,5.0
teleconseilers,Dakar,2025-02-10,2025-02-01,CDD,EXPAT-DAKAR.COM,goafricaonline.com,Commerce & Vente,vente,Non spécifié,,
Esthéticienne polyvalente,Dakar,2025-02-10,2025-02-01,CDD,EXPAT-DAKAR.COM,goafricaonline.com,Commerce & Vente,"vente, logistique",Non spécifié,,
Commerciaux sur Mbour,Dakar,2025-02-10,2025-02-01,CDD,EXPAT-DAKAR.COM,goafricaonline.com,Commerce & Vente,vente,Non spécifié,,
Assistante administrative Bilingue,Dakar,2025-02-10,2025-02-01,CDD,EXPAT-DAKAR.COM,goafricaonline.com,Commerce & Vente,vente,3,3.0,3.0
Coiffeur professionnel,Dakar,2025-02-10,2025-02-01,CDD,EXPAT-DAKAR.COM,goafricaonline.com,Commerce & Vente,vente,Non spécifié,,
Télé opératrice,Dakar,2025-02-10,2025-02-01,CDD,EXPAT-DAKAR.COM,goafricaonline.com,Commerce & Vente,vente,Non spécifié,,
"Toursime, Hotellerie & Restauration",Dakar,2025-02-10,2025-02-01,CDD,EXPAT-DAKAR.COM,goafricaonline.com,Commerce & Vente,vente,Non spécifié,,
Sunhome Louga,Dakar,2025-02-10,2025-02-01,CDD,EXPAT-DAKAR.COM,goafricaonline.com,Commerce & Vente,"vente, marketing",Non spécifié,,
Agent de recouvrement,Dakar,2025-02-10,2025-02-01,CDD,Fongip (Fonds De Garantie Des Investissements Prioritaires),goafricaonline.com,Administration & Services publics,"gestion de projet, vente",Non spécifié,,
Responsable Administratif et financier LOXEA,Dakar,2025-02-10,2025-02-01,CDD,CFAO Sénégal,goafricaonline.com,Commerce & Vente,"marketing, vente, finance, programmation, rh, logistique, gestion de projet",10,10.0,10.0
Commerciaux expérimentés en appels sortants,Dakar,2025-02-10,2025-02-01,CDD/CDI,INTELCIA,goafricaonline.com,Marketing & Communication,"vente, communication, gestion de projet",Non spécifié,,
AGE – Assistant(e) Gestion Relation Donateurs,Dakar,2025-02-10,2025-02-01,CDD,CHEZ ALIMA,goafricaonline.com,Commerce & Vente,"marketing, finance, communication, santé, data analyse, gestion de projet",Non spécifié,,
Commercial,Dakar,2025-02-10,2025-02-01,CDD,GPF SARL,goafricaonline.com,"Finance, Banque & Comptabilité","marketing, vente, finance, rh",Non spécifié,,
Business Developer Oil & Gas,Dakar,2025-02-10,2025-02-01,CDD,GPF SARL,goafricaonline.com,"Finance, Banque & Comptabilité",vente,Non spécifié,,
Responsable financier,Dakar,2025-02-10,2025-02-01,CDD/CDI/Stage,Msf (Moniz Da Maia Serra & Fortunato Empreiteiro),goafricaonline.com,BTP & Industrie,"finance, communication, programmation, data analyse, rh, santé, logistique, gestion de projet",2,2.0,2.0
Pizzaiolo Wanted !,Dakar,2025-02-10,2025-02-01,CDD,EXPAT-DAKAR.COM,goafricaonline.com,Commerce & Vente,vente,Non spécifié,,
TECHNICO-COMMERCIAUX (H/F) - Chimie et/ou Biochimie,Dakar,2025-02-10,2025-02-01,CDD,EXPAT-DAKAR.COM,goafricaonline.com,Commerce & Vente,"vente, marketing, communication, santé",Non spécifié,,
Assistant support technique,Dakar,2025-02-10,2025-02-01,CDD,EXPAT-DAKAR.COM,goafricaonline.com,Commerce & Vente,vente,Non spécifié,,
Assistant(e) Administratif(ve),Dakar,2025-02-10,2025-02-01,CDD,Phoenix Consulting Group Sn,goafricaonline.com,RH & Recrutement,finance,5,5.0,5.0
Gestionnaire Paie,Dakar,2025-02-10,2025-02-01,CDD,ELITE RH,goafricaonline.com,RH & Recrutement,"data analyse, rh",2,2.0,2.0
Human Resources Assistant,Dakar,2025-02-10,2025-02-01,CDD,YANGO SENEGAL,goafricaonline.com,Transport & Logistique,"vente, marketing, communication, logistique",Non spécifié,,
Programmes Coordinator,Dakar,2025-02-10,2025-02-01,CDD,SERVTEC Sénégal,goafricaonline.com,RH & Recrutement,"marketing, vente, finance, communication, data analyse, programmation, rh, santé, logistique, gestion de projet",5,5.0,5.0
Un(e) Animateur SSE- Sureté H/F,Non spécifié,2025-02-10,2025-02-01,CDD,NEEMBA TOGO,goafricaonline.com,Non spécifié,"communication, data analyse, santé, logistique",2,2.0,2.0
Assistante administrative Bilingue (Français-Anglais),Dakar,2025-02-10,2025-02-01,CDD,EXPAT-DAKAR.COM,goafricaonline.com,Commerce & Vente,vente,3,3.0,3.0
Cherche serveuse ponctuel soir,Dakar,2025-02-10,2025-02-01,CDD,EXPAT-DAKAR.COM,goafricaonline.com,Commerce & Vente,vente,Non spécifié,,
Senior law enforcement officer,Dakar,2025-02-06,2025-02-01,CDD,GIABA,goafricaonline.com,Administration & Services publics,,Non spécifié,,
2 Business Developer,Dakar,2025-02-06,2025-02-01,CDD,GRAVUPUB,goafricaonline.com,Marketing & Communication,"vente, marketing",8,8.0,8.0
3 commerciaux produits,Dakar,2025-02-06,2025-02-01,CDD,GRAVUPUB,goafricaonline.com,Marketing & Communication,"vente, marketing",3,3.0,3.0
Juriste sénior,Dakar,2025-02-06,2025-02-01,CDI,BAOBAB SENEGAL,goafricaonline.com,"Finance, Banque & Comptabilité",gestion de projet,Non spécifié,,
Responsable commercial IT,Dakar,2025-02-06,2025-02-01,CDD,INTERNATIONAL STAFFING COMPANY,goafricaonline.com,RH & Recrutement,"communication, vente",Non spécifié,,
Agent logistique,Dakar,2025-02-06,2025-02-01,CDD,URBAN CARS SENEGAL,goafricaonline.com,Transport & Logistique,"vente, communication, data analyse, logistique",2,2.0,2.0
Soutien administratif aux récompenses,Dakar,2025-02-06,2025-02-01,CDD/CDI/Stage,MSF ENGENHARIA SA,goafricaonline.com,BTP & Industrie,"communication, programmation, rh, gestion de projet",Non spécifié,,
Responsable des systèmes d’information,Dakar,2025-02-06,2025-02-01,CDD,Cetud (Conseil Excecutif Des Transports Urbains De Dakar),goafricaonline.com,Transport & Logistique,logistique,Non spécifié,,
Programme Associate,Dakar,2025-02-06,2025-02-01,CDD,UNICEF,goafricaonline.com,ONG & Humanitaire,gestion de projet,Non spécifié,,
Chef d’agence,Dakar,2025-02-06,2025-02-01,CDD,Banque Islamique Du Senegal-Bis,goafricaonline.com,"Finance, Banque & Comptabilité","finance, vente",Non spécifié,,
Chargé des opérations internationales,Dakar,2025-02-06,2025-02-01,CDD,Banque Islamique Du Senegal-Bis,goafricaonline.com,"Finance, Banque & Comptabilité",finance,0-8,0.0,8.0
Ingénieur développeur d’applications,Dakar,2025-02-06,2025-02-01,CDD,Banque Islamique Du Senegal-Bis,goafricaonline.com,"Finance, Banque & Comptabilité","programmation, gestion de projet",3-5,3.0,5.0
Développeur,Dakar,2025-02-06,2025-02-01,CDD,Banque Islamique Du Senegal-Bis,goafricaonline.com,"Finance, Banque & Comptabilité",programmation,2,2.0,2.0
Director of Engineering,Dakar,2025-02-06,2025-02-01,CDD,SERVTEC Sénégal,goafricaonline.com,RH & Recrutement,"marketing, vente, finance, communication, data analyse, programmation, rh, santé, gestion de projet",10,10.0,10.0
Responsable du bureau de gestion de projets et de l'information et de la collaboration numériques,Dakar,2025-02-06,2025-02-01,Non spécifié,MSF SARL SENEGAL,goafricaonline.com,Santé & Bien-être,"communication, programmation, data analyse, rh, gestion de projet",7,7.0,7.0
Graphiste Sport,Dakar,2025-02-06,2025-02-01,Non spécifié,CANAL + SENEGAL,goafricaonline.com,Marketing & Communication,"communication, marketing",4-7,4.0,7.0
Consultant(e) en Genre et Education (Project Women in Learning Leadership),Dakar,2025-02-06,2025-02-01,CDD,"Unesco (Organisation Des Nations Unies Pour L'Education, La Science Et La Culture)",goafricaonline.com,ONG & Humanitaire,"gestion de projet, data analyse",Non spécifié,,
Chargé.e de programme Agriculture et Alimentation Durables,Dakar,2025-02-06,2025-02-01,CDD,Grdr (Groupe De Recherche Et De Realisations Pour Le Developpement Rural),goafricaonline.com,ONG & Humanitaire,"communication, finance, programmation, gestion de projet, data analyse",3,3.0,3.0
"Chef de produit mondial, services financiers",Dakar,2025-02-06,2025-02-01,CDD,Wvi (World Vision International),goafricaonline.com,ONG & Humanitaire,,Non spécifié,,
3 chefs de produits,Dakar,2025-02-06,2025-02-01,CDD,GRAVUPUB,goafricaonline.com,Marketing & Communication,"vente, marketing",5,5.0,5.0
Responsable d’études réseaux MT/BT,Dakar,2025-02-06,2025-02-01,Non spécifié,SAGEMCOM SENEGAL,goafricaonline.com,Marketing & Communication,gestion de projet,Non spécifié,,
Conducteur polyvalent,Dakar,2025-02-06,2025-02-01,CDD,DANGOTE INDUSTRIES SENEGAL,goafricaonline.com,BTP & Industrie,"vente, finance, communication, data analyse, rh, logistique, santé, gestion de projet",2,2.0,2.0
Administrateur de cours (LnD),Dakar,2025-02-06,2025-02-01,CDD,CICR,goafricaonline.com,ONG & Humanitaire,logistique,Non spécifié,,
Responsable des partenariats avec les personnes de soutien,Dakar,2025-02-06,2025-02-01,CDD,WAVE,goafricaonline.com,"Finance, Banque & Comptabilité",finance,Non spécifié,,
Agents de prospection commerciale,Dakar,2025-02-06,2025-02-01,CDD,PREPRO SAS,goafricaonline.com,Transport & Logistique,"marketing, vente, communication",Non spécifié,,
Superviseur de pharmacie,Dakar,2025-02-06,2025-02-01,Non spécifié,MSF SARL SENEGAL,goafricaonline.com,Santé & Bien-être,"communication, data analyse, rh, santé, logistique, gestion de projet",3,3.0,3.0
Psychologue,Dakar,2025-02-06,2025-02-01,Non spécifié,MSF SARL SENEGAL,goafricaonline.com,Santé & Bien-être,"communication, programmation, rh, santé, data analyse, gestion de projet",2,2.0,2.0
Médecin,Dakar,2025-02-06,2025-02-01,Non spécifié,MSF SARL SENEGAL,goafricaonline.com,Santé & Bien-être,"communication, data analyse, programmation, rh, santé, logistique, gestion de projet",2,2.0,2.0
Responsable régional du support,Dakar,2025-02-06,2025-02-01,CDD,Gpf recrutement,goafricaonline.com,RH & Recrutement,"communication, gestion de projet",10,10.0,10.0
Assistant Administratif et Financier,Dakar,2025-02-06,2025-02-01,CDD,FALEN SOLUTION,goafricaonline.com,BTP & Industrie,"vente, marketing, logistique",7,7.0,7.0
Responsable Site de Production,Dakar,2025-02-06,2025-02-01,CDD,FALEN SOLUTION,goafricaonline.com,BTP & Industrie,"data analyse, logistique",5,5.0,5.0
Agronome,Dakar,2025-02-06,2025-02-01,CDD,FALEN SOLUTION,goafricaonline.com,BTP & Industrie,"logistique, gestion de projet",5,5.0,5.0
Développeur web,Dakar,2025-02-06,2025-02-01,CDD,PREPRO SAS,goafricaonline.com,Transport & Logistique,"vente, marketing, programmation, gestion de projet",Non spécifié,,
Responsable Commercial Distribution,Dakar,2025-02-06,2025-02-01,CDD,ELITE RH,goafricaonline.com,RH & Recrutement,vente,Non spécifié,,
Téléconseillers en prise de rendez-vous B to B,Dakar,2025-02-06,2025-02-01,CDD,PAUL & JOSE,goafricaonline.com,Marketing & Communication,vente,4,4.0,4.0
Agent de santé mentale,Dakar,2025-02-06,2025-02-01,CDD/CDI/Stage,Msf (Moniz Da Maia Serra & Fortunato Empreiteiro),goafricaonline.com,BTP & Industrie,"communication, programmation, data analyse, rh, santé, logistique, gestion de projet",2-3,2.0,3.0
Travailleur social,Dakar,2025-02-06,2025-02-01,CDD/CDI/Stage,Msf (Moniz Da Maia Serra & Fortunato Empreiteiro),goafricaonline.com,BTP & Industrie,"communication, programmation, data analyse, rh, santé, logistique, gestion de projet",2-3,2.0,3.0
Infirmier,Dakar,2025-02-06,2025-02-01,CDD/CDI/Stage,Msf (Moniz Da Maia Serra & Fortunato Empreiteiro),goafricaonline.com,BTP & Industrie,"communication, programmation, data analyse, rh, santé, logistique, gestion de projet",2,2.0,2.0
Superviseur Contrôle Qualité,Dakar,2025-02-06,2025-02-01,CDD,SUNDA INTERNATIONAL,goafricaonline.com,BTP & Industrie,communication,3,3.0,3.0
Commerciaux,Dakar,2025-02-06,2025-02-01,CDD,GPF SARL,goafricaonline.com,"Finance, Banque & Comptabilité","finance, vente, communication, rh",2,2.0,2.0
HR Business Partner,Dakar,2025-02-06,2025-02-01,Non spécifié,DELOITTE SENEGAL,goafricaonline.com,Technologie & Informatique,"data analyse, rh",Non spécifié,,
Coordonnatrice des programmes,Dakar,2025-02-06,2025-02-01,CDD,HUMAN APPEAL INTER.,goafricaonline.com,ONG & Humanitaire,gestion de projet,Non spécifié,,
RAF: Responsable Comptabilité et Administration,Non spécifié,2025-02-03,2025-02-01,CDD,Responsable administratif,goafricaonline.com,Non spécifié,"finance, rh, gestion de projet",Non spécifié,,
Architecte,Dakar,2025-02-03,2025-02-01,CDD,NOMADAW SARL,goafricaonline.com,BTP & Industrie,"communication, gestion de projet",Non spécifié,,
Coordinateur de projet,Bignona,2025-02-03,2025-02-01,CDD,NOMADAW SARL,goafricaonline.com,BTP & Industrie,"gestion de projet, communication, finance",Non spécifié,,
Technicien d’intervention client,Dakar,2025-01-30,2025-01-01,CDD,Gbg (Global Business Group),goafricaonline.com,"Finance, Banque & Comptabilité",,Non spécifié,,
Planner Instrumentation,Dakar,2025-01-30,2025-01-01,CDI,VINCI ENERGIES,goafricaonline.com,Energie & Environnement,gestion de projet,Non spécifié,,
Pointeur,Dakar,2025-01-30,2025-01-01,Non spécifié,CMA CGM SENEGAL,goafricaonline.com,Transport & Logistique,logistique,2,2.0,2.0
Coordonnateur de terrain,Thiès,2025-01-30,2025-01-01,CDD,SAMA MBEY,goafricaonline.com,ONG & Humanitaire,"vente, finance, data analyse, rh",Non spécifié,,
Commercial Conseiller en financement,Dakar,2025-01-30,2025-01-01,CDD,TOPWORK SENEGAL,goafricaonline.com,RH & Recrutement,"finance, vente",Non spécifié,,
Chef de département Marketing et Communication,Dakar,2025-01-30,2025-01-01,CDD,SIAGRO KIRENE,goafricaonline.com,Agriculture & Agroalimentaire,"marketing, vente, finance, communication, data analyse, programmation, rh, santé, gestion de projet",5,5.0,5.0
Commerciale en boutique et créatrice de contenu,Dakar,2025-01-30,2025-01-01,CDD,BELLISSIMA BAG,goafricaonline.com,Non spécifié,"vente, marketing, communication",Non spécifié,,
Agent de prospection,Dakar,2025-01-30,2025-01-01,CDD,PREPRO SAS,goafricaonline.com,Transport & Logistique,"vente, marketing, communication",Non spécifié,,
Solution Architect – Back Office,Dakar,2025-01-30,2025-01-01,CDI,BAOBAB SENEGAL,goafricaonline.com,"Finance, Banque & Comptabilité","communication, gestion de projet",Non spécifié,,
Agent Logistique (H/F),Dakar,2025-01-30,2025-01-01,CDD,EXPAT-DAKAR.COM,goafricaonline.com,Commerce & Vente,logistique,Non spécifié,,
Oukamcité avion Cuisine ménage 15jours décente,Dakar,,,CDD,EXPAT-DAKAR.COM,goafricaonline.com,Commerce & Vente,vente,Non spécifié,,
15 jour Nounou Polyvante,Dakar,2025-01-30,2025-01-01,CDD,EXPAT-DAKAR.COM,goafricaonline.com,Commerce & Vente,vente,3,3.0,3.0
Commercial,Dakar,2025-01-30,2025-01-01,CDD,EXPAT-DAKAR.COM,goafricaonline.com,Commerce & Vente,"vente, marketing, logistique",Non spécifié,,
Chauffeurs,Dakar,2025-01-30,2025-01-01,CDD,EXPAT-DAKAR.COM,goafricaonline.com,Commerce & Vente,vente,Non spécifié,,
Livreur en moto,Dakar,2025-01-30,2025-01-01,CDD,EXPAT-DAKAR.COM,goafricaonline.com,Commerce & Vente,vente,Non spécifié,,
Nounou polyvalente almadie,Dakar,2025-01-30,2025-01-01,CDD,EXPAT-DAKAR.COM,goafricaonline.com,Commerce & Vente,vente,12,12.0,12.0
Cherche une personne pour faire des lives sur Tiktok,Dakar,2025-01-30,2025-01-01,CDD,EXPAT-DAKAR.COM,goafricaonline.com,Commerce & Vente,vente,Non spécifié,,
Informaticien développeur,Dakar,2025-01-30,2025-01-01,CDD,Agence Nationale de la Statistique et de la Démographie-ANSD,goafricaonline.com,Administration & Services publics,"programmation, gestion de projet, data analyse",Non spécifié,,
Statisticien sénior,Dakar,2025-01-30,2025-01-01,CDD,Agence Nationale de la Statistique et de la Démographie-ANSD,goafricaonline.com,Administration & Services publics,"data analyse, gestion de projet",Non spécifié,,
Chef d’équipe,Dakar,2025-01-30,2025-01-01,CDD,SERVTEC Sénégal,goafricaonline.com,RH & Recrutement,,4,4.0,4.0
04 Opérateurs,Dakar,2025-01-30,2025-01-01,CDD,SERVTEC Sénégal,goafricaonline.com,RH & Recrutement,,2,2.0,2.0
SmartfleetDX Manager,Dakar,2025-01-30,2025-01-01,CDD,BIA DAKAR,goafricaonline.com,BTP & Industrie,"vente, finance, logistique, gestion de projet",5-7,5.0,7.0
Chef d’agence,Dakar,2025-01-30,2025-01-01,CDD,PROFIL SENEGAL,goafricaonline.com,RH & Recrutement,,Non spécifié,,
Ingénieur Support Technique,Dakar,2025-01-30,2025-01-01,CDD,PROFIL SENEGAL,goafricaonline.com,RH & Recrutement,finance,Non spécifié,,
Responsable de la gestion du bureau,Dakar,2025-01-30,2025-01-01,CDD,WAVE,goafricaonline.com,"Finance, Banque & Comptabilité",finance,Non spécifié,,
Partenaire principal en personnel,Dakar,2025-01-30,2025-01-01,CDD,WAVE,goafricaonline.com,"Finance, Banque & Comptabilité",finance,Non spécifié,,
Mécanicien (petit engin),Dakar,2025-01-30,2025-01-01,CDD,SERVTEC Sénégal,goafricaonline.com,RH & Recrutement,"marketing, vente, finance, communication, data analyse, programmation, rh, santé, gestion de projet",3,3.0,3.0
Plombier,Dakar,2025-01-30,2025-01-01,CDD,SERVTEC Sénégal,goafricaonline.com,RH & Recrutement,"marketing, vente, finance, communication, data analyse, programmation, rh, santé, gestion de projet",3,3.0,3.0
Topographe géomètre,Dakar,2025-01-30,2025-01-01,CDD,SERVTEC Sénégal,goafricaonline.com,RH & Recrutement,"marketing, vente, finance, communication, data analyse, programmation, rh, santé, gestion de projet",3,3.0,3.0
Magasinier,Dakar,2025-01-30,2025-01-01,CDD,SERVTEC Sénégal,goafricaonline.com,RH & Recrutement,"marketing, vente, finance, communication, data analyse, programmation, rh, santé, gestion de projet",3,3.0,3.0
Chef d’équipe (VRD),Dakar,2025-01-30,2025-01-01,CDD,SERVTEC Sénégal,goafricaonline.com,RH & Recrutement,"marketing, vente, finance, communication, data analyse, programmation, rh, santé, gestion de projet",3,3.0,3.0
(3) Chauffeurs (petits engins),Dakar,2025-01-30,2025-01-01,CDD,SERVTEC Sénégal,goafricaonline.com,RH & Recrutement,"marketing, vente, finance, communication, data analyse, programmation, rh, santé, gestion de projet",3,3.0,3.0
Responsable RH,Dakar,2025-01-30,2025-01-01,CDD,PROFIL SENEGAL,goafricaonline.com,RH & Recrutement,"rh, finance",Non spécifié,,
Gestionnaire de paie,Dakar,2025-01-30,2025-01-01,CDD,WAVE,goafricaonline.com,"Finance, Banque & Comptabilité",finance,Non spécifié,,
(08) Manœuvres jardins,Dakar,2025-01-30,2025-01-01,CDD,SERVTEC Sénégal,goafricaonline.com,RH & Recrutement,"marketing, vente, finance, communication, data analyse, programmation, rh, santé, gestion de projet",3,3.0,3.0
Juriste,Dakar,2025-01-30,2025-01-01,CDD,PROFIL SENEGAL,goafricaonline.com,RH & Recrutement,finance,5,5.0,5.0
Chargé d’affaires,Dakar,2025-01-30,2025-01-01,CDD,PROFIL SENEGAL,goafricaonline.com,RH & Recrutement,"vente, finance",Non spécifié,,
Applications Developer,Dakar,2025-01-30,2025-01-01,CDI,BAOBAB SENEGAL,goafricaonline.com,"Finance, Banque & Comptabilité","data analyse, programmation",Non spécifié,,
Contrôleur de livraison et sécurité,Dakar,2025-01-30,2025-01-01,Stage,TOTAL ENERGIES,goafricaonline.com,Transport & Logistique,"marketing, vente, finance, communication, programmation, data analyse, logistique, gestion de projet",2,2.0,2.0
Soutien administratif aux récompenses,Dakar,2025-01-30,2025-01-01,Non spécifié,MSF SARL SENEGAL,goafricaonline.com,Santé & Bien-être,"communication, programmation, rh, gestion de projet",Non spécifié,,
Stagiaire Assistant Comptable,Dakar,2025-01-30,2025-01-01,Non spécifié,Auf / Agence Universitaire De La Francophonie,goafricaonline.com,"Finance, Banque & Comptabilité","marketing, finance, programmation, communication, data analyse, rh, logistique, gestion de projet",2,2.0,2.0
DME Assistant Stagiaire Thrive,Dakar,2025-01-30,2025-01-01,CDD,Wvi (World Vision International),goafricaonline.com,ONG & Humanitaire,"gestion de projet, visualisation de données",Non spécifié,,
Stagiaire Supply chain,Dakar,2025-01-30,2025-01-01,CDD,Wvi (World Vision International),goafricaonline.com,ONG & Humanitaire,,Non spécifié,,
Conseiller régional.e Sécurité et Sureté,Dakar,2025-01-30,2025-01-01,CDD,Terre Des Hommes Lausanne,goafricaonline.com,ONG & Humanitaire,,Non spécifié,,
Nutrition Specialist,Dakar,2025-01-30,2025-01-01,CDD,UNICEF,goafricaonline.com,ONG & Humanitaire,,Non spécifié,,
Chargé de soutien pharmaceutique,Dakar,2025-01-30,2025-01-01,Non spécifié,MSF SARL SENEGAL,goafricaonline.com,Santé & Bien-être,"data analyse, santé, logistique, gestion de projet",2,2.0,2.0
jardinier mermoz,Dakar,2025-01-30,2025-01-01,CDD,EXPAT-DAKAR.COM,goafricaonline.com,Commerce & Vente,vente,Non spécifié,,
Almadie 2 sédima Nounou - Ménage - Cuisine,Dakar,2025-01-30,2025-01-01,CDD,EXPAT-DAKAR.COM,goafricaonline.com,Commerce & Vente,vente,Non spécifié,,
Téléprospecteurs/trices confirmé(e)s,Dakar,2025-01-30,2025-01-01,CDD,EXPAT-DAKAR.COM,goafricaonline.com,Commerce & Vente,"vente, finance, rh",Non spécifié,,
Caissière,Dakar,2025-01-30,2025-01-01,CDD,EXPAT-DAKAR.COM,goafricaonline.com,Commerce & Vente,vente,Non spécifié,,
Agent commercial,Dakar,2025-01-30,2025-01-01,CDD,EXPAT-DAKAR.COM,goafricaonline.com,Commerce & Vente,vente,Non spécifié,,
Chargé des Ressources Humaines,Non spécifié,,,CDD,Anpe (Agence Nationale Pour L'Emploi),goafricaonline.com,Non spécifié,"finance, vente, communication, data analyse, rh, logistique, gestion de projet",2,2.0,2.0
02 Informaticiens développeurs,Dakar,2025-01-25,2025-01-01,CDI,Agence Nationale De La Statistique Et De La Demographie - Ansd,goafricaonline.com,Administration & Services publics,"marketing, programmation, communication, finance, data analyse, rh, santé, gestion de projet",2,2.0,2.0
Statisticien sénior,Dakar,2025-01-25,2025-01-01,CDI,Agence Nationale De La Statistique Et De La Demographie - Ansd,goafricaonline.com,Administration & Services publics,"marketing, programmation, communication, finance, data analyse, rh, santé, gestion de projet",3,3.0,3.0
Air Operation Agent,Dakar,2025-01-25,2025-01-01,CDD,Dhl,goafricaonline.com,Administration & Services publics,data analyse,Non spécifié,,
Responsable des opérations du bâtiment,Dakar,2025-01-25,2025-01-01,CDD,Phoenix Consulting Group Sn,goafricaonline.com,RH & Recrutement,santé,Non spécifié,,
Responsable Commercial,Dakar,2025-01-24,2025-01-01,CDD,RMO,goafricaonline.com,RH & Recrutement,"marketing, vente, communication, gestion de projet",5,5.0,5.0
Administrateur des ventes,Dakar,2025-01-24,2025-01-01,CDD,DANGOTE INDUSTRIES SENEGAL,goafricaonline.com,BTP & Industrie,"vente, finance, communication, data analyse, rh, logistique, santé, gestion de projet",2,2.0,2.0
IT Officer,Dakar,2025-01-24,2025-01-01,CDD,DANGOTE INDUSTRIES SENEGAL,goafricaonline.com,BTP & Industrie,"vente, finance, communication, data analyse, rh, logistique, santé, gestion de projet",4,4.0,4.0
Statisticien ou économiste du commerce international,Dakar,2025-01-24,2025-01-01,CDD,United Nations Office For West Africa - Unowa,goafricaonline.com,ONG & Humanitaire,"gestion de projet, programmation",Non spécifié,,
Responsable Commercial-e,Dakar,2025-01-24,2025-01-01,CDD,GPF SARL,goafricaonline.com,RH & Recrutement,vente,Non spécifié,,
Responsable de Gestion locative – communication,Dakar,2025-01-24,2025-01-01,CDD,GPF SARL,goafricaonline.com,RH & Recrutement,"marketing, vente, finance, programmation, communication, gestion de projet",8-10,8.0,10.0
Chef de Produit Marketing,Dakar,2025-01-24,2025-01-01,CDD,PATISEN,goafricaonline.com,Agriculture & Agroalimentaire,"marketing, vente, finance, communication, data analyse, programmation, rh, santé, gestion de projet",5,5.0,5.0
Assistant comptable,Dakar,2025-01-24,2025-01-01,CDD,Esmt (Ecole Superieure Multinationale Des Telecommunications),goafricaonline.com,Education & Formation,"marketing, programmation, vente, communication, finance, santé, gestion de projet",2,2.0,2.0
Télé opérateurs (ces),Dakar,2025-01-24,2025-01-01,CDD,EXPAT-DAKAR.COM,goafricaonline.com,Commerce & Vente,vente,Non spécifié,,
Graphic Designer,Dakar,2025-01-24,2025-01-01,CDD,PREPRO SAS,goafricaonline.com,Transport & Logistique,"marketing, programmation, vente, communication, gestion de projet",Non spécifié,,
"Chargé Hygiène, Sécurité et Environnement (HSE) Junior",Dakar,2025-01-24,2025-01-01,CDD,Phoenix Consulting Group Sn,goafricaonline.com,RH & Recrutement,"communication, santé",Non spécifié,,
Conseillère en santé climat et environnement,Dakar,2025-01-24,2025-01-01,Non spécifié,MSF SARL SENEGAL,goafricaonline.com,Santé & Bien-être,"finance, vente, communication, santé, gestion de projet, data analyse",5,5.0,5.0
Ingénieur de production (Devops),Dakar,2025-01-24,2025-01-01,CDD,GLOBAL BUSINESS GROUP - GBG,goafricaonline.com,RH & Recrutement,"marketing, vente, finance, communication, programmation, data analyse, rh, santé, gestion de projet",3,3.0,3.0
Collaboration avec yango pour étre chauffeur,Dakar,2025-01-24,2025-01-01,CDD,EXPAT-DAKAR.COM,goafricaonline.com,Commerce & Vente,vente,Non spécifié,,
Service: Pressing,Dakar,2025-01-24,2025-01-01,CDD,EXPAT-DAKAR.COM,goafricaonline.com,Commerce & Vente,vente,Non spécifié,,
Cherche une cuisinière,Dakar,2025-01-24,2025-01-01,CDD,EXPAT-DAKAR.COM,goafricaonline.com,Commerce & Vente,"vente, logistique",Non spécifié,,
Auditeur,Dakar,2025-01-22,2025-01-01,CDD,HANDICAP INTERNATIONAL,goafricaonline.com,ONG & Humanitaire,,Non spécifié,,
Responsable administratif et comptable,Non spécifié,2025-01-22,2025-01-01,CDD,AMD CORPORATE,goafricaonline.com,Non spécifié,"finance, communication, gestion de projet",5,5.0,5.0
Comptable fournisseur,Dakar,2025-01-22,2025-01-01,CDD,RMO,goafricaonline.com,RH & Recrutement,"communication, gestion de projet",3-5,3.0,5.0
Cadre chargé des opérations,Dakar,2025-01-22,2025-01-01,CDD,RMO,goafricaonline.com,RH & Recrutement,"finance, rh",5-10,5.0,10.0
Cuisinier chantier,Dakar,2025-01-22,2025-01-01,CDD,GPF SARL,goafricaonline.com,RH & Recrutement,,Non spécifié,,
Business Development Representative (BDR),Dakar,2025-01-22,2025-01-01,CDD,WEBTEL,goafricaonline.com,Marketing & Communication,"vente, data analyse, marketing",Non spécifié,,
Gestionnaire de compte exploitant,Dakar,2025-01-22,2025-01-01,CDD,RMO,goafricaonline.com,RH & Recrutement,finance,3,3.0,3.0
Guichetier,Dakar,2025-01-22,2025-01-01,CDD,RMO,goafricaonline.com,RH & Recrutement,communication,Non spécifié,,
Chauffeur professionnel,Dakar,2025-01-22,2025-01-01,Stage,AGROPONIC,goafricaonline.com,Agriculture & Agroalimentaire,"vente, programmation, logistique, gestion de projet",5,5.0,5.0
Directeur Commercial,Dakar,2025-01-22,2025-01-01,CDD,Phoenix Consulting Group Sn,goafricaonline.com,RH & Recrutement,vente,Non spécifié,,
Ingénieur Réseaux et sécurité,Dakar,2025-01-22,2025-01-01,CDD,GAEL CONSEIL,goafricaonline.com,Technologie & Informatique,"vente, programmation, communication, data analyse, gestion de projet",5,5.0,5.0
Spécialiste Finances et Administration,Dakar,2025-01-22,2025-01-01,CDD,CHILD FUND SENEGAL,goafricaonline.com,ONG & Humanitaire,"finance, gestion de projet, santé",Non spécifié,,
Coordinatrice Équipe Mobile,Dakar,2025-01-22,2025-01-01,CDD,MARIE STOPES INTERNATIONALE,goafricaonline.com,Santé & Bien-être,santé,Non spécifié,,
Stage d’entreprise sur le développement web et l’IA pour les informaticiens,Dakar,2025-01-22,2025-01-01,CDD,WEBGRAM,goafricaonline.com,Technologie & Informatique,programmation,Non spécifié,,
Secrétaire de Direction Bilingue,Dakar,2025-01-22,2025-01-01,CDD,TECTRA SENEGAL,goafricaonline.com,RH & Recrutement,communication,3-5,3.0,5.0
"Commercial ( climatisation, installations techniques…)",Dakar,2025-01-22,2025-01-01,CDD,TECTRA SENEGAL,goafricaonline.com,RH & Recrutement,"vente, gestion de projet",5,5.0,5.0
Conducteur des travaux,Dakar,2025-01-22,2025-01-01,CDD,GPF SARL,goafricaonline.com,RH & Recrutement,,5,5.0,5.0
Controleur de gestion,Dakar,2025-01-21,2025-01-01,Non spécifié,Intelcia,goafricaonline.com,Marketing & Communication,"finance, communication, santé",3,3.0,3.0
Chef de section comptabilité fournisseurs,Dakar,2025-01-21,2025-01-01,Stage,TOTAL ENERGIES,goafricaonline.com,Transport & Logistique,"marketing, vente, finance, communication, data analyse, gestion de projet",2,2.0,2.0
Responsable parc automobile,Dakar,2025-01-21,2025-01-01,Stage,TOTAL ENERGIES,goafricaonline.com,Transport & Logistique,"marketing, vente, finance, communication, data analyse, gestion de projet",4,4.0,4.0
Conseiller.ère en TIC et numérique,Dakar,2025-01-21,2025-01-01,Stage,GIZ,goafricaonline.com,Administration & Services publics,gestion de projet,Non spécifié,,
Responsable parc automobile,Dakar,2025-01-21,2025-01-01,Stage,GIZ,goafricaonline.com,Administration & Services publics,finance,Non spécifié,,
Superviseur de mine,Dakar,2025-01-21,2025-01-01,CDD,ENERGIA,goafricaonline.com,RH & Recrutement,,Non spécifié,,
Chargée adjointe de suivi des programmes,Dakar,2025-01-21,2025-01-01,CDD,Unhcr (Haut Commissariat Des Nations Unies Pour Les Refugies),goafricaonline.com,ONG & Humanitaire,,Non spécifié,,
"Consultante pour le programme jeunesse, paix et sécurité",Dakar,2025-01-21,2025-01-01,CDD,United Nations Office For West Africa - Unowa,goafricaonline.com,ONG & Humanitaire,gestion de projet,Non spécifié,,
Responsable de projet,Dakar,2025-01-21,2025-01-01,CDD,FONDATION AFRIVAC,goafricaonline.com,Administration & Services publics,"programmation, finance, data analyse, santé, gestion de projet",5,5.0,5.0
Assistant (e) Achat Bilingue,Dakar,2025-01-21,2025-01-01,Non spécifié,SUNDA INTERNATIONAL,goafricaonline.com,BTP & Industrie,"marketing, vente, finance, programmation, communication, data analyse, logistique, santé, gestion de projet",8,8.0,8.0
Téléconseillers experts en prise de rendez-vous B to B,Dakar,2025-01-21,2025-01-01,CDD,Paul et José Dakar,goafricaonline.com,Marketing & Communication,"vente, marketing, communication",4,4.0,4.0
Gestionnaire des Dysfonctionnements Electriques,Dakar,2025-01-21,2025-01-01,CDD,GLOBAL BUSINESS GROUP - GBG,goafricaonline.com,RH & Recrutement,"marketing, vente, finance, communication, programmation, data analyse, rh, santé, gestion de projet",3,3.0,3.0
Conseiller Commercial,Dakar,2025-01-21,2025-01-01,CDD,Nsia assurances,goafricaonline.com,"Finance, Banque & Comptabilité","marketing, vente, communication, programmation, finance, data analyse, santé, logistique, gestion de projet",2,2.0,2.0
Responsable de communauté,Dakar,2025-01-21,2025-01-01,CDD,Kom Rod Services,goafricaonline.com,Marketing & Communication,"marketing, vente, communication",2,2.0,2.0
Chef d’atelier Mercedes,Saint-Louis,2025-01-21,2025-01-01,CDD,CFAO Sénégal,goafricaonline.com,Commerce & Vente,"marketing, vente, finance, programmation, rh, logistique, gestion de projet",10,10.0,10.0
Responsable de la planification stratégique principale,Dakar,2025-01-21,2025-01-01,CDD,United Nations Office For West Africa - Unowa,goafricaonline.com,ONG & Humanitaire,,Non spécifié,,
Responsable financier,Dakar,2025-01-21,2025-01-01,CDD,OXFAM GRANDE-BRETAGNE,goafricaonline.com,ONG & Humanitaire,"finance, programmation, vente",Non spécifié,,
Responsable QHSE,Dakar,2025-01-21,2025-01-01,CDD,Ibs (Industrie Des Boissons Du Senegal),goafricaonline.com,Transport & Logistique,"vente, marketing, communication, santé",5,5.0,5.0
Agent Administratif & Comptable Junior.,Dakar,2025-01-21,2025-01-01,CDD,GPF SARL,goafricaonline.com,RH & Recrutement,finance,Non spécifié,,
Expert.e Technique en infrastructure numérique,Dakar,2025-01-21,2025-01-01,Stage,GIZ,goafricaonline.com,Administration & Services publics,"data analyse, gestion de projet",Non spécifié,,
Comptabilité Fournisseurs,Dakar,2025-01-21,2025-01-01,Stage,TOTAL ENERGIES,goafricaonline.com,Transport & Logistique,"finance, vente",4,4.0,4.0
Chef Pâtissier,Dakar,2025-01-21,2025-01-01,CDD,ORANGE,goafricaonline.com,Marketing & Communication,"vente, communication, rh",2-3,2.0,3.0
Assistant ADV,Dakar,2025-01-21,2025-01-01,CDD,TECTRA SENEGAL,goafricaonline.com,RH & Recrutement,"vente, communication, data analyse",3,3.0,3.0
Chauffeur Coursier,Dakar,2025-01-21,2025-01-01,CDD,TECTRA SENEGAL,goafricaonline.com,RH & Recrutement,logistique,2,2.0,2.0
Ingénieur Automaticien,Dakar,2025-01-21,2025-01-01,CDI,La Laiterie Du Berger,goafricaonline.com,Agriculture & Agroalimentaire,"gestion de projet, programmation",Non spécifié,,
Nutrition Programme Manager,Dakar,2025-01-21,2025-01-01,CDD,HELEN KELLER INTERNATIONAL,goafricaonline.com,ONG & Humanitaire,"gestion de projet, santé",Non spécifié,,
Stagiaire Vendeuse & Digital,Dakar,2025-01-21,2025-01-01,CDD,TATEY CHIC,goafricaonline.com,Commerce & Vente,"vente, communication, finance, programmation, marketing, santé, gestion de projet",3,3.0,3.0
Agent de Transit,Dakar,2025-01-21,2025-01-01,CDD,TOPWORK SENEGAL,goafricaonline.com,RH & Recrutement,"finance, logistique, data analyse",Non spécifié,,
Chef Pâtissier,Dakar,2025-01-21,2025-01-01,CDD,LA MEDINE,goafricaonline.com,Commerce & Vente,communication,Non spécifié,,
Assistant(e) Gestion Relation Donateurs,Dakar,2025-01-21,2025-01-01,CDD,ALIMA,goafricaonline.com,Administration & Services publics,"marketing, finance, communication, data analyse",Non spécifié,,
Chargée de préparation et de déplacements,Dakar,2025-01-21,2025-01-01,Non spécifié,MSF SARL SENEGAL,goafricaonline.com,Santé & Bien-être,"communication, rh, data analyse",3,3.0,3.0
Gestionnaire de profils,Dakar,2025-01-21,2025-01-01,Non spécifié,MSF SARL SENEGAL,goafricaonline.com,Santé & Bien-être,"communication, data analyse, rh, santé, gestion de projet",3,3.0,3.0
Secrétaire juridique,Dakar,2025-01-21,2025-01-01,CDD,TOPWORK SENEGAL,goafricaonline.com,RH & Recrutement,,3,3.0,3.0
Directeur administratif et financier adjoint,Dakar,2025-01-21,2025-01-01,CDD,TOPWORK SENEGAL,goafricaonline.com,RH & Recrutement,finance,4,4.0,4.0
Gestionnaire ESG & Impact (Fonds de Fonds),Dakar,2025-01-21,2025-01-01,CDD,I&P (Investisseurs & Partenaires),goafricaonline.com,"Finance, Banque & Comptabilité","vente, finance, communication, programmation, data analyse, rh, gestion de projet",4,4.0,4.0
Coiffeuse Spécialisée dans les Locks et Cheveux Afro,Dakar,2025-01-21,2025-01-01,CDD,EXPAT-DAKAR.COM,goafricaonline.com,Commerce & Vente,vente,Non spécifié,,
Commerciaux,Dakar,2025-01-21,2025-01-01,CDD,EXPAT-DAKAR.COM,goafricaonline.com,Commerce & Vente,"vente, communication",Non spécifié,,
commercial en fret maritime,Dakar,2025-01-21,2025-01-01,CDD,EXPAT-DAKAR.COM,goafricaonline.com,Commerce & Vente,"vente, logistique",Non spécifié,,
Nettoyage et entretien,Dakar,2025-01-21,2025-01-01,CDD,EXPAT-DAKAR.COM,goafricaonline.com,Commerce & Vente,,Non spécifié,,
téléconseiller,Dakar,2025-01-21,2025-01-01,CDD,EXPAT-DAKAR.COM,goafricaonline.com,Commerce & Vente,vente,Non spécifié,,
maitresse crèche,Dakar,,,CDD,EXPAT-DAKAR.COM,goafricaonline.com,Commerce & Vente,vente,Non spécifié,,
Formation Professionnelle aux Métiers des Industries Agro-alimentaires,Dakar,2025-01-21,2025-01-01,CDD,CSFP IAA,goafricaonline.com,Agriculture & Agroalimentaire,,3,3.0,3.0
Responsable Supply Chain,Dakar,2025-01-21,2025-01-01,CDD,CLUB TIOSSANE,goafricaonline.com,Transport & Logistique,,Non spécifié,,
Comptable,Dakar,2025-01-21,2025-01-01,CDD,TOPWORK SENEGAL,goafricaonline.com,Transport & Logistique,"finance, vente, data analyse",2,2.0,2.0
Métreur,Dakar,2025-01-21,2025-01-01,CDD,Flow Consulting Holding,goafricaonline.com,RH & Recrutement,"rh, gestion de projet",5,5.0,5.0
Responsable du Mécanisme de Petites Subventions,Dakar,2025-01-21,2025-01-01,CDD,Wvi (World Vision International),goafricaonline.com,ONG & Humanitaire,"finance, data analyse",Non spécifié,,
"Conseiller GESI/DEIA, Projet Or +",Dakar,2025-01-21,2025-01-01,CDD,Wvi (World Vision International),goafricaonline.com,ONG & Humanitaire,gestion de projet,Non spécifié,,
Coordonnatrice de la recherche opérationnelle,Dakar,2025-01-21,2025-01-01,Non spécifié,MSF SARL SENEGAL,goafricaonline.com,Santé & Bien-être,"communication, programmation, santé, gestion de projet, data analyse",Non spécifié,,
Agent de préparation et de déplacement – ​​PTO 6,Dakar,2025-01-21,2025-01-01,Non spécifié,MSF SARL SENEGAL,goafricaonline.com,Santé & Bien-être,"communication, rh, data analyse",3,3.0,3.0
Responsable de communauté,Dakar,2025-01-21,2025-01-01,CDI,Agence Nationale de la Statistique et de la Démographie-ANSD,goafricaonline.com,Administration & Services publics,"marketing, programmation, communication, finance, data analyse, rh, santé, gestion de projet",3,3.0,3.0
Conducteur des travaux,Dakar,2025-01-21,2025-01-01,CDD,Gpf recrutement,goafricaonline.com,RH & Recrutement,,5,5.0,5.0
Conseillers commerciaux,Dakar,2025-01-21,2025-01-01,CDD,KALIMO CONSULTING GROUP,goafricaonline.com,BTP & Industrie,"marketing, vente, communication, programmation, gestion de projet",2,2.0,2.0
01 Chargée Clientèle très à l’aise sur Excel,Dakar,2025-01-16,2025-01-01,CDD,SUNDA INTERNATIONAL,goafricaonline.com,BTP & Industrie,"vente, marketing, communication, logistique",Non spécifié,,
Développeur Front-end Angular,Dakar,2025-01-16,2025-01-01,CDD,CARRIERE 360,goafricaonline.com,RH & Recrutement,"communication, programmation",Non spécifié,,
Spécialiste en communication digitale et marketing digital,Dakar,2025-01-16,2025-01-01,CDD,UNICEF,goafricaonline.com,ONG & Humanitaire,communication,Non spécifié,,
Directeur des finances et de l'administration,Dakar,2025-01-16,2025-01-01,CDI,La Laiterie Du Berger,goafricaonline.com,Agriculture & Agroalimentaire,"finance, gestion de projet",5,5.0,5.0
Chargé(e) CRM (Gestion de la Relation Client),Dakar,2025-01-16,2025-01-01,CDI,La Laiterie Du Berger,goafricaonline.com,Agriculture & Agroalimentaire,"marketing, vente, communication",Non spécifié,,
Directeur des Opérations de KOSSAM,Dakar,2025-01-16,2025-01-01,CDI,La Laiterie Du Berger,goafricaonline.com,Agriculture & Agroalimentaire,data analyse,Non spécifié,,
Country Manager H/F (Contrat de Prestation de Services),Dakar,2025-01-16,2025-01-01,CDI,La Laiterie Du Berger,goafricaonline.com,Agriculture & Agroalimentaire,"gestion de projet, vente",10,10.0,10.0
Finance Assistant,Dakar,2025-01-16,2025-01-01,Non spécifié,ABT ASSOCIATES INC,goafricaonline.com,Santé & Bien-être,"vente, finance, logistique, gestion de projet",Non spécifié,,
100 Manœuvres,Dakar,2025-01-16,2025-01-01,CDD,TOPWORK SENEGAL,goafricaonline.com,RH & Recrutement,,Non spécifié,,
Gérant / Directeur d’Hôtel,Dakar,2025-01-16,2025-01-01,CDD,GPF SARL,goafricaonline.com,RH & Recrutement,vente,5,5.0,5.0
Cuisinière,Dakar,2025-01-16,2025-01-01,CDD,Cabinet E-RH Consulting,goafricaonline.com,RH & Recrutement,rh,Non spécifié,,
Téléprospecteurs,Dakar,2025-01-16,2025-01-01,CDD,Trivium Center,goafricaonline.com,Marketing & Communication,"marketing, communication",Non spécifié,,
Hôtesse d’acceuil / Responsable qualité service,Dakar,2025-01-16,2025-01-01,CDD,GPF SARL,goafricaonline.com,RH & Recrutement,,Non spécifié,,
Coordinateur.rice des centres adjoint.e,Dakar,2025-01-16,2025-01-01,CDD,CONSORTIUM JEUNESSE SENEGAL,goafricaonline.com,Administration & Services publics,"communication, programmation, finance, data analyse, rh, santé, logistique, gestion de projet",3,3.0,3.0
Traducteur/Traductrice Chinois(e) (Mandarin),Dakar,2025-01-16,2025-01-01,CDD,EXPAT-DAKAR.COM,goafricaonline.com,Commerce & Vente,"communication, gestion de projet",Non spécifié,,
Recrutement d'agent commercial,Dakar,2025-01-16,2025-01-01,CDD,EXPAT-DAKAR.COM,goafricaonline.com,Commerce & Vente,vente,Non spécifié,,
Comptable,Dakar,2025-01-16,2025-01-01,CDD,EXPAT-DAKAR.COM,goafricaonline.com,Commerce & Vente,"vente, logistique",Non spécifié,,
Technicien en réseau informatique,Dakar,2025-01-16,2025-01-01,CDD,EXPAT-DAKAR.COM,goafricaonline.com,Commerce & Vente,vente,Non spécifié,,
Assistant (e) Chargé (e) de Projet C19RM,Dakar,2025-01-16,2025-01-01,CDD,PLAN INTERNATIONAL SENEGAL,goafricaonline.com,ONG & Humanitaire,,Non spécifié,,
Directeur(trice) Finances et Développement Commercial,Non spécifié,2025-01-16,2025-01-01,CDD,AMD CORPORATE,goafricaonline.com,Non spécifié,"marketing, vente, finance, communication, data analyse, programmation, rh, santé, gestion de projet",3,3.0,3.0
15 vendeurs pour le canal gros,Dakar,2025-01-16,2025-01-01,CDD,PATISEN,goafricaonline.com,Agriculture & Agroalimentaire,vente,2,2.0,2.0
Agents commerciaux spécialisés dans les produits de quincaillerie,Dakar,2025-01-16,2025-01-01,CDD,SUNDA INTERNATIONAL,goafricaonline.com,BTP & Industrie,"communication, vente",Non spécifié,,
"Usine Bène Tally, marché guelaro Cantine B13",Dakar,2025-01-16,2025-01-01,CDD/CDI,Dji Na Rafete Couture - Drc,goafricaonline.com,BTP & Industrie,,Non spécifié,,
Commerciaux Sédentaires Experts en Prise de RDV B to B,Dakar,2025-01-16,2025-01-01,CDD,Paul et José Dakar,goafricaonline.com,Marketing & Communication,"vente, marketing, communication",4,4.0,4.0
Spécialiste en communication,Dakar,2025-01-16,2025-01-01,CDD,UNICEF,goafricaonline.com,ONG & Humanitaire,,Non spécifié,,
Délégué médical,Dakar,2025-01-16,2025-01-01,Non spécifié,Societe De Promotion Immobiliere Et De Loisirs-Spil Sarl,goafricaonline.com,BTP & Industrie,"communication, programmation, logistique, santé, gestion de projet",3,3.0,3.0
Gender Specialist,Dakar,2025-01-16,2025-01-01,CDI,La Laiterie Du Berger,goafricaonline.com,Agriculture & Agroalimentaire,finance,Non spécifié,,
Agent commercial B2B,Dakar,2025-01-16,2025-01-01,Stage,GRAZEINA TECHNOLOGIES,goafricaonline.com,Sécurité,"marketing, vente, communication, programmation, rh, logistique",2,2.0,2.0
Formatrice pour un institut islamique,Dakar,2025-01-14,2025-01-01,CDD,TOUBA OIL SA,goafricaonline.com,Energie & Environnement,"vente, marketing, communication",2,2.0,2.0
Directeur D'Hôtel (H/F),Dakar,2025-01-14,2025-01-01,CDD,Tectra Sénégal (Dakar),goafricaonline.com,RH & Recrutement,"marketing, vente",Non spécifié,,
Commercial,Dakar,2025-01-14,2025-01-01,CDD,CARRIERE 360,goafricaonline.com,RH & Recrutement,"vente, communication, programmation",Non spécifié,,
Secrétaire Juridique Bilingue,Dakar,2025-01-14,2025-01-01,CDD,TOPWORK SENEGAL,goafricaonline.com,RH & Recrutement,,3,3.0,3.0
Spécialiste en plaidoyer régional,Dakar,2025-01-14,2025-01-01,CDD/CDI,Dji Na Rafete Couture - Drc,goafricaonline.com,BTP & Industrie,,Non spécifié,,
Assistante de Direction,Dakar,2025-01-14,2025-01-01,CDD,GLOBAL BUSINESS GROUP - GBG,goafricaonline.com,RH & Recrutement,"marketing, vente, finance, communication, data analyse, programmation, rh, santé, gestion de projet",3,3.0,3.0
Conseiller principal d’éducation (CPE),Dakar,2025-01-14,2025-01-01,CDD,ECOLE ALOYS KOBES,goafricaonline.com,RH & Recrutement,"marketing, vente, finance, communication, data analyse, programmation, rh, santé, gestion de projet",3,3.0,3.0
MEL Officer,Dakar,2025-01-14,2025-01-01,CDD,Wvi (World Vision International),goafricaonline.com,ONG & Humanitaire,"data analyse, gestion de projet",Non spécifié,,
Sponsorship Assistant Stagiaire,Dakar,2025-01-14,2025-01-01,CDD,Wvi (World Vision International),goafricaonline.com,ONG & Humanitaire,"communication, data analyse",Non spécifié,,
"Chargée de Suivi Evaluation & Apprentissage, Projet Gold + / Kolda",Dakar,2025-01-14,2025-01-01,CDD,Wvi (World Vision International),goafricaonline.com,ONG & Humanitaire,"data analyse, gestion de projet",Non spécifié,,
Assistant technique,Dakar,2025-01-14,2025-01-01,CDD,INTRAHEALTH INTERNATIONAL SENEGAL,goafricaonline.com,ONG & Humanitaire,"finance, santé",Non spécifié,,
Enseignant(e) expérimenté(e) et bilingue en maternelle,Dakar,2025-01-14,2025-01-01,CDD,IQRA BILINGUAL ACADEMY,goafricaonline.com,Education & Formation,"marketing, programmation, vente, communication, finance, santé, gestion de projet",3,3.0,3.0
Assistant(e) pour projet de création d'application no-code,Dakar,2025-01-14,2025-01-01,CDD,EXPAT - DAKAR,goafricaonline.com,Commerce & Vente,"communication, programmation, gestion de projet",Non spécifié,,
Livreur / vehiculé,Dakar,2025-01-14,2025-01-01,CDD,EXPAT - DAKAR,goafricaonline.com,Commerce & Vente,"vente, logistique",Non spécifié,,
téléconseillers,Dakar,2025-01-14,2025-01-01,CDD,EXPAT - DAKAR,goafricaonline.com,Commerce & Vente,"vente, logistique",Non spécifié,,
Recrutement livreur,Dakar,2025-01-14,2025-01-01,CDD,EXPAT - DAKAR,goafricaonline.com,Commerce & Vente,"vente, communication",Non spécifié,,
omptables,Dakar,2025-01-14,2025-01-01,CDD,EXPAT - DAKAR,goafricaonline.com,Commerce & Vente,"vente, logistique",Non spécifié,,
Nettoyage cuisine,Dakar,2025-01-14,2025-01-01,CDD,EXPAT - DAKAR,goafricaonline.com,Commerce & Vente,"vente, logistique",Non spécifié,,
Commercial(e) professionnel(le) sédentaire,Dakar,2025-01-14,2025-01-01,CDD,EXPAT - DAKAR,goafricaonline.com,Commerce & Vente,vente,Non spécifié,,
Femme de ménage,Dakar,2025-01-14,2025-01-01,CDD,EXPAT - DAKAR,goafricaonline.com,Commerce & Vente,"vente, logistique",Non spécifié,,
Agriculteur,Dakar,2025-01-10,2025-01-01,CDD,DAKAR SCIENCE PO,goafricaonline.com,Education & Formation,"marketing, programmation, vente, communication, finance, santé, gestion de projet",2,2.0,2.0
Responsable de la chaîne d'approvisionnement,Dakar,2025-01-10,2025-01-01,CDD,Wvi (World Vision International),goafricaonline.com,ONG & Humanitaire,,Non spécifié,,
Spécialiste en urgence,Dakar,2025-01-10,2025-01-01,CDD,UNICEF,goafricaonline.com,ONG & Humanitaire,programmation,Non spécifié,,
Secrétaire Exécutif,Dakar,2025-01-10,2025-01-01,CDD,Conseil Pour Le Developpement De La Recherche En Sciences Sociales En Afrique - Codesria,goafricaonline.com,ONG & Humanitaire,,Non spécifié,,
Chef régional des programmes et de la planification,Dakar,2025-01-10,2025-01-01,CDD,UNICEF,goafricaonline.com,ONG & Humanitaire,programmation,Non spécifié,,
Stagiaire en Création et Gestion de Base de Données,Dakar,2025-01-10,2025-01-01,CDD,PFONGUE,goafricaonline.com,ONG & Humanitaire,"data analyse, gestion de projet",Non spécifié,,
Stagiaire en Production Cartographique,Dakar,2025-01-10,2025-01-01,CDD,PFONGUE,goafricaonline.com,ONG & Humanitaire,"visualisation de données, communication, data analyse, gestion de projet",Non spécifié,,
Responsable Ingénierie & Qualité,Dakar,2025-01-10,2025-01-01,CDI,ERAMET,goafricaonline.com,BTP & Industrie,gestion de projet,Non spécifié,,
Superviseur construction EC&I,Dakar,2025-01-10,2025-01-01,CDI,ERAMET,goafricaonline.com,BTP & Industrie,gestion de projet,Non spécifié,,
Superviseur Électrique & Directeur Adjoint de la Construction,Dakar,2025-01-10,2025-01-01,CDI,ERAMET,goafricaonline.com,BTP & Industrie,gestion de projet,Non spécifié,,
Responsable Relations Produits,Dakar,2025-01-10,2025-01-01,CDD,WAVE,goafricaonline.com,"Finance, Banque & Comptabilité",finance,Non spécifié,,
Responsable informatique,Dakar,2025-01-10,2025-01-01,CDD,WAVE,goafricaonline.com,"Finance, Banque & Comptabilité",finance,Non spécifié,,
Responsable de la sécurité financière,Dakar,2025-01-10,2025-01-01,CDD,WAVE,goafricaonline.com,"Finance, Banque & Comptabilité",finance,Non spécifié,,
Directeur du développement durable,Dakar,2025-01-10,2025-01-01,CDI,ERAMET,goafricaonline.com,BTP & Industrie,gestion de projet,Non spécifié,,
Coiffeuse Professionnelle,Dakar,2025-01-10,2025-01-01,CDD,LOCKS DAKAR,goafricaonline.com,Santé & Bien-être,vente,Non spécifié,,
Spécialiste en automatisation de zone – Stage,Dakar,2025-01-10,2025-01-01,CDD,MAERSK SENEGAL,goafricaonline.com,Transport & Logistique,"programmation, vente, communication, finance, data analyse, rh, logistique, santé, gestion de projet",2,2.0,2.0
Spécialiste principal de l'industrie,Dakar,2025-01-10,2025-01-01,CDD,Ifc/ Senegal (Institut De Formation Des Conseillers En Organisations),goafricaonline.com,Education & Formation,"marketing, programmation, vente, communication, finance, santé, gestion de projet",2,2.0,2.0
Agents d'ouverture,Dakar,2025-01-10,2025-01-01,CDD,GPF SARL,goafricaonline.com,RH & Recrutement,vente,Non spécifié,,
Technicien evenementiel,Dakar,2025-01-10,2025-01-01,CDD,GPF SARL,goafricaonline.com,RH & Recrutement,"marketing, vente, finance, communication, data analyse, programmation, rh, santé, logistique, gestion de projet",3,3.0,3.0
Superviseur,Dakar,2025-01-10,2025-01-01,CDD,GLOBAL BUSINESS GROUP - GBG,goafricaonline.com,RH & Recrutement,"marketing, vente, finance, communication, data analyse, programmation, rh, santé, gestion de projet",3,3.0,3.0
Spécialiste en communication digitale et marketing digital,Dakar,2025-01-10,2025-01-01,Stage,GIZ,goafricaonline.com,Administration & Services publics,"gestion de projet, programmation",Non spécifié,,
Technicien Supérieur en Génie Civil,Dakar,2025-01-10,2025-01-01,CDD,TOPWORK SENEGAL,goafricaonline.com,RH & Recrutement,gestion de projet,5,5.0,5.0
Responsable des systèmes d’information,Dakar,2025-01-10,2025-01-01,CDD,Cetud (Conseil Executif Transports Urbains De Dakar),goafricaonline.com,Transport & Logistique,"programmation, vente, communication, finance, data analyse, rh, logistique, santé, gestion de projet",2,2.0,2.0
Responsable adjointe juridique,Dakar,2025-01-10,2025-01-01,CDD,TOPWORK SENEGAL,goafricaonline.com,RH & Recrutement,,Non spécifié,,
Responsable commercial bilingue,Dakar,2025-01-10,2025-01-01,CDD,GLOBAL BUSINESS GROUP - GBG,goafricaonline.com,RH & Recrutement,"marketing, vente, finance, communication, data analyse, programmation, rh, santé, gestion de projet",5,5.0,5.0
Commercial HORECA (CHR) et Pharmacies,Dakar,2025-01-10,2025-01-01,CDD,GLOBAL BUSINESS GROUP - GBG,goafricaonline.com,RH & Recrutement,"marketing, vente, finance, communication, data analyse, programmation, rh, santé, gestion de projet",2,2.0,2.0
Assistant-e RH/ Gestionnaire de bureau,Dakar,2025-01-10,2025-01-01,CDD,YASSIR SENEGAL,goafricaonline.com,Transport & Logistique,"programmation, vente, communication, finance, data analyse, rh, logistique, santé, gestion de projet",Non spécifié,,
Spécialiste en purification DS / Ingénieur (MSAT),Dakar,2025-01-10,2025-01-01,CDD,Institut Pasteur De Dakar,goafricaonline.com,Santé & Bien-être,"vente, communication, programmation, finance, data analyse, santé, logistique, gestion de projet",6,6.0,6.0
Géomètre – métreur,Dakar,2025-01-10,2025-01-01,CDD,Flow Consulting Holding,goafricaonline.com,RH & Recrutement,"rh, gestion de projet",5,5.0,5.0
Assistant administratif,Dakar,2025-01-10,2025-01-01,CDD,Flow Consulting Holding,goafricaonline.com,RH & Recrutement,"communication, rh, gestion de projet",2,2.0,2.0
Ingénieur de chantier,Dakar,2025-01-10,2025-01-01,CDD,Flow Consulting Holding,goafricaonline.com,RH & Recrutement,"communication, rh, gestion de projet",5,5.0,5.0
Formateurs expérimentés,Non spécifié,2025-01-10,2025-01-01,CDD,AMD CORPORATE,goafricaonline.com,Non spécifié,"marketing, communication, rh, gestion de projet",5,5.0,5.0
Gouvernant d’étages,Dakar,2025-01-10,2025-01-01,Non spécifié,HOTEL TERROU BI,goafricaonline.com,Tourisme & Hôtellerie,communication,2,2.0,2.0
Ingénieur mécanique,Dakar,2025-01-10,2025-01-01,CDD,Flow Consulting Holding,goafricaonline.com,RH & Recrutement,,Non spécifié,,
Gouvernante pour particulier,Dakar,2025-01-10,2025-01-01,CDD,Dakar Home Care,goafricaonline.com,RH & Recrutement,,Non spécifié,,
Télévendeur Expérimenté,Dakar,2025-01-10,2025-01-01,CDD,AGENCE HYBRIDE,goafricaonline.com,RH & Recrutement,"vente, communication, rh",Non spécifié,,
Chargé Marketing et Management,Dakar,2025-01-07,2025-01-01,CDD,EAZY-VISA,goafricaonline.com,Education & Formation,"marketing, vente, finance, communication, programmation, rh, gestion de projet",2,2.0,2.0
Pilote SAV,Dakar,2025-01-07,2025-01-01,CDD,GLOBAL BUSINESS GROUP - GBG,goafricaonline.com,"Finance, Banque & Comptabilité",,Non spécifié,,
Superviseur logistique,Dakar,2025-01-07,2025-01-01,CDD/CDI/Stage,MSF ENGENHARIA SA,goafricaonline.com,BTP & Industrie,"communication, programmation, rh, santé, logistique, gestion de projet",5,5.0,5.0
Conseiller en nutrition sportive,Dakar,2025-01-07,2025-01-01,CDD,PHARMACIE GUIGON,goafricaonline.com,Santé & Bien-être,"vente, santé",2,2.0,2.0
Conseiller Commercial en Vente,Dakar,2025-01-07,2025-01-01,CDD,EAZY-VISA,goafricaonline.com,Education & Formation,"marketing, vente, finance, communication, programmation, rh, gestion de projet",2,2.0,2.0
Pharmacien assistant,Dakar,2025-01-07,2025-01-01,CDD,PHARMACIE GUIGON,goafricaonline.com,Santé & Bien-être,"vente, santé",Non spécifié,,
Expert en formation associé,Dakar,2025-01-03,2025-01-01,CDD,"Unesco (Organisation Des Nations Unies Pour L'Education, La Science Et La Culture)",goafricaonline.com,ONG & Humanitaire,"communication, data analyse, programmation, santé, gestion de projet",Non spécifié,,
Chef de projet énergies renouvelables,Dakar,2025-01-03,2025-01-01,CDD,Gbg (Global Business Group),goafricaonline.com,"Finance, Banque & Comptabilité","finance, gestion de projet",Non spécifié,,
"Communication/ Advocacy Officer, Projet Gold +",Thiès,2025-01-03,2025-01-01,CDD,Wvi (World Vision International),goafricaonline.com,ONG & Humanitaire,"marketing, communication",Non spécifié,,
Associate Training Expert,Dakar,2025-01-03,2025-01-01,CDD,"Unesco (Organisation Des Nations Unies Pour L'Education, La Science Et La Culture)",goafricaonline.com,ONG & Humanitaire,"communication, data analyse, programmation, santé, gestion de projet",Non spécifié,,
AML Transaction Monitoring Analyst,Dakar,2025-01-03,2025-01-01,CDD,WAVE,goafricaonline.com,"Finance, Banque & Comptabilité",finance,Non spécifié,,
Conseillère régionale Adolescence et Jeunesse,Dakar,2025-01-03,2025-01-01,CDD,UNICEF,goafricaonline.com,ONG & Humanitaire,programmation,Non spécifié,,
Attaché commercial de zone,Dakar,2025-01-03,2025-01-01,Stage,VIVO ENERGY,goafricaonline.com,Transport & Logistique,"marketing, vente, finance, communication, data analyse, gestion de projet",2,2.0,2.0
Analyste de la surveillance des transactions AML,Dakar,2025-01-03,2025-01-01,CDD/CDI,Vague d'Or,goafricaonline.com,Commerce & Vente,"communication, finance, gestion de projet",2,2.0,2.0
"Expert, Technical Service (E&A)",Dakar,2025-01-03,2025-01-01,Non spécifié,Wartsila West Africa Sa,goafricaonline.com,BTP & Industrie,,Non spécifié,,
Secrétaire standardiste,Non spécifié,2025-01-03,2025-01-01,CDD,AMD CORPORATE,goafricaonline.com,Non spécifié,non spécifié,Non spécifié,,
Regional Chief of Programme & Planning,Dakar,2025-01-03,2025-01-01,CDD,UNICEF,goafricaonline.com,ONG & Humanitaire,programmation,Non spécifié,,
Bilingual HR Supervisor,Dakar,2025-01-03,2025-01-01,CDD,GPF SARL,goafricaonline.com,RH & Recrutement,rh,Non spécifié,,
Technicien(ne) Sénior en Maintenance d’Imprimantes,Dakar,,,CDD,ELITE RH,goafricaonline.com,RH & Recrutement,communication,5,5.0,5.0
Superviseur RH bilingue,Dakar,2025-01-03,2025-01-01,CDD,GPF SARL,goafricaonline.com,RH & Recrutement,rh,Non spécifié,,
Stagiaire IT,Dakar,2025-01-03,2025-01-01,CDD/CDI,Dji Na Rafete Couture - Drc,goafricaonline.com,BTP & Industrie,,Non spécifié,,
Conseille (ère) en renforcement des capacités / conformité aux subventions,Dakar,2025-01-03,2025-01-01,CDD,Wvi (World Vision International),goafricaonline.com,ONG & Humanitaire,"rh, gestion de projet",Non spécifié,,
Manager régional,Dakar,2025-01-03,2025-01-01,CDD,Wvi (World Vision International),goafricaonline.com,ONG & Humanitaire,gestion de projet,Non spécifié,,
Developpeur Front End ou Back End,Dakar,2025-01-03,2025-01-01,CDD,DACCORD SITUATION,goafricaonline.com,Marketing & Communication,"marketing, programmation, gestion de projet",Non spécifié,,
Chargé(e) CRM (Customer Relationship Management),Dakar,2025-01-03,2025-01-01,CDI,LAITERIE DU BERGER,goafricaonline.com,Agriculture & Agroalimentaire,"marketing, vente, communication",Non spécifié,,
Commercial Sénior Sédentaire Produit Métallurgiques et Aciers,Dakar,2025-01-03,2025-01-01,CDD,SERVTEC Sénégal,goafricaonline.com,RH & Recrutement,"marketing, vente, finance, communication, data analyse, programmation, rh, santé, gestion de projet",3,3.0,3.0
Responsable Commercial Parc à Fer,Dakar,2025-01-03,2025-01-01,CDD,SERVTEC Sénégal,goafricaonline.com,RH & Recrutement,"marketing, vente, finance, communication, data analyse, programmation, rh, santé, gestion de projet",3,3.0,3.0
Stagiaire Responsable pédagogique,Dakar,2025-01-03,2025-01-01,CDD,ESEM AFRIQUE,goafricaonline.com,Education & Formation,"marketing, programmation, vente, communication, finance, santé, gestion de projet",2,2.0,2.0
Commercial(e) VIP,Dakar,2025-01-03,2025-01-01,Non spécifié,NETSYSTEME,goafricaonline.com,Marketing & Communication,"vente, communication",Non spécifié,,
Technicien polyvalent froid & climatisation,Dakar,2025-01-03,2025-01-01,Stage,SATED SUARL,goafricaonline.com,Sécurité,"marketing, vente, communication, rh, logistique",2,2.0,2.0
Market Operations Analyst,Dakar,2025-01-03,2025-01-01,CDD,CITI SENEGAL,goafricaonline.com,"Finance, Banque & Comptabilité","vente, finance, communication, programmation, data analyse, rh, gestion de projet",2-4,2.0,4.0
Assistant comptable trésorier,Dakar,2025-01-03,2025-01-01,CDD,ECO AFRIQUE,goafricaonline.com,"Finance, Banque & Comptabilité",finance,Non spécifié,,
Responsable du réseau de prestataires (secteur médical/assurances),Dakar,2025-01-03,2025-01-01,CDD,INTERNATIONAL STAFFING COMPANY,goafricaonline.com,RH & Recrutement,santé,Non spécifié,,
Assistant opérations,Dakar,2025-01-03,2025-01-01,CDD,TOSTAN,goafricaonline.com,ONG & Humanitaire,logistique,Non spécifié,,
Responsable de la prestation de services,Dakar,2025-01-03,2025-01-01,CDD,CFAO EQUIPEMENT,goafricaonline.com,BTP & Industrie,"vente, communication, finance, data analyse, programmation, logistique, gestion de projet",2,2.0,2.0
Directeur régional des finances,Dakar,2025-01-03,2025-01-01,CDD,PLAN INTERNATIONAL SENEGAL,goafricaonline.com,ONG & Humanitaire,finance,Non spécifié,,
Consultant·e Expert·e TICE et Technopédagogie,Dakar,2025-01-03,2025-01-01,CDD,"Unesco (Organisation Des Nations Unies Pour L'Education, La Science Et La Culture)",goafricaonline.com,ONG & Humanitaire,"communication, data analyse, programmation, gestion de projet",Non spécifié,,
Consultante principale en partenariat et mobilisation des ressources,Dakar,2025-01-03,2025-01-01,CDD,"Unesco (Organisation Des Nations Unies Pour L'Education, La Science Et La Culture)",goafricaonline.com,ONG & Humanitaire,"visualisation de données, communication, programmation, finance, data analyse, gestion de projet",15,15.0,15.0
Conseillère régionale Adolescence et Jeunesse,Dakar,2025-01-03,2025-01-01,CDD,"Unesco (Organisation Des Nations Unies Pour L'Education, La Science Et La Culture)",goafricaonline.com,ONG & Humanitaire,programmation,Non spécifié,,
Auditeur interne,Dakar,2025-01-03,2025-01-01,CDD,WAVE,goafricaonline.com,"Finance, Banque & Comptabilité",finance,Non spécifié,,
Hôtesse d’accueil,Dakar,2025-01-03,2025-01-01,Non spécifié,HOTEL TERROU BI,goafricaonline.com,Tourisme & Hôtellerie,communication,Non spécifié,,
Consultant(e) en Communication,Dakar,2025-01-03,2025-01-01,CDD,CHEZ ALIMA,goafricaonline.com,Commerce & Vente,"communication, finance, programmation, santé, gestion de projet",3,3.0,3.0
Chauffeur,Dakar,2025-01-03,2025-01-01,CDD,Pnud (Programme Des Nations Unies Pour Le Developpement),goafricaonline.com,ONG & Humanitaire,logistique,Non spécifié,,
Agent de Comptoir Polyvalent – Billetterie & Forfaits Touristiques,Dakar,2024-12-18,2024-12-01,Non spécifié,TRIPAFRO,goafricaonline.com,Tourisme & Hôtellerie,"vente, finance, rh, data analyse, logistique, gestion de projet",2,2.0,2.0
Chargé Ressources Humaines / Juridique Afrique F/H,Dakar,,,CDD,FONDATION MERIEUX,goafricaonline.com,ONG & Humanitaire,"finance, rh, santé",Non spécifié,,
Animateur/trice Culturel et Accompagnant Voyage & Excursions,Dakar,2024-12-18,2024-12-01,Non spécifié,TRIPAFRO,goafricaonline.com,Tourisme & Hôtellerie,"vente, finance, rh, data analyse, logistique, gestion de projet",2,2.0,2.0
Assistant (e) Contrôle Permanent,Dakar,2024-12-18,2024-12-01,CDD,PATISEN,goafricaonline.com,Agriculture & Agroalimentaire,,Non spécifié,,
Chef de mission d’Audit,Dakar,2024-12-18,2024-12-01,CDD,PATISEN,goafricaonline.com,Agriculture & Agroalimentaire,finance,Non spécifié,,
Responsable d’Audit Interne,Dakar,2024-12-18,2024-12-01,CDD,PATISEN,goafricaonline.com,Agriculture & Agroalimentaire,finance,Non spécifié,,
"Advisor, Field Church Partnerships",Dakar,2024-12-18,2024-12-01,CDD,Wvi (World Vision International),goafricaonline.com,ONG & Humanitaire,,Non spécifié,,
Secrétaire Exécutif,Dakar,2024-12-18,2024-12-01,CDD,Codesria (Conseil Pour Le Developpement De La Recherche Economique Et Sociale En Afrique),goafricaonline.com,ONG & Humanitaire,,Non spécifié,,
Inclusive Market Development System Coordinator,Dakar,2024-12-18,2024-12-01,CDD,Wvi (World Vision International),goafricaonline.com,ONG & Humanitaire,gestion de projet,Non spécifié,,
"Resource Development & Management Advisor, Africa, VisionFund International",Dakar,2024-12-18,2024-12-01,CDD,Wvi (World Vision International),goafricaonline.com,ONG & Humanitaire,finance,Non spécifié,,
Charge(e) marketing digital,Non spécifié,2024-11-21,2024-11-01,Stage,Administrateur réseau,goafricaonline.com,Non spécifié,"marketing, vente, finance, programmation, communication, rh, gestion de projet",2,2.0,2.0
Responsable Commercial Freelance,Non spécifié,2024-11-13,2024-11-01,Freelance/Stage,Responsable marketing,goafricaonline.com,Non spécifié,"marketing, vente, finance, programmation, communication, rh, logistique, gestion de projet",7,7.0,7.0
Ingénieur maintenance des engins lourds,Thiès,,,CDD,DANGOTE INDUSTRIES SENEGAL,goafricaonline.com,BTP & Industrie,"vente, finance, communication, data analyse, rh, logistique, santé, gestion de projet",5,5.0,5.0
Analyste d’affaires,Dakar,2024-11-10,2024-11-01,CDD,Unhcr (Haut Commissariat Des Nations Unies Pour Les Refugies),goafricaonline.com,ONG & Humanitaire,programmation,Non spécifié,,
Spécialiste en gestion et analyse de données,Dakar,2024-11-10,2024-11-01,CDD,Unhcr (Haut Commissariat Des Nations Unies Pour Les Refugies),goafricaonline.com,ONG & Humanitaire,data analyse,Non spécifié,,
Opérateur Junior Pôle Station,Touba,2024-11-10,2024-11-01,CDD,JUMIA SENEGAL,goafricaonline.com,Commerce & Vente,"logistique, finance",Non spécifié,,
Agent HSE,Dakar,2024-11-10,2024-11-01,CDD,Lcs (Les Cableries Du Senegal),goafricaonline.com,BTP & Industrie,communication,Non spécifié,,
Contrôle de Gestion H/F,Dakar,2024-11-10,2024-11-01,CDD,CFAO MOTORS SENEGAL,goafricaonline.com,Transport & Logistique,"finance, data analyse",Non spécifié,,
Contrôleur de gestion,Dakar,2024-11-10,2024-11-01,CDD,AFRETY,goafricaonline.com,Transport & Logistique,"data analyse, gestion de projet",Non spécifié,,
Technicien Qualité,Dakar,2024-11-10,2024-11-01,CDD,Pmmsn (Philip Morris Manufacturing Senegal),goafricaonline.com,Commerce & Vente,gestion de projet,Non spécifié,,
Responsable de la maintenance,Pikine,,,CDD,Pmmsn (Philip Morris Manufacturing Senegal),goafricaonline.com,Commerce & Vente,"santé, vente",Non spécifié,,
Chef de Departement Premium et SRE,Dakar,2024-11-10,2024-11-01,CDI,Banque Islamique Du Senegal-Bis,goafricaonline.com,"Finance, Banque & Comptabilité",finance,Non spécifié,,
Chef de Departement GE & Institutionnels H/F,Dakar,2024-11-10,2024-11-01,CDI,Banque Islamique Du Senegal-Bis,goafricaonline.com,"Finance, Banque & Comptabilité",finance,Non spécifié,,
Assistante financière principale,Dakar,2024-11-10,2024-11-01,CDD,SOCIETE FINANCIERE INTERNATIONALE,goafricaonline.com,"Finance, Banque & Comptabilité","vente, finance, communication, programmation, data analyse, rh, gestion de projet",3,3.0,3.0
Talent Coordinator (H/F),Non spécifié,2024-11-10,2024-11-01,CDI,ERAMET,goafricaonline.com,BTP & Industrie,"rh, gestion de projet",Non spécifié,,
Chargé De Contenus,Thiès,2024-11-10,2024-11-01,CDD,ERAMET,goafricaonline.com,BTP & Industrie,communication,Non spécifié,,
Superviseur Transport,Thiès,2024-11-10,2024-11-01,CDD,DANGOTE INDUSTRIES SENEGAL,goafricaonline.com,BTP & Industrie,"vente, finance, communication, data analyse, rh, logistique, santé, gestion de projet",3,3.0,3.0
Spécialiste principal en développement social,Dakar,2024-11-10,2024-11-01,CDD,SOCIETE FINANCIERE INTERNATIONALE,goafricaonline.com,"Finance, Banque & Comptabilité","vente, finance, communication, programmation, data analyse, rh, gestion de projet",12,12.0,12.0
Responsable du développement durable,Dakar,2024-11-10,2024-11-01,CDD,Dp World (Dubai Port World),goafricaonline.com,Transport & Logistique,"vente, communication, finance, logistique, gestion de projet",5,5.0,5.0
Chargé de Clientèle Bilingue (Français-anglais),Dakar,2024-11-10,2024-11-01,Stage,Majorel Site Jambaar,goafricaonline.com,Marketing & Communication,communication,Non spécifié,,
Stagiaire en Ressources Humaines,Dakar,,,Stage,Majorel Site Jambaar,goafricaonline.com,Marketing & Communication,"communication, rh",Non spécifié,,
Stagiaires en Moyens Généraux,Dakar,2024-11-10,2024-11-01,Stage,Majorel Site Jambaar,goafricaonline.com,Marketing & Communication,"communication, santé, logistique",Non spécifié,,
Chargé de Comptabilité et Finance,Dakar,2024-11-10,2024-11-01,CDD,GLOBAL TALENT,goafricaonline.com,"Finance, Banque & Comptabilité","finance, rh",3,3.0,3.0
Responsable Logistique et Approvisionnement,Dakar,2024-11-10,2024-11-01,CDD,MINES ADVISORY GROUP,goafricaonline.com,ONG & Humanitaire,"communication, finance, data analyse, programmation, rh, logistique, gestion de projet",5,5.0,5.0
Dessinateur-projeteur H / F,Non spécifié,2024-11-10,2024-11-01,CDD,AFRI RH,goafricaonline.com,Non spécifié,gestion de projet,Non spécifié,,
Techniciens production alimentaire HACCP,Non spécifié,2024-11-10,2024-11-01,CDD,AFRI RH,goafricaonline.com,Non spécifié,,Non spécifié,,
Commerciaux Sédentaires Experts en Prise de RDV B to B,Dakar,2024-11-10,2024-11-01,CDD,PAUL & JOSE,goafricaonline.com,Marketing & Communication,"vente, marketing, communication",4,4.0,4.0
Téléconseillers experts en prise de rendez-vous B to B,Dakar,2024-11-10,2024-11-01,CDD,PAUL & JOSE,goafricaonline.com,Marketing & Communication,"vente, marketing, communication",4,4.0,4.0
Senior Environmental Engineer,Dakar,2024-11-10,2024-11-01,CDD,WORLD BANK GROUP,goafricaonline.com,ONG & Humanitaire,finance,Non spécifié,,
Data Management/Analyst Specialist,Dakar,2024-11-10,2024-11-01,CDD,Unhcr (Haut Commissariat Des Nations Unies Pour Les Refugies),goafricaonline.com,ONG & Humanitaire,,Non spécifié,,
Stagiaire Sourcing/Approvisionnements,Dakar,2024-11-10,2024-11-01,Stage,ALIMA,goafricaonline.com,Administration & Services publics,"communication, finance, data analyse, rh, santé, logistique, gestion de projet",5,5.0,5.0
Social and Behavior Change (GHSA) Technical Advisor,Dakar,2024-11-10,2024-11-01,CDD,Fhi 360 (Family Health International),goafricaonline.com,ONG & Humanitaire,communication,Non spécifié,,
Directeur du MEAL,Dakar,2024-11-10,2024-11-01,CDD,Fhi 360 (Family Health International),goafricaonline.com,ONG & Humanitaire,"communication, gestion de projet, vente",Non spécifié,,
Conseiller technique en intégration des personnes handicapées,Dakar,2024-11-10,2024-11-01,CDD,SIGHTSAVERS INTERNATIONAL,goafricaonline.com,ONG & Humanitaire,"gestion de projet, santé",Non spécifié,,
Assistant administratif junior,Dakar,2024-11-10,2024-11-01,CDD,RPORTH,goafricaonline.com,"Finance, Banque & Comptabilité",rh,Non spécifié,,
Technicien mécanicien,Dakar,2024-11-10,2024-11-01,CDD,DANGOTE INDUSTRIES SENEGAL,goafricaonline.com,BTP & Industrie,"vente, finance, communication, data analyse, rh, logistique, santé, gestion de projet",4,4.0,4.0
"Agent, Achats et chaîne d'approvisionnement",Dakar,2024-11-10,2024-11-01,CDD,Ficr (Federation Internationale Des Societes De La Croix-Rouge Et Du Croissant-Rouge),goafricaonline.com,ONG & Humanitaire,,Non spécifié,,
Assistant Formation,Dakar,2024-11-10,2024-11-01,CDD,GLOBAL BUSINESS GROUP - GBG,goafricaonline.com,"Finance, Banque & Comptabilité","vente, rh, logistique",Non spécifié,,
Technico-Commercial Fuel,Dakar,2024-11-10,2024-11-01,CDD,International Staffing Company (Isc),goafricaonline.com,"Finance, Banque & Comptabilité","vente, marketing",Non spécifié,,
Associé Impact et Formation,Thiès,2024-11-10,2024-11-01,CDD,SAMA MBEY,goafricaonline.com,ONG & Humanitaire,finance,Non spécifié,,
Professeur de mathématiques anglophone au secondaire (6e à 12e année),Dakar,2024-11-10,2024-11-01,CDD,IQRA BILINGUAL ACADEMY,goafricaonline.com,Education & Formation,"marketing, programmation, vente, communication, finance, santé, gestion de projet",2,2.0,2.0
Conseiller Clientèle Bilingue ( Anglais-Français),Dakar,2024-10-31,2024-10-01,CDD,MAJOREL,goafricaonline.com,Marketing & Communication,"communication, gestion de projet",Non spécifié,,
"Statisticien, supplémentation en vitamine A",Dakar,2024-10-29,2024-10-01,CDD,Helen Keller International (Bureau Regional),goafricaonline.com,Agriculture & Agroalimentaire,"visualisation de données, data analyse, santé",2,2.0,2.0
"Stagiaire Assistant(e) Administratif(ve), Financier(e) Et Logistique",Dakar,2024-10-29,2024-10-01,Stage,ASHIA GROUP,goafricaonline.com,Technologie & Informatique,"finance, logistique, gestion de projet",Non spécifié,,
Assistant(e) à la création de contenu anglophone,Dakar,2024-10-29,2024-10-01,Stage,DAKAR DIGITAL SERVICE,goafricaonline.com,Administration & Services publics,gestion de projet,Non spécifié,,
Responsable Marketing et Communication,Dakar,2024-10-29,2024-10-01,CDD,MON CHAUFFEUR SN,goafricaonline.com,Transport & Logistique,"vente, marketing, communication, logistique",Non spécifié,,
Chef de projet Digital Grid,Dakar,2024-10-29,2024-10-01,CDD,SCHNEIDER ELECTRIC SÉNÉGAL,goafricaonline.com,Commerce & Vente,"finance, gestion de projet",Non spécifié,,
Stagiaire juriste,Dakar,2024-10-21,2024-10-01,Stage,3MD ENERGY SARL,goafricaonline.com,Energie & Environnement,gestion de projet,Non spécifié,,
Technico Commercial Agricole,Dakar,2024-10-21,2024-10-01,CDD,Phoenix Consulting Group Sn,goafricaonline.com,RH & Recrutement,"vente, communication, gestion de projet",5,5.0,5.0
Spécialiste en Marketing Digital et Design,Dakar,2024-10-21,2024-10-01,CDD,GROUPE TALISO,goafricaonline.com,RH & Recrutement,"marketing, communication, gestion de projet",Non spécifié,,
03 Chauffeur(e)s / Conducteur(trice)s de bus de transport scolaire,Dakar,2024-10-21,2024-10-01,CDD,Comite International De La Croix Rouge,goafricaonline.com,Santé & Bien-être,"communication, finance, data analyse, santé, logistique, gestion de projet",5,5.0,5.0
03 Accompagnants / Convoyeur(se)s de bus scolaire,Dakar,2024-10-21,2024-10-01,CDD,Comite International De La Croix Rouge,goafricaonline.com,Santé & Bien-être,"communication, finance, data analyse, santé, logistique, gestion de projet",2-5,2.0,5.0
Pizzaiolo,Dakar,2024-10-21,2024-10-01,CDD,Le Ngor Timiss,goafricaonline.com,Tourisme & Hôtellerie,"gestion de projet, finance",10,10.0,10.0
Chef Cuisinier,Dakar,2024-10-21,2024-10-01,CDD,Le Ngor Timiss,goafricaonline.com,Tourisme & Hôtellerie,"gestion de projet, finance",10,10.0,10.0
Commerciaux,Dakar,2024-10-21,2024-10-01,CDD,VOIE LACTEE EVENTS,goafricaonline.com,Commerce & Vente,"finance, vente",Non spécifié,,
Digital Content and Community Officer,Dakar,2024-10-21,2024-10-01,CDD,Marie Stopes International Ong,goafricaonline.com,ONG & Humanitaire,,Non spécifié,,
Commercial Médical,Dakar,2024-10-18,2024-10-01,CDD,EMPLOI DAKAR,goafricaonline.com,RH & Recrutement,"vente, santé, logistique",5,5.0,5.0
Construction Project Manager,Dakar,2024-10-18,2024-10-01,CDD,EMPLOI DAKAR,goafricaonline.com,RH & Recrutement,gestion de projet,Non spécifié,,
Coordinateur de site/ BTP,Dakar,2024-10-18,2024-10-01,CDD,EMPLOI DAKAR,goafricaonline.com,RH & Recrutement,"communication, santé, logistique, gestion de projet",10,10.0,10.0
Executive Assistant-Bilingue,Dakar,2024-10-18,2024-10-01,CDD,EMPLOI DAKAR,goafricaonline.com,RH & Recrutement,"communication, gestion de projet",Non spécifié,,
Monteur Charpente Métallique,Dakar,2024-10-18,2024-10-01,CDD,EMPLOI DAKAR,goafricaonline.com,RH & Recrutement,non spécifié,2,2.0,2.0
Superviseur Charpente Métallique,Dakar,2024-10-18,2024-10-01,CDD,EMPLOI DAKAR,goafricaonline.com,RH & Recrutement,,3,3.0,3.0
IT Assistant Bilingue,Dakar,2024-10-18,2024-10-01,CDD,EMPLOI DAKAR,goafricaonline.com,RH & Recrutement,finance,3,3.0,3.0
Ingénieur de base de données,Dakar,2024-10-18,2024-10-01,CDD,BAOBAB SENEGAL,goafricaonline.com,"Finance, Banque & Comptabilité",,Non spécifié,,
Chef d’atelier,Dakar,2024-10-18,2024-10-01,CDD,BIA DAKAR,goafricaonline.com,BTP & Industrie,"vente, communication, finance, data analyse, programmation, logistique, gestion de projet",5-7,5.0,7.0
Agent d’Inventaire de Stock a Mbour,Dakar,2024-10-18,2024-10-01,CDD,WIIJOB,goafricaonline.com,RH & Recrutement,"logistique, communication",2,2.0,2.0
Nous recrutons !!!,Non spécifié,2024-10-17,2024-10-01,CDD/Stage/Alternance/Freelance,Développeur web,goafricaonline.com,Non spécifié,,Non spécifié,,
Database and Data Analysis Assistant,Dakar,2024-10-11,2024-10-01,CDD,Organisation Internationnale Pour Les Migrations (Oim),goafricaonline.com,ONG & Humanitaire,"data analyse, gestion de projet",Non spécifié,,
Responsable des finances nationales,Dakar,2024-10-11,2024-10-01,CDD,Organisation Internationnale Pour Les Migrations (Oim),goafricaonline.com,ONG & Humanitaire,"finance, data analyse, gestion de projet",Non spécifié,,
Programme Assistant GS 5,Dakar,2024-10-11,2024-10-01,CDD,Fonds Des Nations Unies Pour L'Enfance - Unicef,goafricaonline.com,ONG & Humanitaire,"communication, santé",Non spécifié,,
Directeur commercial,Dakar,2024-10-11,2024-10-01,CDI,RMO,goafricaonline.com,RH & Recrutement,"communication, rh, gestion de projet",Non spécifié,,
Directeur des SI,Dakar,2024-10-11,2024-10-01,CDI,RMO,goafricaonline.com,RH & Recrutement,"communication, gestion de projet",Non spécifié,,
Project Manager Sénior,Dakar,2024-10-11,2024-10-01,CDD,RMO,goafricaonline.com,RH & Recrutement,"communication, gestion de projet",Non spécifié,,
Responsable RH,Dakar,2024-10-11,2024-10-01,CDD,RMO,goafricaonline.com,RH & Recrutement,"rh, gestion de projet",Non spécifié,,
Superviseur Audit Interne,Dakar,2024-10-07,2024-10-01,CDD,EMPLOI DAKAR,goafricaonline.com,RH & Recrutement,"finance, vente, communication, data analyse, logistique, gestion de projet",2,2.0,2.0
Chauffeur,Dakar,2024-10-07,2024-10-01,CDD,EMPLOI DAKAR,goafricaonline.com,RH & Recrutement,"finance, vente, communication, data analyse, logistique, gestion de projet",2,2.0,2.0
Associate Child Protection Officer,Dakar,2024-10-07,2024-10-01,CDD,EMPLOI DAKAR,goafricaonline.com,RH & Recrutement,"finance, vente, communication, data analyse, logistique, gestion de projet",2,2.0,2.0
Agents Commerciaux,Dakar,2024-10-07,2024-10-01,CDD,EMPLOI DAKAR,goafricaonline.com,RH & Recrutement,vente,Non spécifié,,
Sales Executif,Dakar,2024-10-07,2024-10-01,CDD,EMPLOI DAKAR,goafricaonline.com,RH & Recrutement,"marketing, vente, finance, communication, data analyse, logistique, gestion de projet",4,4.0,4.0
Data Analyst,Dakar,2024-10-07,2024-10-01,CDI,BAOBAB SENEGAL,goafricaonline.com,"Finance, Banque & Comptabilité","finance, data analyse, visualisation de données",Non spécifié,,
"Coordinateur(trice) Suivi, Évaluation et Apprentissage",Dakar,2024-10-07,2024-10-01,CDD,Right to Play Sénégal,goafricaonline.com,ONG & Humanitaire,"finance, santé",Non spécifié,,
Conseiller Client Francophone,Dakar,2024-10-07,2024-10-01,Non spécifié,Webhelp Sénégal,goafricaonline.com,Marketing & Communication,"communication, santé",Non spécifié,,
Technicien de Maintenance,Dakar,,,CDD,TECTRA SENEGAL,goafricaonline.com,RH & Recrutement,,Non spécifié,,
Assistante Administrative et Comptable,Dakar,2024-10-07,2024-10-01,CDI,EMPLOISENEGAL,goafricaonline.com,RH & Recrutement,finance,2,2.0,2.0
Consultant / Consultante Lead,Dakar,2024-10-07,2024-10-01,CDD,TECTRA SENEGAL,goafricaonline.com,RH & Recrutement,"data analyse, gestion de projet",Non spécifié,,
Chef de Chantier - Fatick,Dakar,2024-10-07,2024-10-01,CDI,TECTRA SENEGAL,goafricaonline.com,RH & Recrutement,,Non spécifié,,
Pilote Production B2B,Dakar,2024-09-30,2024-09-01,CDD,Gbg (Global Business Group),goafricaonline.com,"Finance, Banque & Comptabilité",data analyse,Non spécifié,,
Inspecteur commercial gaz,Dakar,2024-09-30,2024-09-01,CDI,TOTAL ENERGIE,goafricaonline.com,Energie & Environnement,"vente, communication, finance, data analyse, rh, logistique, gestion de projet",5,5.0,5.0
Agents Service Client,Dakar,2024-09-30,2024-09-01,CDD,YASSIR SENEGAL,goafricaonline.com,Transport & Logistique,"programmation, vente, communication, finance, data analyse, rh, logistique, santé, gestion de projet",2,2.0,2.0
Comptable,Dakar,2024-09-30,2024-09-01,CDD,EXPRESSO SENEGAL,goafricaonline.com,Marketing & Communication,"vente, communication, rh",2-3,2.0,3.0
Human Resources Administrator,Dakar,2024-09-30,2024-09-01,Non spécifié,HASKE,goafricaonline.com,"Finance, Banque & Comptabilité","marketing, finance, programmation, communication, data analyse, rh, logistique, gestion de projet",2,2.0,2.0
Comptable Fiscaliste H/F,Diogo,2024-09-30,2024-09-01,CDI,ERAMET,goafricaonline.com,BTP & Industrie,finance,Non spécifié,,
"Ingénieur de projet spécialisé en plomberie, climatisation et VMC",Non spécifié,2024-09-30,2024-09-01,CDD,AMD CORPORATE,goafricaonline.com,Non spécifié,gestion de projet,1-3,1.0,3.0
"Consultante (gouvernance), Fonds pour les résultats en éducation",Dakar,2024-09-30,2024-09-01,CDD,Fonds Des Nations Unies Pour L'Enfance - Unicef,goafricaonline.com,ONG & Humanitaire,finance,Non spécifié,,
Chauffeur Enjambeur,Dakar,2024-09-30,2024-09-01,CDD,GPF SARL,goafricaonline.com,"Finance, Banque & Comptabilité",data analyse,Non spécifié,,
Electromécanicien,Dakar,2024-09-24,2024-09-01,CDD,VCJN RECRUT,goafricaonline.com,RH & Recrutement,logistique,Non spécifié,,
Manager,Dakar,2024-09-24,2024-09-01,CDD,Phoenix Consulting Group Sn,goafricaonline.com,RH & Recrutement,finance,4-5,4.0,5.0
Administrateur chargé de vaccination,Dakar,2024-09-24,2024-09-01,CDD,Fonds Des Nations Unies Pour L'Enfance - Unicef,goafricaonline.com,ONG & Humanitaire,"logistique, programmation",Non spécifié,,
Commercial,Dakar,2024-09-24,2024-09-01,CDD,WEBTEL,goafricaonline.com,Marketing & Communication,"vente, marketing, communication",Non spécifié,,
Ingénieur Technico-Commercial,Dakar,2024-09-24,2024-09-01,CDD,GAEL CONSEIL,goafricaonline.com,Technologie & Informatique,"vente, programmation, communication, data analyse, gestion de projet",5,5.0,5.0
Commercial indépendant,Dakar,2024-09-24,2024-09-01,Non spécifié,GoaMobile,goafricaonline.com,Marketing & Communication,"marketing, communication",Non spécifié,,
Chargé Ressources Humaines,Dakar,,,CDD,INTERNATIONAL STAFFING COMPANY,goafricaonline.com,RH & Recrutement,rh,Non spécifié,,
Commerciaux Expérimentés en Emission d’appels PS,Dakar,2024-09-24,2024-09-01,CDD/CDI,INTELCIA,goafricaonline.com,Marketing & Communication,"vente, communication, gestion de projet",Non spécifié,,
Responsable construction et exploitation minière,Dakar,2024-09-24,2024-09-01,CDD,ENERGIA,goafricaonline.com,RH & Recrutement,gestion de projet,10,10.0,10.0
Business Developer ICT International,Dakar,2024-09-16,2024-09-01,CDD,Gbg (Global Business Group),goafricaonline.com,"Finance, Banque & Comptabilité",vente,Non spécifié,,
Apporteurs / Chargés d’affaires,Dakar,2024-09-16,2024-09-01,CDD,Cabinet E-RH Consulting,goafricaonline.com,RH & Recrutement,"marketing, vente, communication, finance, programmation, rh",3-5,3.0,5.0
Responsable du service pilotage des outils RH,Dakar,2024-09-16,2024-09-01,CDD,ALIMA,goafricaonline.com,Administration & Services publics,"communication, programmation, data analyse, rh, santé, logistique, gestion de projet",5,5.0,5.0
Offre d'emploi,Dakar,2024-09-12,2024-09-01,CDD,SOFICOPHARM EGYPT,goafricaonline.com,Santé & Bien-être,"vente, communication, gestion de projet",5,5.0,5.0
03 Ingénieurs Intégration Juniors,Dakar,2024-09-09,2024-09-01,CDI,GIM-UEMOA,goafricaonline.com,"Finance, Banque & Comptabilité",gestion de projet,Non spécifié,,
Assistant (e) de Programme,Dakar,2024-09-09,2024-09-01,CDD,Fonds Des Nations Unies Pour L'Enfance - Unicef,goafricaonline.com,ONG & Humanitaire,,Non spécifié,,
Commercial(e),Dakar,2024-09-09,2024-09-01,CDD,ARRAWTECH,goafricaonline.com,BTP & Industrie,"vente, marketing, communication",Non spécifié,,
Référent(e) Médical(e) Service des Urgences et Ouvertures – Bilingue,Dakar,2024-09-03,2024-09-01,CDD,ALIMA,goafricaonline.com,Administration & Services publics,"finance, data analyse, rh, santé, logistique, gestion de projet",3,3.0,3.0
Comptable Projet,Dakar,2024-09-03,2024-09-01,CDI,La Laiterie Du Berger,goafricaonline.com,Agriculture & Agroalimentaire,"gestion de projet, finance",Non spécifié,,
Protection de l'enfance en situation d'urgence,Dakar,2024-09-03,2024-09-01,CDD,Fonds Des Nations Unies Pour L'Enfance - Unicef,goafricaonline.com,ONG & Humanitaire,programmation,Non spécifié,,
Spécialiste en prévention et contrôle des infections (IPC) - WASH,Dakar,2024-09-03,2024-09-01,CDD,Fonds Des Nations Unies Pour L'Enfance - Unicef,goafricaonline.com,ONG & Humanitaire,"santé, programmation",Non spécifié,,
Caissier(e),Dakar,2024-09-02,2024-09-01,CDD,GPF SARL,goafricaonline.com,RH & Recrutement,finance,3,3.0,3.0
Coursier / Chauffeur,Dakar,2024-09-02,2024-09-01,Stage,GRAZEINA TECHNOLOGIES,goafricaonline.com,Sécurité,"marketing, vente, communication, rh, logistique",2,2.0,2.0
Spécialiste en Agriculture,Dakar,2024-08-27,2024-08-01,CDD,Ambassade Des Etats Unis D'Amerique,goafricaonline.com,Administration & Services publics,"marketing, vente",Non spécifié,,
Superviseur,Dakar,2024-08-22,2024-08-01,CDD,Trivium Center,goafricaonline.com,Marketing & Communication,"vente, communication, gestion de projet",Non spécifié,,
Superviseurs(euses) en Nutrition,Dakar,2024-08-22,2024-08-01,CDD,Helen Keller International (Bureau Regional),goafricaonline.com,Agriculture & Agroalimentaire,,Non spécifié,,
05 Opérateurs BCC – BRC – BCD,Dakar,2024-08-22,2024-08-01,CDI,Senelec (Societe Nationale D'Electricite),goafricaonline.com,Energie & Environnement,communication,Non spécifié,,
02 Chefs de postes,Dakar,2024-08-22,2024-08-01,CDI,Senelec (Societe Nationale D'Electricite),goafricaonline.com,Energie & Environnement,logistique,2,2.0,2.0
Technicien Supérieur en Informatique,Dakar,2024-08-22,2024-08-01,CDD,ARCHENIS Sarl,goafricaonline.com,Marketing & Communication,,Non spécifié,,
Assistant de direction,Dakar,2024-08-22,2024-08-01,CDD,LA CASAMANCAISE,goafricaonline.com,Agriculture & Agroalimentaire,"marketing, vente, finance, communication, programmation, data analyse, gestion de projet",3,3.0,3.0
Superviseur rh chantier,Non spécifié,2024-08-21,2024-08-01,CDD,Spécialiste des ressources humaines,goafricaonline.com,Non spécifié,"rh, santé, gestion de projet",2,2.0,2.0
Technicien Mercedes,Dakar,2024-08-21,2024-08-01,CDD,CFAO Sénégal,goafricaonline.com,Commerce & Vente,"marketing, vente, finance, programmation, rh, logistique, gestion de projet",10,10.0,10.0
Superviseur,Dakar,2024-08-21,2024-08-01,CDD,STA SENEGAL,goafricaonline.com,Agriculture & Agroalimentaire,"marketing, vente, finance, communication, data analyse, programmation, rh, santé, gestion de projet",5,5.0,5.0
Manutentionnaire en Entrepôt,Dakar,2024-08-21,2024-08-01,CDD,CARRIERE 360,goafricaonline.com,RH & Recrutement,,Non spécifié,,
Téléconseiller,Dakar,2024-08-21,2024-08-01,CDD,RESELFORM DAKAR,goafricaonline.com,Transport & Logistique,vente,2,2.0,2.0
Comptable Projet,Dakar,2024-08-21,2024-08-01,CDI,LAITERIE DU BERGER,goafricaonline.com,Agriculture & Agroalimentaire,"gestion de projet, finance",Non spécifié,,
Officier professionnel national,Dakar,2024-08-13,2024-08-01,CDD,"Unesco (Organisation Des Nations Unies Pour L'Education, La Science Et La Culture)",goafricaonline.com,"Finance, Banque & Comptabilité","finance, rh, gestion de projet",Non spécifié,,
Maçon,Dakar,2024-08-13,2024-08-01,Stage,AGROPONIC,goafricaonline.com,Agriculture & Agroalimentaire,"vente, programmation, logistique, gestion de projet",5,5.0,5.0
Enseignants / Spécialistes,Dakar,2024-08-13,2024-08-01,CDD,IQRA BILANGUAL ACADEMY,goafricaonline.com,Education & Formation,"communication, finance, gestion de projet",Non spécifié,,
Administrateurs,Dakar,2024-08-13,2024-08-01,CDD,IQRA BILANGUAL ACADEMY,goafricaonline.com,Education & Formation,"communication, finance, gestion de projet",Non spécifié,,
Contrôleur des Coûts,Dakar,2024-08-13,2024-08-01,CDD,GPF SARL,goafricaonline.com,RH & Recrutement,"vente, finance",2,2.0,2.0
Social media manager (SMM),Dakar,2024-08-12,2024-08-01,CDD,URBAN CARS SENEGAL,goafricaonline.com,Transport & Logistique,"marketing, communication, data analyse, logistique",10,10.0,10.0
Conseille (ère) en renforcement des capacités / conformité aux subventions,Dakar,2024-08-12,2024-08-01,CDD,WORLD VISION SENEGAL,goafricaonline.com,ONG & Humanitaire,"rh, gestion de projet",Non spécifié,,
Formateur en informatique,Dakar,2024-08-12,2024-08-01,CDD,Niit Dakar (National Institute Of Information Technology),goafricaonline.com,Education & Formation,"finance, programmation, vente, communication, data analyse, rh, marketing, santé, logistique, gestion de projet",3,3.0,3.0
Chargée de Support Commercial B2B (F),Dakar,2024-08-12,2024-08-01,CDD,CHEMTRA GROUP,goafricaonline.com,BTP & Industrie,"vente, logistique, gestion de projet",Non spécifié,,
Superviseur peintre,Dakar,2024-07-26,2024-07-01,CDD,RPORTH,goafricaonline.com,"Finance, Banque & Comptabilité",,Non spécifié,,
Chief mechanic (taxi fleet),Dakar,2024-07-26,2024-07-01,CDD,YANGO SENEGAL,goafricaonline.com,Transport & Logistique,"vente, marketing, communication, logistique",Non spécifié,,
Spécialiste de l’Apprentissage et du Renforcement de Capacité,Dakar,2024-07-26,2024-07-01,CDD,MSI REPRODUCTIVE CHOICES,goafricaonline.com,ONG & Humanitaire,gestion de projet,Non spécifié,,
Chef de Service Achats et Logistique,Dakar,2024-07-26,2024-07-01,CDI,3MD ENERGY SARL,goafricaonline.com,Energie & Environnement,"vente, logistique",Non spécifié,,
Enquêteur,Dakar,2024-07-26,2024-07-01,CDD,TOPWORK SENEGAL,goafricaonline.com,RH & Recrutement,communication,Non spécifié,,
Mecanicien professionnel,Dakar,2024-07-26,2024-07-01,CDD,URBAN CARS SENEGAL,goafricaonline.com,Transport & Logistique,"marketing, communication, data analyse, logistique",10,10.0,10.0
Caissier,Dakar,2024-07-25,2024-07-01,Intérim,ELITE RH,goafricaonline.com,RH & Recrutement,"vente, finance, communication",Non spécifié,,
Electricien,Thiès,2024-07-25,2024-07-01,Intérim,ELITE RH,goafricaonline.com,RH & Recrutement,,Non spécifié,,
Monteur,Dakar,2024-07-25,2024-07-01,Intérim,ELITE RH,goafricaonline.com,RH & Recrutement,rh,Non spécifié,,
Coiffeuse Spécialisée dans les Locks et Cheveux Afro,Dakar,2024-07-25,2024-07-01,CDD,LOCKS DAKAR,goafricaonline.com,Santé & Bien-être,,Non spécifié,,
Expert Infrastructures,Dakar,2024-07-24,2024-07-01,CDD,INTERNATIONAL STAFFING COMPANY,goafricaonline.com,RH & Recrutement,"finance, logistique, gestion de projet",Non spécifié,,
Responsable des affaires publiques,Dakar,2024-07-24,2024-07-01,CDD,WAVE,goafricaonline.com,"Finance, Banque & Comptabilité",finance,Non spécifié,,
Spécialiste en Renforcement des Capacités Institutionnelles – Production de Riz,Dakar,2024-07-24,2024-07-01,CDD,MEDA SENEGAL,goafricaonline.com,ONG & Humanitaire,"finance, vente, programmation",5,5.0,5.0
Chargé de conformité,Dakar,2024-07-24,2024-07-01,CDD,BAOBAB SENEGAL,goafricaonline.com,"Finance, Banque & Comptabilité",finance,Non spécifié,,
Analyste de données principal,Dakar,2024-07-24,2024-07-01,CDD,BAOBAB SENEGAL,goafricaonline.com,"Finance, Banque & Comptabilité","data analyse, santé",Non spécifié,,
"Commercial spécialisé en Ventes, Études Médias et Outils de Mesure",Dakar,2024-07-24,2024-07-01,CDD,LANIA KEY,goafricaonline.com,"Finance, Banque & Comptabilité","vente, marketing, communication, data analyse",Non spécifié,,
Chauffeur VTC (Yango Pro),Dakar,2024-07-24,2024-07-01,CDD,URBAN CARS SENEGAL,goafricaonline.com,Transport & Logistique,"marketing, communication, data analyse, logistique",10,10.0,10.0
Recrutement,Non spécifié,2024-07-23,2024-07-01,CDD/CDI/Stage,Ingénieur des services du bâtiment,goafricaonline.com,Non spécifié,"communication, programmation, rh, santé, logistique, gestion de projet",2,2.0,2.0
Assistant exécutif,Dakar,2024-07-22,2024-07-01,CDD,WORLD VISION SENEGAL,goafricaonline.com,ONG & Humanitaire,gestion de projet,Non spécifié,,
Représentant du Sénégal,Dakar,2024-07-22,2024-07-01,CDD,Onudi (Organisation Des Nation Unies Pour Le Developpemment Industriel),goafricaonline.com,ONG & Humanitaire,,Non spécifié,,
Ingénieur en chef des mines / Surintendant de la planification minière,Dakar,2024-07-22,2024-07-01,CDI,GPF SARL,goafricaonline.com,"Finance, Banque & Comptabilité","finance, santé, vente",Non spécifié,,
Conseiller(e) en Ressources Humaines (H/F),Dakar,,,CDD,MINES ADVISORY GROUP,goafricaonline.com,ONG & Humanitaire,rh,Non spécifié,,
Security Engineer,Dakar,2024-07-18,2024-07-01,CDD,BAOBAB SENEGAL,goafricaonline.com,"Finance, Banque & Comptabilité",,Non spécifié,,
RPA Engineer,Dakar,2024-07-18,2024-07-01,CDD,BAOBAB SENEGAL,goafricaonline.com,"Finance, Banque & Comptabilité",,Non spécifié,,
Coach agile,Dakar,2024-07-18,2024-07-01,CDD,BAOBAB SENEGAL,goafricaonline.com,"Finance, Banque & Comptabilité",,Non spécifié,,
Réceptionniste hôtellerie,Dakar,2024-07-18,2024-07-01,CDI,HOTEL L'ADRESSE DAKAR,goafricaonline.com,Tourisme & Hôtellerie,communication,Non spécifié,,
Stage académique ou scolaire,Dakar,2024-07-18,2024-07-01,Stage,GRAZEINA TECHNOLOGIES,goafricaonline.com,Technologie & Informatique,"marketing, vente",Non spécifié,,
Aide comptable,Dakar,2024-07-18,2024-07-01,CDD,RPORTH,goafricaonline.com,"Finance, Banque & Comptabilité","finance, rh",2-4,2.0,4.0
Responsable du suivi évaluation,Dakar,2024-07-17,2024-07-01,CDD,Cradesc (Centre De Recherche Et D'Action Sur Les Droits Economique Sociaux Et Culturels),goafricaonline.com,ONG & Humanitaire,"communication, data analyse, gestion de projet",4,4.0,4.0
Expert(e) Gestion des finances publiques,Dakar,2024-07-17,2024-07-01,CDD,LUX-DEVELOPMENT - LUXDEV,goafricaonline.com,Administration & Services publics,"finance, gestion de projet",Non spécifié,,
Directeur technique,Dakar,2024-07-17,2024-07-01,CDD,BIRDLIFE INTERNATIONAL,goafricaonline.com,ONG & Humanitaire,finance,Non spécifié,,
Agent de maintenance fibre optique,Dakar,,,CDD,Gbg (Global Business Group),goafricaonline.com,"Finance, Banque & Comptabilité","data analyse, santé, logistique",Non spécifié,,
Agent commercial terrain,Dakar,2024-07-11,2024-07-01,CDD,TOUBA OIL SA,goafricaonline.com,Energie & Environnement,"vente, marketing, communication",2,2.0,2.0
Agent Commercial,Dakar,2024-07-11,2024-07-01,CDD,CONNECT' INTERIM,goafricaonline.com,RH & Recrutement,"marketing, vente, finance, communication, data analyse, programmation, rh, santé, gestion de projet",3,3.0,3.0
Gestionnaire – Impact gouvernemental et social,Dakar,2024-07-11,2024-07-01,CDD,MSC (MICROSAVE CONSULTING),goafricaonline.com,"Finance, Banque & Comptabilité","finance, santé",Non spécifié,,
Chargé paie,Dakar,2024-07-11,2024-07-01,CDD,DANGOTE INDUSTRIES SENEGAL,goafricaonline.com,BTP & Industrie,"vente, finance, communication, data analyse, rh, logistique, santé, gestion de projet",2,2.0,2.0
Auditeur analyste,Dakar,2024-07-11,2024-07-01,CDD,DANGOTE INDUSTRIES SENEGAL,goafricaonline.com,BTP & Industrie,"vente, finance, communication, data analyse, rh, logistique, santé, gestion de projet",2,2.0,2.0
Regional asset manager,Dakar,2024-07-11,2024-07-01,CDD,ENERGIA,goafricaonline.com,RH & Recrutement,"gestion de projet, santé",Non spécifié,,
Assistant technique,Non spécifié,2024-07-04,2024-07-01,CDD,SODECA La casamancaise,goafricaonline.com,BTP & Industrie,"marketing, vente, programmation, gestion de projet",3,3.0,3.0
Comptable projet,Dakar,2024-07-04,2024-07-01,CDD,CABINET PROFIL,goafricaonline.com,RH & Recrutement,"marketing, vente, finance, communication, data analyse, programmation, rh, santé, gestion de projet",7,7.0,7.0
Agent Logistique,Dakar,2024-07-04,2024-07-01,CDD,Sentrak Logistics S.A.,goafricaonline.com,Transport & Logistique,"finance, communication, data analyse, rh, logistique, santé, gestion de projet",2,2.0,2.0
Agent Shipping / Husbandry,Dakar,2024-07-04,2024-07-01,CDD,Sentrak Logistics S.A.,goafricaonline.com,Transport & Logistique,"finance, communication, data analyse, rh, logistique, santé, gestion de projet",2,2.0,2.0
Comptable junior,Non spécifié,2024-07-04,2024-07-01,CDD,ENERGIA,goafricaonline.com,RH & Recrutement,finance,Non spécifié,,
Assistante de Direction Polyvalente,Non spécifié,2024-07-04,2024-07-01,CDD,Le Show Room De Kankan,goafricaonline.com,BTP & Industrie,"gestion de projet, finance, marketing",Non spécifié,,
Responsable des achats,Dakar,2024-07-02,2024-07-01,CDD,ONG RAES,goafricaonline.com,ONG & Humanitaire,gestion de projet,Non spécifié,,
Secrétaire Comptable Régional _ P2P2RS,Diamniadio,2024-07-01,2024-07-01,CDD,Ministere De L'Agriculture De La Souverainete Alimentaire Et De L'Elevage,goafricaonline.com,Administration & Services publics,"finance, logistique, gestion de projet",Non spécifié,,
Comptable _ P2P2RS,Diamniadio,2024-07-01,2024-07-01,CDD,Ministere De L'Agriculture De La Souverainete Alimentaire Et De L'Elevage,goafricaonline.com,Administration & Services publics,"finance, gestion de projet",5,5.0,5.0
(03) Agents d’appui au Programme de Vaccination,Dakar,2024-07-01,2024-07-01,CDD,Oms (Organisation Mondiale De La Sante),goafricaonline.com,Administration & Services publics,santé,Non spécifié,,
Agents Formateurs VE,Thiès,2024-07-01,2024-07-01,CDD,SAMA MBEY,goafricaonline.com,ONG & Humanitaire,"vente, finance, santé",Non spécifié,,
Assistant Chef d’antenne _ P2P2RS,Diamniadio,2024-07-01,2024-07-01,CDD,Ministere De L'Agriculture De La Souverainete Alimentaire Et De L'Elevage,goafricaonline.com,Administration & Services publics,"vente, finance, gestion de projet",5,5.0,5.0
Chef de Projet_ P2P2RS,Diamniadio,2024-07-01,2024-07-01,CDD,Ministere De L'Agriculture De La Souverainete Alimentaire Et De L'Elevage,goafricaonline.com,Administration & Services publics,gestion de projet,5,5.0,5.0
Chef d’Antenne _ P2P2RS,Diamniadio,2024-07-01,2024-07-01,CDD,Ministere De L'Agriculture De La Souverainete Alimentaire Et De L'Elevage,goafricaonline.com,Administration & Services publics,gestion de projet,Non spécifié,,
Chargé de suivi et d'évaluation,Diamniadio,2024-07-01,2024-07-01,CDD,Pam (Programme Alimentaire Mondial),goafricaonline.com,ONG & Humanitaire,marketing,Non spécifié,,
"Assistante RH Senior, Formation et Développement",Dakar,2024-07-01,2024-07-01,CDD,BANQUE MONDIALE,goafricaonline.com,ONG & Humanitaire,"finance, rh, gestion de projet",Non spécifié,,
Maître d’hôtel (h/f),Dakar,2024-07-01,2024-07-01,CDD,Phoenix Consulting Group Sn,goafricaonline.com,RH & Recrutement,,5,5.0,5.0
Directeur Commercial,Dakar,2024-07-01,2024-07-01,CDD,GRAVUPUB,goafricaonline.com,Marketing & Communication,"communication, vente",Non spécifié,,
Chef comptable,Dakar,2024-07-01,2024-07-01,CDI,BAOBAB SENEGAL,goafricaonline.com,"Finance, Banque & Comptabilité",finance,Non spécifié,,
Responsable comptable,Dakar,2024-07-01,2024-07-01,CDD,ENERGIA,goafricaonline.com,RH & Recrutement,"finance, logistique",10,10.0,10.0
Commis comptable,Dakar,2024-07-01,2024-07-01,CDD,ENERGIA,goafricaonline.com,RH & Recrutement,"logistique, finance",4,4.0,4.0
Technicien de Maintenance Matériel Roulant et Chariot,Ziguinchor,,,CDD,SODECA La casamancaise,goafricaonline.com,BTP & Industrie,"marketing, vente, programmation, gestion de projet",3,3.0,3.0
(02) Directeur des Ventes,Dakar,2024-07-01,2024-07-01,CDD,OLAM SENEGAL,goafricaonline.com,Agriculture & Agroalimentaire,"marketing, vente, finance, communication, data analyse, programmation, rh, santé, gestion de projet",5,5.0,5.0
Spécialiste Principal de Suivi & Évaluation,Dakar,2024-07-01,2024-07-01,CDD,ENCOMPASS LLC,goafricaonline.com,"Finance, Banque & Comptabilité",,Non spécifié,,
Spécialiste en partenariat public-privé,Dakar,2024-07-01,2024-07-01,CDD,ENCOMPASS LLC,goafricaonline.com,"Finance, Banque & Comptabilité",,Non spécifié,,
Spécialiste Nationale en Santé,Dakar,2024-07-01,2024-07-01,CDD,ENCOMPASS LLC,goafricaonline.com,"Finance, Banque & Comptabilité",santé,Non spécifié,,
Spécialiste en Politiques Agricoles,Dakar,2024-07-01,2024-07-01,CDD,ENCOMPASS LLC,goafricaonline.com,"Finance, Banque & Comptabilité",,Non spécifié,,
10 Infirmiers,Dakar,2024-07-01,2024-07-01,CDD,Phoenix Consulting Group Sn,goafricaonline.com,RH & Recrutement,"communication, santé",Non spécifié,,
Assitante de Direction (en stage),Dakar,2024-07-01,2024-07-01,Stage,MERCATIK,goafricaonline.com,Technologie & Informatique,"vente, marketing, communication",Non spécifié,,
Spécialiste du support technique,Dakar,2024-07-01,2024-07-01,CDD,YANGO SENEGAL,goafricaonline.com,Transport & Logistique,"vente, marketing, communication, logistique",Non spécifié,,
Responsable RH,Dakar,2024-07-01,2024-07-01,CDD,CABINET PROFIL,goafricaonline.com,RH & Recrutement,"marketing, vente, finance, communication, data analyse, programmation, rh, santé, gestion de projet",3,3.0,3.0
Analyste Risques,Non spécifié,2024-07-01,2024-07-01,CDD,AMD CORPORATE,goafricaonline.com,Non spécifié,finance,2,2.0,2.0
Prospecteur(-rice) Téléphonique / Téléprospecteur(-rice) / Télévendeur(-euse) stagiaire,Dakar,2024-07-01,2024-07-01,Stage,MELAX IMPORT EXPORT,goafricaonline.com,import et export,"marketing, vente, communication, data analyse, rh, gestion de projet",Non spécifié,,
Responsable experience client,Dakar,2024-07-01,2024-07-01,CDD,JIWALL,goafricaonline.com,BTP & Industrie,gestion de projet,Non spécifié,,
